,Etching_Chamber,Process 3,Temp_Etching,Source_Power,Selectivity,No_Die,Lot_Num,Wafer_Num,Datetime,Thin Film 4,Thin Film 3,Thin Film 2,Thin Film 1
0,3,Etching,70.878,50.851,1.047,NOLSM111,1,1,17-02-2019 PM 9:04:30,251.0,267.06,303.82,361.38
1,2,Etching,69.561,52.283,1.051,NOLSM212,1,2,17-02-2019 PM 9:04:30,317.0,332.74,369.31,426.11
2,1,Etching,70.968,51.61,1.017,NOLSM313,1,3,17-02-2019 PM 9:04:30,411.0,424.21,460.65,517.8
3,1,Etching,70.146,51.286,1.027,NOLSM414,1,4,17-02-2019 PM 9:04:30,256.0,272.28,308.55999999999995,365.92999999999995
4,2,Etching,71.174,51.996,1.05,NOLSM515,1,5,17-02-2019 PM 9:04:30,419.0,434.98,471.65000000000003,528.85
5,3,Etching,71.709,51.931,1.012,NOLSM616,1,6,17-02-2019 PM 9:04:30,359.0,372.23,408.67,465.74
6,2,Etching,71.354,51.446,1.034,NOLSM717,1,7,17-02-2019 PM 9:04:30,151.0,164.89,201.67999999999998,258.67999999999995
7,1,Etching,70.761,51.053,1.022,NOLSM818,1,8,17-02-2019 PM 9:04:30,316.0,331.21,367.74,425.11
8,1,Etching,71.716,51.209,1.039,NOLSM919,1,9,17-02-2019 PM 9:04:30,294.0,308.25,344.79,401.96000000000004
9,2,Etching,69.948,50.944,1.024,NOLSM10110,1,10,17-02-2019 PM 9:04:30,466.0,482.03,518.4599999999999,575.4899999999999
10,3,Etching,70.61,51.473,1.048,NOLSM11111,1,11,17-02-2019 PM 9:04:30,223.0,236.93,273.6,330.48
11,3,Etching,71.067,51.129,1.043,NOLSM12112,1,12,17-02-2019 PM 9:04:30,562.0,575.77,612.41,669.7099999999999
12,2,Etching,69.934,51.099,1.023,NOLSM13113,1,13,17-02-2019 PM 9:04:30,416.0,431.97,468.52000000000004,525.8000000000001
13,1,Etching,72.593,50.252,1.024,NOLSM14114,1,14,17-02-2019 PM 9:04:30,365.0,379.84,416.58,473.90999999999997
14,1,Etching,71.754,52.645,1.038,NOLSM15115,1,15,17-02-2019 PM 9:04:30,556.0,572.19,608.5200000000001,665.96
15,2,Etching,71.441,51.015,1.027,NOLSM16116,1,16,17-02-2019 PM 9:04:30,447.0,461.9,498.53999999999996,555.86
16,3,Etching,71.163,50.547,1.009,NOLSM17117,1,17,17-02-2019 PM 9:04:30,248.0,263.76,300.38,357.38
17,3,Etching,70.345,50.843,1.015,NOLSM18118,1,18,17-02-2019 PM 9:04:30,417.0,433.07,469.4,526.4399999999999
18,2,Etching,69.832,51.609,1.011,NOLSM19119,1,19,17-02-2019 PM 9:04:30,227.0,241.18,277.86,334.87
19,1,Etching,71.606,51.027,1.024,NOLSM20120,1,20,17-02-2019 PM 9:04:30,185.0,201.3,237.67000000000002,294.95000000000005
20,1,Etching,71.068,50.653,1.029,NOLSM21121,1,21,17-02-2019 PM 9:04:30,660.0,675.11,711.9,769.22
21,2,Etching,69.362,51.252,1.026,NOLSM22122,1,22,17-02-2019 PM 9:04:30,394.0,409.62,446.25,503.58
22,3,Etching,72.506,50.769,1.044,NOLSM23123,1,23,17-02-2019 PM 9:04:30,423.0,438.26,474.81,531.69
23,3,Etching,71.744,50.936,1.06,NOLSM24124,1,24,17-02-2019 PM 9:04:30,355.0,370.23,406.84000000000003,463.72
24,2,Etching,71.199,51.446,1.024,NOLSM25125,1,25,17-02-2019 PM 9:04:30,358.0,372.37,408.83,465.84999999999997
25,1,Etching,71.553,50.168,1.011,NOLSM26126,1,26,17-02-2019 PM 9:04:30,210.0,226.71,263.08,320.18
26,1,Etching,69.65,51.216,1.053,NOLSM27127,1,27,17-02-2019 PM 9:04:30,353.0,368.76,405.31,462.35
27,2,Etching,70.341,51.052,1.06,NOLSM2821,2,1,17-02-2019 PM 9:04:30,402.0,415.99,452.47,509.82000000000005
28,3,Etching,71.972,52.479,1.042,NOLSM2922,2,2,17-02-2019 PM 9:04:30,288.0,302.57,339.26,396.38
29,3,Etching,71.448,51.337,1.016,NOLSM3023,2,3,17-02-2019 PM 9:04:30,475.0,489.25,525.67,582.79
30,1,Etching,71.456,50.466,1.04,NOLSM3124,2,4,17-02-2019 PM 9:04:30,124.0,139.71,176.15,233.2
31,1,Etching,71.025,50.813,1.034,NOLSM3225,2,5,17-02-2019 PM 9:04:30,479.0,495.55,532.08,588.95
32,3,Etching,71.306,51.814,1.02,NOLSM3326,2,6,17-02-2019 PM 9:04:30,395.0,407.59,444.25,501.54
33,3,Etching,71.297,50.787,1.031,NOLSM3427,2,7,17-02-2019 PM 9:04:30,387.0,402.31,438.89,495.96999999999997
34,2,Etching,70.839,50.837,1.028,NOLSM3528,2,8,17-02-2019 PM 9:04:30,304.0,319.55,356.40000000000003,413.33000000000004
35,1,Etching,69.835,52.027,1.04,NOLSM3629,2,9,17-02-2019 PM 9:04:30,484.0,500.04,536.72,593.6600000000001
36,1,Etching,70.848,51.578,1.001,NOLSM37210,2,10,17-02-2019 PM 9:04:30,147.0,161.92,198.45999999999998,255.61999999999998
37,2,Etching,70.915,51.108,1.036,NOLSM38211,2,11,17-02-2019 PM 9:04:30,543.0,556.49,593.07,650.1600000000001
38,3,Etching,69.914,51.379,1.037,NOLSM39212,2,12,17-02-2019 PM 9:04:30,620.0,634.62,671.03,728.37
39,3,Etching,70.941,51.727,1.045,NOLSM40213,2,13,17-02-2019 PM 9:04:30,404.0,418.99,455.47,512.72
40,2,Etching,71.774,51.297,1.054,NOLSM41214,2,14,17-02-2019 PM 9:04:30,389.0,404.22,440.5,497.88
41,1,Etching,69.947,51.177,1.019,NOLSM42215,2,15,17-02-2019 PM 9:04:30,228.0,240.19,276.77,333.94
42,1,Etching,71.607,50.932,1.034,NOLSM43216,2,16,17-02-2019 PM 9:04:30,480.0,493.82,530.71,587.9300000000001
43,2,Etching,71.176,52.269,1.032,NOLSM44217,2,17,17-02-2019 PM 9:04:30,324.0,340.24,376.64,434.07
44,3,Etching,70.758,51.796,1.008,NOLSM45218,2,18,17-02-2019 PM 9:04:30,208.0,222.74,259.2,316.57
45,3,Etching,70.973,51.77,1.012,NOLSM46219,2,19,17-02-2019 PM 9:04:30,419.0,434.28,471.04999999999995,528.3299999999999
46,2,Etching,71.049,51.212,1.024,NOLSM47220,2,20,17-02-2019 PM 9:04:30,481.0,495.79,532.27,589.37
47,1,Etching,70.119,51.77,1.033,NOLSM48221,2,21,17-02-2019 PM 9:04:30,319.0,335.76,372.48,429.70000000000005
48,1,Etching,72.115,50.716,1.037,NOLSM49222,2,22,17-02-2019 PM 9:04:30,411.0,425.99,462.53000000000003,519.85
49,2,Etching,70.245,50.29,1.017,NOLSM50223,2,23,17-02-2019 PM 9:04:30,339.0,353.07,389.5,446.61
50,3,Etching,70.437,50.087,1.027,NOLSM51224,2,24,17-02-2019 PM 9:04:30,237.0,250.75,287.1,344.32000000000005
51,3,Etching,70.888,51.091,1.014,NOLSM52225,2,25,17-02-2019 PM 9:04:30,272.0,286.85,323.48,380.64
52,2,Etching,70.392,50.488,1.056,NOLSM53226,2,26,17-02-2019 PM 9:04:30,616.0,629.74,666.25,723.49
53,1,Etching,72.489,51.776,1.034,NOLSM54227,2,27,17-02-2019 PM 9:04:30,387.0,403.78,440.65999999999997,497.71
54,1,Etching,72.076,51.556,1.057,NOLSM5531,3,1,17-02-2019 PM 9:04:30,248.0,263.57,300.35,357.18
55,2,Etching,71.472,51.805,1.033,NOLSM5632,3,2,17-02-2019 PM 9:04:30,683.0,698.46,735.0500000000001,792.22
56,3,Etching,70.563,51.521,1.039,NOLSM5733,3,3,17-02-2019 PM 9:04:30,417.0,431.55,467.69,524.86
57,2,Etching,71.001,51.364,1.034,NOLSM5834,3,4,17-02-2019 PM 9:04:30,479.0,493.66,530.1600000000001,587.57
58,1,Etching,69.269,51.915,1.03,NOLSM5935,3,5,17-02-2019 PM 9:04:30,433.0,447.66,484.23,541.47
59,1,Etching,70.209,51.41,1.035,NOLSM6036,3,6,17-02-2019 PM 9:04:30,333.0,349.95,386.4,443.65999999999997
60,2,Etching,69.944,50.735,1.016,NOLSM6137,3,7,17-02-2019 PM 9:04:30,323.0,337.27,373.90999999999997,430.76
61,3,Etching,69.75,50.183,1.028,NOLSM6238,3,8,17-02-2019 PM 9:04:30,483.0,497.26,533.75,590.99
62,2,Etching,71.255,50.189,1.0,NOLSM6339,3,9,17-02-2019 PM 9:04:30,222.0,236.97,273.65,330.88
63,1,Etching,70.109,50.147,1.05,NOLSM64310,3,10,17-02-2019 PM 9:04:30,479.0,494.51,531.28,588.41
64,1,Etching,70.977,50.912,1.024,NOLSM65311,3,11,17-02-2019 PM 9:04:30,687.0,700.24,736.51,793.5
65,2,Etching,72.053,51.963,1.046,NOLSM66312,3,12,17-02-2019 PM 9:04:30,285.0,300.67,337.38,394.48
66,3,Etching,70.353,53.272,1.034,NOLSM67313,3,13,17-02-2019 PM 9:04:30,367.0,382.53,418.65999999999997,475.53
67,3,Etching,71.594,50.718,1.049,NOLSM68314,3,14,17-02-2019 PM 9:04:30,189.0,203.56,240.0,297.15999999999997
68,1,Etching,69.995,52.102,1.033,NOLSM69315,3,15,17-02-2019 PM 9:04:30,574.0,588.59,625.48,682.45
69,1,Etching,71.335,50.724,1.037,NOLSM70316,3,16,17-02-2019 PM 9:04:30,309.0,324.29,360.68,417.7
70,2,Etching,71.135,50.849,1.023,NOLSM71317,3,17,17-02-2019 PM 9:04:30,146.0,159.95,196.58999999999997,253.76999999999998
71,3,Etching,71.021,51.179,1.062,NOLSM72318,3,18,17-02-2019 PM 9:04:30,405.0,419.7,456.4,513.64
72,3,Etching,71.413,51.177,1.037,NOLSM73319,3,19,17-02-2019 PM 9:04:30,499.0,513.48,550.16,607.3299999999999
73,1,Etching,70.41,51.828,1.033,NOLSM74320,3,20,17-02-2019 PM 9:04:30,169.0,182.12,218.75,275.99
74,1,Etching,70.518,51.486,1.029,NOLSM75321,3,21,17-02-2019 PM 9:04:30,538.0,553.22,589.75,646.98
75,3,Etching,70.874,51.429,1.044,NOLSM76322,3,22,17-02-2019 PM 9:04:30,224.0,238.69,275.08,332.09999999999997
76,3,Etching,70.992,50.959,1.027,NOLSM77323,3,23,17-02-2019 PM 9:04:30,278.0,295.11,331.85,389.16
77,2,Etching,71.921,51.516,1.037,NOLSM78324,3,24,17-02-2019 PM 9:04:30,278.0,293.26,329.8,386.93
78,1,Etching,71.077,51.937,1.017,NOLSM79325,3,25,17-02-2019 PM 9:04:30,203.0,218.01,254.73999999999998,311.94
79,1,Etching,69.979,51.255,1.028,NOLSM80326,3,26,17-02-2019 PM 9:04:30,394.0,410.04,446.51,503.91999999999996
80,2,Etching,72.843,51.506,1.007,NOLSM81327,3,27,17-02-2019 PM 9:04:30,395.0,409.45,445.81,503.45
81,3,Etching,69.932,50.963,1.027,NOLSM8241,4,1,17-02-2019 PM 9:04:30,340.0,356.01,392.66999999999996,449.76
82,3,Etching,72.414,50.936,1.041,NOLSM8342,4,2,17-02-2019 PM 9:04:30,351.0,367.87,404.64,461.96
83,2,Etching,72.35,50.145,0.99,NOLSM8443,4,3,17-02-2019 PM 9:04:30,39.0,53.1,89.35,146.55
84,1,Etching,70.872,52.023,1.015,NOLSM8544,4,4,17-02-2019 PM 9:04:30,386.0,400.13,436.44,493.45
85,1,Etching,71.361,51.378,1.042,NOLSM8645,4,5,17-02-2019 PM 9:04:30,298.0,314.12,350.68,407.83
86,2,Etching,70.291,51.374,1.025,NOLSM8746,4,6,17-02-2019 PM 9:04:30,110.0,125.2,161.55,218.71
87,3,Etching,71.39,51.573,1.039,NOLSM8847,4,7,17-02-2019 PM 9:04:30,308.0,323.1,359.85,417.02000000000004
88,2,Etching,69.909,50.945,1.038,NOLSM8948,4,8,17-02-2019 PM 9:04:30,392.0,406.56,443.38,500.52
89,1,Etching,70.856,51.698,1.037,NOLSM9049,4,9,17-02-2019 PM 9:04:30,488.0,502.16,538.78,595.91
90,1,Etching,71.276,51.168,1.05,NOLSM91410,4,10,17-02-2019 PM 9:04:30,515.0,529.94,566.84,623.78
91,2,Etching,70.278,50.748,1.051,NOLSM92411,4,11,17-02-2019 PM 9:04:30,261.0,274.0,310.46,367.69
92,3,Etching,71.591,50.612,1.044,NOLSM93412,4,12,17-02-2019 PM 9:04:30,308.0,324.15,360.79999999999995,417.98999999999995
93,3,Etching,70.223,50.932,1.058,NOLSM94413,4,13,17-02-2019 PM 9:04:30,181.0,193.96,230.31,287.43
94,2,Etching,71.498,51.579,1.021,NOLSM95414,4,14,17-02-2019 PM 9:04:30,388.0,402.88,439.63,496.9
95,1,Etching,71.558,50.9,1.038,NOLSM96415,4,15,17-02-2019 PM 9:04:30,242.0,256.69,293.53,350.68999999999994
96,1,Etching,72.509,50.65,1.027,NOLSM97416,4,16,17-02-2019 PM 9:04:30,382.0,396.95,433.58,490.84999999999997
97,3,Etching,72.434,50.433,1.047,NOLSM98417,4,17,17-02-2019 PM 9:04:30,285.0,300.07,336.37,393.55
98,3,Etching,72.783,51.061,1.045,NOLSM99418,4,18,17-02-2019 PM 9:04:30,334.0,346.95,383.81,440.69
99,2,Etching,72.288,50.875,1.036,NOLSM100419,4,19,17-02-2019 PM 9:04:30,357.0,371.11,407.79,464.99
100,1,Etching,70.823,50.187,1.036,NOLSM101420,4,20,17-02-2019 PM 9:04:30,405.0,420.84,457.44,514.76
101,1,Etching,68.61,51.038,1.07,NOLSM102421,4,21,17-02-2019 PM 9:04:30,373.0,386.85,423.17,480.61
102,2,Etching,68.215,51.024,1.045,NOLSM103422,4,22,17-02-2019 PM 9:04:30,389.0,402.73,439.21000000000004,496.28000000000003
103,3,Etching,70.769,51.312,1.027,NOLSM104423,4,23,17-02-2019 PM 9:04:30,301.0,315.34,352.15,409.38
104,2,Etching,71.02,51.082,1.05,NOLSM105424,4,24,17-02-2019 PM 9:04:30,361.0,376.32,413.05,470.06
105,1,Etching,70.076,50.464,1.015,NOLSM106425,4,25,17-02-2019 PM 9:04:30,254.0,268.12,304.67,362.15000000000003
106,1,Etching,70.284,51.916,1.042,NOLSM107426,4,26,17-02-2019 PM 9:04:30,331.0,345.94,382.6,439.89000000000004
107,2,Etching,71.439,51.98,1.045,NOLSM108427,4,27,17-02-2019 PM 9:04:30,413.0,428.19,464.76,522.09
108,3,Etching,71.672,50.522,1.038,NOLSM10951,5,1,17-02-2019 PM 9:04:30,431.0,448.61,485.15000000000003,542.2800000000001
109,2,Etching,70.494,50.114,1.028,NOLSM11052,5,2,17-02-2019 PM 9:04:30,542.0,557.08,593.8000000000001,650.83
110,1,Etching,68.85,51.053,1.064,NOLSM11153,5,3,17-02-2019 PM 9:04:30,139.0,154.58,191.21,248.43
111,1,Etching,69.606,51.317,1.048,NOLSM11254,5,4,17-02-2019 PM 9:04:30,478.0,491.58,528.28,585.3199999999999
112,2,Etching,70.172,51.528,1.034,NOLSM11355,5,5,17-02-2019 PM 9:04:30,489.0,504.52,541.14,598.16
113,3,Etching,70.712,51.122,1.044,NOLSM11456,5,6,17-02-2019 PM 9:04:30,551.0,566.07,603.0600000000001,659.9000000000001
114,3,Etching,70.795,51.131,1.035,NOLSM11557,5,7,17-02-2019 PM 9:04:30,315.0,330.6,367.48,424.90000000000003
115,2,Etching,69.468,51.951,1.019,NOLSM11658,5,8,17-02-2019 PM 9:04:30,121.0,137.05,173.76000000000002,230.93
116,1,Etching,71.293,51.856,1.007,NOLSM11759,5,9,17-02-2019 PM 9:04:30,289.0,305.62,342.34000000000003,399.46000000000004
117,1,Etching,69.722,50.874,1.042,NOLSM118510,5,10,17-02-2019 PM 9:04:30,421.0,435.64,472.54999999999995,529.54
118,2,Etching,69.98,50.826,1.028,NOLSM119511,5,11,17-02-2019 PM 9:04:30,580.0,595.93,632.76,689.91
119,3,Etching,71.553,51.98,1.005,NOLSM120512,5,12,17-02-2019 PM 9:04:30,298.0,311.2,348.03999999999996,405.08
120,3,Etching,70.388,50.448,1.022,NOLSM121513,5,13,17-02-2019 PM 9:04:30,220.0,234.89,270.90999999999997,328.28
121,2,Etching,69.352,50.88,1.059,NOLSM122514,5,14,17-02-2019 PM 9:04:30,28.0,41.76,78.28999999999999,135.45999999999998
122,1,Etching,70.919,50.58,1.024,NOLSM123515,5,15,17-02-2019 PM 9:04:30,278.0,292.76,329.23,386.31
123,1,Etching,71.883,50.859,1.038,NOLSM124516,5,16,17-02-2019 PM 9:04:30,385.0,399.85,436.40000000000003,493.74
124,2,Etching,70.497,51.628,1.027,NOLSM125517,5,17,17-02-2019 PM 9:04:30,169.0,184.23,220.87,277.95
125,3,Etching,70.278,51.436,1.035,NOLSM126518,5,18,17-02-2019 PM 9:04:30,345.0,359.33,395.90999999999997,453.03999999999996
126,3,Etching,70.938,51.553,1.051,NOLSM127519,5,19,17-02-2019 PM 9:04:30,181.0,194.47,231.06,288.09000000000003
127,2,Etching,70.906,51.745,1.01,NOLSM128520,5,20,17-02-2019 PM 9:04:30,230.0,245.08,281.69,338.75
128,1,Etching,72.843,51.147,1.03,NOLSM129521,5,21,17-02-2019 PM 9:04:30,220.0,233.13,269.75,326.74
129,1,Etching,71.108,50.614,1.029,NOLSM130522,5,22,17-02-2019 PM 9:04:30,609.0,624.25,660.59,718.1
130,2,Etching,71.219,51.523,1.013,NOLSM131523,5,23,17-02-2019 PM 9:04:30,307.0,321.58,358.15,415.15
131,3,Etching,71.092,50.679,1.03,NOLSM132524,5,24,17-02-2019 PM 9:04:30,537.0,551.61,588.02,644.9399999999999
132,3,Etching,71.186,51.128,1.032,NOLSM133525,5,25,17-02-2019 PM 9:04:30,248.0,263.97,300.33000000000004,357.47
133,2,Etching,71.554,50.902,1.022,NOLSM134526,5,26,17-02-2019 PM 9:04:30,501.0,516.21,552.45,609.57
134,1,Etching,69.23,51.433,0.984,NOLSM135527,5,27,17-02-2019 PM 9:04:30,302.0,317.53,354.14,411.19
135,1,Etching,72.26,51.496,1.047,NOLSM13661,6,1,17-02-2019 PM 9:04:30,372.0,386.5,422.93,480.1
136,2,Etching,71.193,50.583,1.04,NOLSM13762,6,2,17-02-2019 PM 9:04:30,366.0,381.34,417.88,474.87
137,3,Etching,71.658,51.022,1.01,NOLSM13863,6,3,17-02-2019 PM 9:04:30,302.0,318.03,354.33,411.46999999999997
138,3,Etching,71.529,52.353,1.033,NOLSM13964,6,4,17-02-2019 PM 9:04:30,570.0,584.23,621.08,678.11
139,2,Etching,70.417,51.564,1.032,NOLSM14065,6,5,17-02-2019 PM 9:04:30,359.0,374.22,410.82000000000005,467.97
140,1,Etching,71.32,50.952,1.037,NOLSM14166,6,6,17-02-2019 PM 9:04:30,434.0,448.77,485.4,542.5799999999999
141,1,Etching,72.141,50.637,1.021,NOLSM14267,6,7,17-02-2019 PM 9:04:30,450.0,464.48,501.07000000000005,558.4200000000001
142,2,Etching,70.271,52.233,1.021,NOLSM14368,6,8,17-02-2019 PM 9:04:30,363.0,378.19,414.62,471.51
143,3,Etching,70.401,51.138,1.011,NOLSM14469,6,9,17-02-2019 PM 9:04:30,147.0,161.7,198.29,255.43
144,3,Etching,70.567,51.015,1.013,NOLSM145610,6,10,17-02-2019 PM 9:04:30,353.0,367.89,404.54999999999995,461.78
145,2,Etching,72.355,50.9,1.031,NOLSM146611,6,11,17-02-2019 PM 9:04:30,289.0,304.37,341.06,398.13
146,1,Etching,71.359,51.322,1.042,NOLSM147612,6,12,17-02-2019 PM 9:04:30,204.0,220.36,257.09000000000003,313.78000000000003
147,1,Etching,70.016,50.579,1.041,NOLSM148613,6,13,17-02-2019 PM 9:04:30,415.0,431.35,467.85,524.83
148,2,Etching,69.634,51.285,1.013,NOLSM149614,6,14,17-02-2019 PM 9:04:30,343.0,357.95,394.3,451.48
149,3,Etching,71.823,50.58,1.034,NOLSM150615,6,15,17-02-2019 PM 9:04:30,313.0,327.02,363.72999999999996,420.65
150,3,Etching,70.944,51.155,1.026,NOLSM151616,6,16,17-02-2019 PM 9:04:30,157.0,170.43,206.85000000000002,263.96000000000004
151,2,Etching,70.467,51.33,1.024,NOLSM152617,6,17,17-02-2019 PM 9:04:30,362.0,376.87,413.21000000000004,470.58000000000004
152,1,Etching,69.779,51.833,1.035,NOLSM153618,6,18,17-02-2019 PM 9:04:30,386.0,398.42,435.14,492.33
153,1,Etching,68.809,50.716,1.037,NOLSM154619,6,19,17-02-2019 PM 9:04:30,470.0,485.2,521.64,578.8199999999999
154,2,Etching,71.225,51.285,1.039,NOLSM155620,6,20,17-02-2019 PM 9:04:30,418.0,433.24,469.59000000000003,526.69
155,3,Etching,72.395,50.909,1.014,NOLSM156621,6,21,17-02-2019 PM 9:04:30,99.0,114.7,151.23000000000002,208.38000000000002
156,2,Etching,70.481,50.32,0.987,NOLSM157622,6,22,17-02-2019 PM 9:04:30,280.0,292.71,329.12,386.15
157,1,Etching,71.438,50.623,1.01,NOLSM158623,6,23,17-02-2019 PM 9:04:30,195.0,209.36,245.87,302.91
158,1,Etching,71.532,50.292,1.04,NOLSM159624,6,24,17-02-2019 PM 9:04:30,49.0,62.980000000000004,99.31,156.55
159,2,Etching,71.573,50.69,1.016,NOLSM160625,6,25,17-02-2019 PM 9:04:30,548.0,562.06,598.88,656.08
160,3,Etching,71.271,51.365,1.064,NOLSM161626,6,26,17-02-2019 PM 9:04:30,330.0,345.75,382.32,439.33
161,3,Etching,71.035,51.542,1.046,NOLSM162627,6,27,17-02-2019 PM 9:04:30,307.0,322.91,359.5,416.37
162,2,Etching,72.388,51.396,1.025,NOLSM16371,7,1,17-02-2019 PM 9:04:30,362.0,377.55,414.13,470.97
163,1,Etching,72.414,50.402,1.042,NOLSM16472,7,2,17-02-2019 PM 9:04:30,180.0,194.38,230.76,287.96
164,1,Etching,71.499,51.124,1.034,NOLSM16573,7,3,17-02-2019 PM 9:04:30,397.0,412.3,448.85,505.98
165,2,Etching,68.897,51.159,1.025,NOLSM16674,7,4,17-02-2019 PM 9:04:30,228.0,242.79,279.45,336.41999999999996
166,3,Etching,69.714,51.613,1.026,NOLSM16775,7,5,17-02-2019 PM 9:04:30,256.0,270.83,307.4,364.42999999999995
167,3,Etching,71.319,51.801,1.072,NOLSM16876,7,6,17-02-2019 PM 9:04:30,372.0,387.46,423.95,481.14
168,2,Etching,70.351,51.802,1.046,NOLSM16977,7,7,17-02-2019 PM 9:04:30,374.0,389.18,425.42,482.28000000000003
169,1,Etching,70.462,52.084,1.038,NOLSM17078,7,8,17-02-2019 PM 9:04:30,287.0,301.11,338.09000000000003,395.18000000000006
170,1,Etching,70.864,51.429,1.025,NOLSM17179,7,9,17-02-2019 PM 9:04:30,230.0,244.42,280.86,338.02
171,2,Etching,70.464,51.041,1.016,NOLSM172710,7,10,17-02-2019 PM 9:04:30,521.0,535.93,572.5899999999999,630.05
172,3,Etching,71.565,50.771,1.023,NOLSM173711,7,11,17-02-2019 PM 9:04:30,378.0,393.86,430.31,487.36
173,2,Etching,71.418,51.229,1.047,NOLSM174712,7,12,17-02-2019 PM 9:04:30,333.0,348.98,385.51,442.66999999999996
174,1,Etching,70.726,51.76,1.008,NOLSM175713,7,13,17-02-2019 PM 9:04:30,409.0,423.21,459.84,517.1
175,1,Etching,69.644,51.526,1.026,NOLSM176714,7,14,17-02-2019 PM 9:04:30,359.0,372.39,408.93,466.09000000000003
176,3,Etching,69.784,50.415,1.043,NOLSM177715,7,15,17-02-2019 PM 9:04:30,171.0,184.12,220.72,277.93
177,3,Etching,70.47,51.062,1.037,NOLSM178716,7,16,17-02-2019 PM 9:04:30,265.0,279.28,315.7,372.62
178,1,Etching,69.714,52.005,1.041,NOLSM179717,7,17,17-02-2019 PM 9:04:30,366.0,378.84,415.35999999999996,472.59999999999997
179,1,Etching,71.678,51.297,1.023,NOLSM180718,7,18,17-02-2019 PM 9:04:30,635.0,649.84,686.26,743.49
180,2,Etching,71.108,51.82,1.041,NOLSM181719,7,19,17-02-2019 PM 9:04:30,417.0,432.62,469.16,526.39
181,3,Etching,69.37,51.096,1.022,NOLSM182720,7,20,17-02-2019 PM 9:04:30,357.0,371.82,408.59,465.98999999999995
182,3,Etching,70.939,51.357,1.033,NOLSM183721,7,21,17-02-2019 PM 9:04:30,315.0,330.2,366.64,423.63
183,2,Etching,72.38,50.795,1.037,NOLSM184722,7,22,17-02-2019 PM 9:04:30,369.0,381.84,418.73999999999995,476.03
184,1,Etching,69.226,50.722,1.027,NOLSM185723,7,23,17-02-2019 PM 9:04:30,496.0,511.11,547.52,604.89
185,1,Etching,69.731,50.691,1.048,NOLSM186724,7,24,17-02-2019 PM 9:04:30,348.0,362.29,398.68,455.78000000000003
186,2,Etching,70.799,50.982,1.004,NOLSM187725,7,25,17-02-2019 PM 9:04:30,182.0,197.16,233.88,290.86
187,3,Etching,71.364,50.746,1.039,NOLSM188726,7,26,17-02-2019 PM 9:04:30,596.0,610.49,647.09,704.52
188,3,Etching,69.199,51.267,1.038,NOLSM189727,7,27,17-02-2019 PM 9:04:30,491.0,506.98,543.91,601.31
189,2,Etching,70.938,51.7,1.032,NOLSM19081,8,1,17-02-2019 PM 9:04:30,362.0,377.31,414.21,471.39
190,1,Etching,70.42,51.753,1.007,NOLSM19182,8,2,17-02-2019 PM 9:04:30,363.0,376.73,413.17,470.43
191,1,Etching,71.804,51.214,1.042,NOLSM19283,8,3,17-02-2019 PM 9:04:30,430.0,444.29,480.71000000000004,537.84
192,2,Etching,72.665,51.976,1.003,NOLSM19384,8,4,17-02-2019 PM 9:04:30,208.0,222.74,259.41,316.58000000000004
193,3,Etching,72.487,50.941,1.02,NOLSM19485,8,5,17-02-2019 PM 9:04:30,213.0,228.49,265.11,322.23
194,3,Etching,70.598,51.878,1.02,NOLSM19586,8,6,17-02-2019 PM 9:04:30,447.0,462.1,498.66,555.8000000000001
195,2,Etching,72.771,51.995,1.059,NOLSM19687,8,7,17-02-2019 PM 9:04:30,457.0,471.32,507.86,564.79
196,1,Etching,70.127,51.007,1.039,NOLSM19788,8,8,17-02-2019 PM 9:04:30,509.0,522.45,558.8100000000001,615.7900000000001
197,1,Etching,72.067,51.012,1.031,NOLSM19889,8,9,17-02-2019 PM 9:04:30,462.0,476.71,513.04,570.11
198,2,Etching,71.605,50.806,1.063,NOLSM199810,8,10,17-02-2019 PM 9:04:30,315.0,328.81,365.38,422.6
199,3,Etching,71.254,51.148,1.037,NOLSM200811,8,11,17-02-2019 PM 9:04:30,343.0,358.64,395.18,452.22
200,3,Etching,71.551,51.23,1.02,NOLSM201812,8,12,17-02-2019 PM 9:04:30,369.0,385.01,421.46999999999997,478.46
201,2,Etching,70.397,51.179,1.01,NOLSM202813,8,13,17-02-2019 PM 9:04:30,418.0,432.31,468.93,525.88
202,1,Etching,71.25,52.514,1.076,NOLSM203814,8,14,17-02-2019 PM 9:04:30,401.0,415.51,452.21999999999997,509.25
203,1,Etching,71.096,51.129,1.026,NOLSM204815,8,15,17-02-2019 PM 9:04:30,314.0,329.18,365.71000000000004,423.07000000000005
204,3,Etching,70.583,50.646,1.028,NOLSM205816,8,16,17-02-2019 PM 9:04:30,331.0,344.59,381.42999999999995,438.78
205,3,Etching,71.727,51.146,1.035,NOLSM206817,8,17,17-02-2019 PM 9:04:30,264.0,278.43,315.45,372.73
206,2,Etching,69.297,51.531,1.002,NOLSM207818,8,18,17-02-2019 PM 9:04:30,287.0,301.45,338.05,395.29
207,1,Etching,70.934,51.142,1.032,NOLSM208819,8,19,17-02-2019 PM 9:04:30,361.0,375.55,412.11,469.25
208,1,Etching,71.382,51.039,1.042,NOLSM209820,8,20,17-02-2019 PM 9:04:30,452.0,467.22,503.62,560.92
209,3,Etching,71.149,50.15,1.039,NOLSM210821,8,21,17-02-2019 PM 9:04:30,343.0,356.8,393.48,450.42
210,3,Etching,72.08,50.514,0.996,NOLSM211822,8,22,17-02-2019 PM 9:04:30,468.0,483.36,520.29,577.29
211,2,Etching,69.897,50.484,1.023,NOLSM212823,8,23,17-02-2019 PM 9:04:30,-49.0,-34.65,2.0,59.38
212,1,Etching,70.2,51.514,1.024,NOLSM213824,8,24,17-02-2019 PM 9:04:30,351.0,365.15,401.51,458.58
213,1,Etching,70.456,51.895,1.03,NOLSM214825,8,25,17-02-2019 PM 9:04:30,378.0,391.82,428.25,485.4
214,2,Etching,70.417,51.47,1.025,NOLSM215826,8,26,17-02-2019 PM 9:04:30,364.0,379.26,415.7,472.9
215,3,Etching,71.754,52.099,1.028,NOLSM216827,8,27,17-02-2019 PM 9:04:30,241.0,255.43,291.84000000000003,349.12
216,3,Etching,71.303,51.381,1.01,NOLSM21791,9,1,17-02-2019 PM 9:04:30,466.0,482.35,518.71,575.95
217,2,Etching,72.657,51.998,1.028,NOLSM21892,9,2,17-02-2019 PM 9:04:30,247.0,263.28,299.71999999999997,356.78999999999996
218,1,Etching,71.868,51.124,1.029,NOLSM21993,9,3,17-02-2019 PM 9:04:30,400.0,413.93,450.96000000000004,508.13000000000005
219,1,Etching,71.04,51.657,1.051,NOLSM22094,9,4,17-02-2019 PM 9:04:30,465.0,480.26,516.87,573.88
220,2,Etching,72.59,51.409,1.047,NOLSM22195,9,5,17-02-2019 PM 9:04:30,485.0,500.74,537.33,594.26
221,3,Etching,70.283,51.824,1.032,NOLSM22296,9,6,17-02-2019 PM 9:04:30,489.0,505.54,542.13,599.37
222,3,Etching,71.406,51.159,1.022,NOLSM22397,9,7,17-02-2019 PM 9:04:30,368.0,382.64,419.19,476.5
223,1,Etching,71.876,51.545,1.032,NOLSM22498,9,8,17-02-2019 PM 9:04:30,251.0,266.21,302.65999999999997,359.90999999999997
224,1,Etching,71.416,51.123,1.028,NOLSM22599,9,9,17-02-2019 PM 9:04:30,413.0,430.05,466.43,523.52
225,2,Etching,69.84,51.573,1.042,NOLSM226910,9,10,17-02-2019 PM 9:04:30,318.0,332.57,369.2,426.44
226,3,Etching,69.267,50.843,1.05,NOLSM227911,9,11,17-02-2019 PM 9:04:30,150.0,164.39,201.1,258.14
227,3,Etching,71.324,50.629,1.062,NOLSM228912,9,12,17-02-2019 PM 9:04:30,566.0,580.79,617.53,674.99
228,2,Etching,72.201,50.872,1.047,NOLSM229913,9,13,17-02-2019 PM 9:04:30,341.0,356.8,393.3,450.53000000000003
229,1,Etching,71.545,50.574,1.026,NOLSM230914,9,14,17-02-2019 PM 9:04:30,287.0,302.45,339.15999999999997,396.16999999999996
230,1,Etching,71.879,51.451,1.023,NOLSM231915,9,15,17-02-2019 PM 9:04:30,434.0,449.33,485.76,542.68
231,2,Etching,70.915,51.24,1.034,NOLSM232916,9,16,17-02-2019 PM 9:04:30,223.0,238.2,274.96999999999997,332.11999999999995
232,3,Etching,70.644,50.98,1.023,NOLSM233917,9,17,17-02-2019 PM 9:04:30,454.0,467.53,504.26,561.3
233,3,Etching,70.334,50.779,1.008,NOLSM234918,9,18,17-02-2019 PM 9:04:30,436.0,451.97,488.24,545.22
234,2,Etching,71.72,49.6,1.046,NOLSM235919,9,19,17-02-2019 PM 9:04:30,210.0,223.99,260.52,317.7
235,1,Etching,72.335,51.124,1.04,NOLSM236920,9,20,17-02-2019 PM 9:04:30,379.0,393.75,430.27,487.37
236,1,Etching,71.233,50.985,0.99,NOLSM237921,9,21,17-02-2019 PM 9:04:30,148.0,162.54,199.76999999999998,256.96
237,2,Etching,69.67,51.514,1.047,NOLSM238922,9,22,17-02-2019 PM 9:04:30,385.0,400.17,436.98,493.91
238,3,Etching,71.406,50.324,1.027,NOLSM239923,9,23,17-02-2019 PM 9:04:30,330.0,344.6,381.19000000000005,438.4800000000001
239,2,Etching,69.706,50.756,1.031,NOLSM240924,9,24,17-02-2019 PM 9:04:30,226.0,240.96,277.29,334.28000000000003
240,1,Etching,70.399,52.379,1.022,NOLSM241925,9,25,17-02-2019 PM 9:04:30,181.0,196.84,233.4,290.46000000000004
241,1,Etching,70.657,51.465,1.026,NOLSM242926,9,26,17-02-2019 PM 9:04:30,301.0,315.29,352.01,408.95
242,2,Etching,68.921,52.141,1.057,NOLSM243927,9,27,17-02-2019 PM 9:04:30,496.0,509.85,546.76,603.97
243,3,Etching,70.732,50.267,1.033,NOLSM244101,10,1,17-02-2019 PM 9:04:30,254.0,268.97,305.73,363.18
244,3,Etching,71.555,50.749,1.034,NOLSM245102,10,2,17-02-2019 PM 9:04:30,431.0,448.11,484.40000000000003,541.32
245,2,Etching,72.093,51.332,1.026,NOLSM246103,10,3,17-02-2019 PM 9:04:30,524.0,537.71,574.4100000000001,631.5600000000001
246,1,Etching,70.838,51.547,1.056,NOLSM247104,10,4,17-02-2019 PM 9:04:30,218.0,231.05,267.59000000000003,324.78000000000003
247,1,Etching,70.163,51.008,1.032,NOLSM248105,10,5,17-02-2019 PM 9:04:30,130.0,145.12,181.47,238.74
248,3,Etching,72.304,51.207,1.032,NOLSM249106,10,6,17-02-2019 PM 9:04:30,308.0,323.92,360.72,417.81000000000006
249,3,Etching,69.559,52.078,1.022,NOLSM250107,10,7,17-02-2019 PM 9:04:30,313.0,328.75,365.32,422.27
250,2,Etching,71.345,50.984,1.023,NOLSM251108,10,8,17-02-2019 PM 9:04:30,330.0,344.27,380.91999999999996,437.8299999999999
251,1,Etching,72.284,50.597,1.045,NOLSM252109,10,9,17-02-2019 PM 9:04:30,417.0,430.44,467.01,523.95
252,1,Etching,70.405,52.133,1.042,NOLSM2531010,10,10,17-02-2019 PM 9:04:30,317.0,331.74,368.15,425.42999999999995
253,3,Etching,71.455,51.647,1.021,NOLSM2541011,10,11,17-02-2019 PM 9:04:30,476.0,490.66,527.26,584.48
254,2,Etching,71.927,50.861,1.063,NOLSM2551012,10,12,17-02-2019 PM 9:04:30,479.0,494.17,530.83,587.8000000000001
255,1,Etching,71.265,51.036,1.024,NOLSM2561013,10,13,17-02-2019 PM 9:04:30,419.0,433.72,470.3,527.57
256,1,Etching,71.241,51.884,1.03,NOLSM2571014,10,14,17-02-2019 PM 9:04:30,314.0,330.83,367.34,424.65999999999997
257,2,Etching,71.52,50.234,1.026,NOLSM2581015,10,15,17-02-2019 PM 9:04:30,340.0,354.58,391.02,448.11
258,3,Etching,70.756,52.004,1.045,NOLSM2591016,10,16,17-02-2019 PM 9:04:30,462.0,475.87,512.74,569.89
259,3,Etching,70.204,51.444,1.032,NOLSM2601017,10,17,17-02-2019 PM 9:04:30,231.0,246.54,283.34,340.26
260,2,Etching,70.253,50.176,1.028,NOLSM2611018,10,18,17-02-2019 PM 9:04:30,408.0,423.68,460.43,517.64
261,1,Etching,69.549,50.507,1.048,NOLSM2621019,10,19,17-02-2019 PM 9:04:30,317.0,332.0,368.64,425.71
262,1,Etching,70.804,50.491,1.022,NOLSM2631020,10,20,17-02-2019 PM 9:04:30,291.0,304.8,341.17,398.15000000000003
263,2,Etching,68.72,50.573,1.036,NOLSM2641021,10,21,17-02-2019 PM 9:04:30,376.0,392.92,429.64,486.59999999999997
264,3,Etching,70.728,50.428,1.044,NOLSM2651022,10,22,17-02-2019 PM 9:04:30,324.0,339.13,375.63,432.9
265,3,Etching,71.42,51.171,1.042,NOLSM2661023,10,23,17-02-2019 PM 9:04:30,392.0,405.46,442.03,499.13
266,2,Etching,71.777,50.628,1.05,NOLSM2671024,10,24,17-02-2019 PM 9:04:30,422.0,435.06,471.39,528.41
267,1,Etching,71.626,52.309,1.037,NOLSM2681025,10,25,17-02-2019 PM 9:04:30,177.0,191.95,228.23999999999998,285.35999999999996
268,1,Etching,70.099,50.464,1.027,NOLSM2691026,10,26,17-02-2019 PM 9:04:30,288.0,300.68,337.23,394.44
269,2,Etching,72.147,51.299,1.05,NOLSM2701027,10,27,17-02-2019 PM 9:04:30,353.0,367.17,403.84000000000003,460.97
270,3,Etching,71.046,51.921,1.037,NOLSM271111,11,1,17-02-2019 PM 9:04:30,398.0,414.62,451.54,508.8
271,3,Etching,69.857,51.765,1.031,NOLSM272112,11,2,17-02-2019 PM 9:04:30,330.0,343.98,380.59000000000003,437.99
272,2,Etching,71.155,50.249,1.021,NOLSM273113,11,3,17-02-2019 PM 9:04:30,324.0,339.13,375.67,432.86
273,1,Etching,71.468,51.218,1.038,NOLSM274114,11,4,17-02-2019 PM 9:04:30,146.0,158.74,195.32,252.45999999999998
274,1,Etching,72.336,51.049,1.025,NOLSM275115,11,5,17-02-2019 PM 9:04:30,319.0,333.54,369.8,427.13
275,2,Etching,70.998,51.384,1.038,NOLSM276116,11,6,17-02-2019 PM 9:04:30,239.0,253.42,289.99,347.17
276,3,Etching,71.086,51.109,1.0,NOLSM277117,11,7,17-02-2019 PM 9:04:30,457.0,471.62,508.22,565.36
277,3,Etching,71.673,50.506,1.011,NOLSM278118,11,8,17-02-2019 PM 9:04:30,354.0,368.76,405.4,462.40999999999997
278,2,Etching,72.019,51.261,1.036,NOLSM279119,11,9,17-02-2019 PM 9:04:30,563.0,577.22,613.64,670.81
279,1,Etching,69.699,50.194,1.046,NOLSM2801110,11,10,17-02-2019 PM 9:04:30,176.0,189.01,225.58999999999997,282.67999999999995
280,1,Etching,70.824,50.202,1.038,NOLSM2811111,11,11,17-02-2019 PM 9:04:30,415.0,431.44,467.97,524.89
281,2,Etching,71.286,51.207,1.019,NOLSM2821112,11,12,17-02-2019 PM 9:04:30,495.0,509.26,545.48,602.62
282,3,Etching,70.004,51.743,1.017,NOLSM2831113,11,13,17-02-2019 PM 9:04:30,269.0,285.02,321.52,378.65
283,3,Etching,71.889,51.542,1.038,NOLSM2841114,11,14,17-02-2019 PM 9:04:30,413.0,428.41,464.92,522.33
284,2,Etching,70.13,52.105,1.018,NOLSM2851115,11,15,17-02-2019 PM 9:04:30,514.0,529.39,565.78,623.0699999999999
285,1,Etching,70.058,50.382,1.045,NOLSM2861116,11,16,17-02-2019 PM 9:04:30,391.0,406.02,442.21999999999997,499.34999999999997
286,1,Etching,70.779,50.881,1.049,NOLSM2871117,11,17,17-02-2019 PM 9:04:30,284.0,299.18,335.82,392.84
287,2,Etching,69.405,51.062,1.037,NOLSM2881118,11,18,17-02-2019 PM 9:04:30,304.0,319.44,355.69,412.97
288,3,Etching,70.257,50.852,1.043,NOLSM2891119,11,19,17-02-2019 PM 9:04:30,433.0,448.64,485.19,542.22
289,3,Etching,69.975,49.761,1.031,NOLSM2901120,11,20,17-02-2019 PM 9:04:30,233.0,247.61,284.38,341.2
290,2,Etching,71.409,50.3,1.026,NOLSM2911121,11,21,17-02-2019 PM 9:04:30,240.0,255.59,292.15,349.17999999999995
291,1,Etching,70.714,51.655,1.017,NOLSM2921122,11,22,17-02-2019 PM 9:04:30,319.0,334.34,370.85999999999996,427.99999999999994
292,1,Etching,70.486,51.103,0.995,NOLSM2931123,11,23,17-02-2019 PM 9:04:30,589.0,604.07,640.8100000000001,697.84
293,3,Etching,72.56,51.145,1.017,NOLSM2941124,11,24,17-02-2019 PM 9:04:30,363.0,377.54,413.99,471.2
294,3,Etching,69.953,50.082,1.036,NOLSM2951125,11,25,17-02-2019 PM 9:04:30,315.0,330.07,367.18,424.24
295,2,Etching,70.179,51.018,1.009,NOLSM2961126,11,26,17-02-2019 PM 9:04:30,573.0,586.65,623.16,680.3499999999999
296,1,Etching,70.994,51.192,1.012,NOLSM2971127,11,27,17-02-2019 PM 9:04:30,422.0,437.12,473.36,530.77
297,1,Etching,73.064,51.037,1.019,NOLSM298121,12,1,17-02-2019 PM 9:04:30,13.0,27.17,63.82,120.89
298,3,Etching,69.676,51.752,1.035,NOLSM299122,12,2,17-02-2019 PM 9:04:30,288.0,304.39,341.32,398.46999999999997
299,3,Etching,69.441,51.497,1.032,NOLSM300123,12,3,17-02-2019 PM 9:04:30,308.0,324.09,360.57,417.42
300,2,Etching,71.211,50.803,1.04,NOLSM301124,12,4,17-02-2019 PM 9:04:30,398.0,413.37,450.11,507.37
301,1,Etching,70.614,51.156,1.01,NOLSM302125,12,5,17-02-2019 PM 9:04:30,456.0,469.76,506.14,563.42
302,1,Etching,71.089,51.154,1.016,NOLSM303126,12,6,17-02-2019 PM 9:04:30,280.0,295.67,332.28000000000003,389.63000000000005
303,2,Etching,70.74,51.476,1.02,NOLSM304127,12,7,17-02-2019 PM 9:04:30,181.0,196.39,232.79999999999998,290.14
304,3,Etching,71.593,50.632,1.034,NOLSM305128,12,8,17-02-2019 PM 9:04:30,425.0,440.82,476.94,534.23
305,3,Etching,70.888,51.471,1.034,NOLSM306129,12,9,17-02-2019 PM 9:04:30,436.0,452.86,489.55,546.66
306,2,Etching,71.388,51.302,1.041,NOLSM3071210,12,10,17-02-2019 PM 9:04:30,495.0,509.8,546.3100000000001,603.6200000000001
307,1,Etching,70.326,51.204,1.001,NOLSM3081211,12,11,17-02-2019 PM 9:04:30,514.0,529.45,566.07,622.95
308,1,Etching,70.378,50.793,1.035,NOLSM3091212,12,12,17-02-2019 PM 9:04:30,198.0,212.71,249.35000000000002,306.41
309,2,Etching,68.999,50.437,1.026,NOLSM3101213,12,13,17-02-2019 PM 9:04:30,446.0,462.06,498.39,555.72
310,3,Etching,70.143,51.22,1.027,NOLSM3111214,12,14,17-02-2019 PM 9:04:30,179.0,193.69,230.12,287.4
311,2,Etching,69.56,50.946,1.018,NOLSM3121215,12,15,17-02-2019 PM 9:04:30,154.0,169.18,205.66,262.65999999999997
312,1,Etching,71.881,51.695,1.009,NOLSM3131216,12,16,17-02-2019 PM 9:04:30,445.0,460.22,496.16,553.48
313,1,Etching,70.734,51.522,1.057,NOLSM3141217,12,17,17-02-2019 PM 9:04:30,462.0,478.96,515.66,572.76
314,2,Etching,70.305,50.901,1.03,NOLSM3151218,12,18,17-02-2019 PM 9:04:30,325.0,339.02,375.58,432.56
315,3,Etching,71.185,51.489,1.028,NOLSM3161219,12,19,17-02-2019 PM 9:04:30,401.0,415.79,452.58000000000004,509.81000000000006
316,3,Etching,70.408,50.432,1.052,NOLSM3171220,12,20,17-02-2019 PM 9:04:30,245.0,259.98,296.19,353.62
317,2,Etching,70.8,50.975,1.033,NOLSM3181221,12,21,17-02-2019 PM 9:04:30,300.0,314.97,351.26000000000005,408.13000000000005
318,1,Etching,70.27,51.249,1.035,NOLSM3191222,12,22,17-02-2019 PM 9:04:30,498.0,511.63,547.95,605.08
319,1,Etching,70.338,51.521,1.021,NOLSM3201223,12,23,17-02-2019 PM 9:04:30,425.0,439.67,476.31,533.78
320,2,Etching,71.649,51.753,1.029,NOLSM3211224,12,24,17-02-2019 PM 9:04:30,501.0,513.22,549.73,606.88
321,3,Etching,71.803,49.778,1.013,NOLSM3221225,12,25,17-02-2019 PM 9:04:30,349.0,364.04,400.78000000000003,457.97
322,3,Etching,70.276,51.213,1.017,NOLSM3231226,12,26,17-02-2019 PM 9:04:30,578.0,593.01,629.61,686.89
323,2,Etching,71.456,50.481,1.037,NOLSM3241227,12,27,17-02-2019 PM 9:04:30,670.0,685.38,721.95,779.0400000000001
324,1,Etching,72.651,52.103,1.03,NOLSM325131,13,1,17-02-2019 PM 9:04:30,340.0,355.22,391.66,448.98
325,1,Etching,70.267,52.004,1.038,NOLSM326132,13,2,17-02-2019 PM 9:04:30,265.0,280.13,316.44,373.73
326,2,Etching,71.231,50.846,1.005,NOLSM327133,13,3,17-02-2019 PM 9:04:30,411.0,426.68,463.21000000000004,520.5
327,3,Etching,71.295,51.665,1.025,NOLSM328134,13,4,17-02-2019 PM 9:04:30,328.0,341.26,377.87,435.05
328,3,Etching,72.983,50.787,1.038,NOLSM329135,13,5,17-02-2019 PM 9:04:30,219.0,233.51,269.88,327.17
329,2,Etching,70.207,51.687,1.023,NOLSM330136,13,6,17-02-2019 PM 9:04:30,272.0,287.4,324.01,381.05
330,1,Etching,70.688,50.834,1.034,NOLSM331137,13,7,17-02-2019 PM 9:04:30,429.0,445.24,481.41,538.69
331,1,Etching,69.496,51.711,1.047,NOLSM332138,13,8,17-02-2019 PM 9:04:30,561.0,575.78,612.65,669.99
332,2,Etching,70.06,51.141,1.047,NOLSM333139,13,9,17-02-2019 PM 9:04:30,-45.0,-30.86,5.549999999999997,62.86
333,3,Etching,71.617,51.857,1.045,NOLSM3341310,13,10,17-02-2019 PM 9:04:30,404.0,420.35,456.88,513.83
334,3,Etching,70.261,50.744,1.032,NOLSM3351311,13,11,17-02-2019 PM 9:04:30,408.0,423.53,460.03999999999996,517.2199999999999
335,2,Etching,72.521,50.902,1.03,NOLSM3361312,13,12,17-02-2019 PM 9:04:30,362.0,376.63,413.46,470.44
336,1,Etching,70.816,51.002,1.035,NOLSM3371313,13,13,17-02-2019 PM 9:04:30,308.0,322.98,359.19,416.51
337,1,Etching,70.79,50.947,1.045,NOLSM3381314,13,14,17-02-2019 PM 9:04:30,604.0,619.24,655.77,712.98
338,2,Etching,71.372,50.451,1.063,NOLSM3391315,13,15,17-02-2019 PM 9:04:30,280.0,295.71,332.13,389.24
339,3,Etching,71.939,50.615,1.038,NOLSM3401316,13,16,17-02-2019 PM 9:04:30,282.0,296.42,332.78000000000003,389.72
340,3,Etching,72.12,51.318,1.023,NOLSM3411317,13,17,17-02-2019 PM 9:04:30,477.0,492.61,529.28,586.51
341,2,Etching,72.795,50.143,1.041,NOLSM3421318,13,18,17-02-2019 PM 9:04:30,350.0,366.9,403.49,460.4
342,1,Etching,70.126,51.616,1.006,NOLSM3431319,13,19,17-02-2019 PM 9:04:30,353.0,368.44,404.93,461.99
343,1,Etching,70.69,51.408,1.02,NOLSM3441320,13,20,17-02-2019 PM 9:04:30,278.0,292.63,329.36,386.63
344,3,Etching,71.316,51.257,1.026,NOLSM3451321,13,21,17-02-2019 PM 9:04:30,378.0,394.16,430.99,488.08000000000004
345,3,Etching,70.598,49.726,1.013,NOLSM3461322,13,22,17-02-2019 PM 9:04:30,317.0,331.49,367.66,425.05
346,2,Etching,70.318,51.228,1.017,NOLSM3471323,13,23,17-02-2019 PM 9:04:30,473.0,488.76,525.48,582.86
347,1,Etching,69.975,51.375,1.052,NOLSM3481324,13,24,17-02-2019 PM 9:04:30,499.0,513.5,549.99,607.29
348,1,Etching,71.688,51.31,1.067,NOLSM3491325,13,25,17-02-2019 PM 9:04:30,222.0,235.9,272.56,329.94
349,2,Etching,71.438,51.489,1.03,NOLSM3501326,13,26,17-02-2019 PM 9:04:30,41.0,57.46,94.08,151.3
350,3,Etching,71.538,50.43,1.029,NOLSM3511327,13,27,17-02-2019 PM 9:04:30,65.0,79.69,116.21000000000001,173.46
351,3,Etching,71.259,51.068,1.033,NOLSM352141,14,1,17-02-2019 PM 9:04:30,166.0,181.18,217.81,274.81
352,2,Etching,71.105,51.201,1.023,NOLSM353142,14,2,17-02-2019 PM 9:04:30,355.0,371.05,407.7,464.81
353,1,Etching,71.861,49.342,1.036,NOLSM354143,14,3,17-02-2019 PM 9:04:30,341.0,357.35,393.75,450.74
354,1,Etching,72.316,51.908,1.037,NOLSM355144,14,4,17-02-2019 PM 9:04:30,304.0,318.99,355.53000000000003,412.65000000000003
355,2,Etching,71.392,51.661,1.014,NOLSM356145,14,5,17-02-2019 PM 9:04:30,443.0,457.21,493.46,550.53
356,3,Etching,71.161,52.149,1.045,NOLSM357146,14,6,17-02-2019 PM 9:04:30,680.0,695.17,731.8,788.91
357,2,Etching,70.423,52.148,1.033,NOLSM358147,14,7,17-02-2019 PM 9:04:30,485.0,500.05,536.82,593.8100000000001
358,1,Etching,68.866,50.065,1.004,NOLSM359148,14,8,17-02-2019 PM 9:04:30,489.0,505.57,542.26,599.6899999999999
359,1,Etching,70.639,51.593,1.005,NOLSM360149,14,9,17-02-2019 PM 9:04:30,418.0,433.83,470.34,527.43
360,2,Etching,70.747,50.321,1.025,NOLSM3611410,14,10,17-02-2019 PM 9:04:30,405.0,420.72,457.02000000000004,513.95
361,3,Etching,70.321,52.238,1.011,NOLSM3621411,14,11,17-02-2019 PM 9:04:30,381.0,395.85,432.56,489.78
362,3,Etching,70.86,51.687,1.044,NOLSM3631412,14,12,17-02-2019 PM 9:04:30,203.0,219.15,255.74,312.83000000000004
363,2,Etching,69.133,50.789,1.004,NOLSM3641413,14,13,17-02-2019 PM 9:04:30,446.0,460.22,496.61,553.6
364,1,Etching,69.702,50.383,1.068,NOLSM3651414,14,14,17-02-2019 PM 9:04:30,125.0,138.95,175.37,232.74
365,1,Etching,70.583,50.799,1.018,NOLSM3661415,14,15,17-02-2019 PM 9:04:30,443.0,458.32,495.02,552.14
366,2,Etching,70.414,51.688,1.034,NOLSM3671416,14,16,17-02-2019 PM 9:04:30,473.0,486.41,522.98,580.12
367,3,Etching,70.48,50.721,0.988,NOLSM3681417,14,17,17-02-2019 PM 9:04:30,298.0,313.64,350.15999999999997,407.4
368,3,Etching,71.519,49.98,1.066,NOLSM3691418,14,18,17-02-2019 PM 9:04:30,467.0,482.32,518.89,576.2
369,2,Etching,71.071,50.758,1.035,NOLSM3701419,14,19,17-02-2019 PM 9:04:30,310.0,323.77,360.17999999999995,417.49999999999994
370,1,Etching,71.294,50.009,1.012,NOLSM3711420,14,20,17-02-2019 PM 9:04:30,273.0,287.89,324.39,381.61
371,1,Etching,69.354,50.718,1.02,NOLSM3721421,14,21,17-02-2019 PM 9:04:30,582.0,597.76,634.4399999999999,691.9
372,2,Etching,70.906,50.855,1.037,NOLSM3731422,14,22,17-02-2019 PM 9:04:30,427.0,442.48,479.14,536.03
373,3,Etching,69.792,51.891,1.01,NOLSM3741423,14,23,17-02-2019 PM 9:04:30,469.0,483.6,520.51,577.54
374,1,Etching,70.904,51.018,1.038,NOLSM3751424,14,24,17-02-2019 PM 9:04:30,470.0,484.95,521.64,578.79
375,1,Etching,71.924,50.918,1.004,NOLSM3761425,14,25,17-02-2019 PM 9:04:30,310.0,324.49,360.83000000000004,417.94000000000005
376,2,Etching,70.794,50.944,1.026,NOLSM3771426,14,26,17-02-2019 PM 9:04:30,-18.0,-2.7300000000000004,34.28,91.30000000000001
377,3,Etching,71.566,50.723,1.048,NOLSM3781427,14,27,17-02-2019 PM 9:04:30,267.0,280.77,317.21999999999997,374.16999999999996
378,3,Etching,71.94,51.431,1.022,NOLSM379151,15,1,17-02-2019 PM 9:04:30,363.0,378.06,414.46,471.52
379,2,Etching,70.082,51.207,1.012,NOLSM380152,15,2,17-02-2019 PM 9:04:30,425.0,440.25,476.87,534.09
380,1,Etching,71.146,50.255,1.055,NOLSM381153,15,3,17-02-2019 PM 9:04:30,309.0,323.65,360.28999999999996,417.52
381,1,Etching,69.262,50.687,1.033,NOLSM382154,15,4,17-02-2019 PM 9:04:30,285.0,300.96,337.56,394.97
382,3,Etching,69.822,51.237,1.031,NOLSM383155,15,5,17-02-2019 PM 9:04:30,306.0,322.27,358.96999999999997,416.18999999999994
383,3,Etching,71.021,51.969,1.054,NOLSM384156,15,6,17-02-2019 PM 9:04:30,448.0,464.48,501.02000000000004,558.27
384,1,Etching,70.563,52.148,1.042,NOLSM385157,15,7,17-02-2019 PM 9:04:30,463.0,475.47,511.79,569.0500000000001
385,1,Etching,69.103,51.668,1.032,NOLSM386158,15,8,17-02-2019 PM 9:04:30,250.0,263.25,300.13,357.05
386,2,Etching,70.774,51.67,1.045,NOLSM387159,15,9,17-02-2019 PM 9:04:30,362.0,379.09,415.62,472.94
387,3,Etching,70.769,50.224,1.04,NOLSM3881510,15,10,17-02-2019 PM 9:04:30,348.0,362.68,399.17,456.32
388,3,Etching,69.021,50.178,1.016,NOLSM3891511,15,11,17-02-2019 PM 9:04:30,460.0,474.66,511.52000000000004,568.6600000000001
389,2,Etching,71.792,49.794,1.024,NOLSM3901512,15,12,17-02-2019 PM 9:04:30,263.0,276.9,313.5,370.56
390,1,Etching,70.101,50.718,1.027,NOLSM3911513,15,13,17-02-2019 PM 9:04:30,498.0,513.61,549.9300000000001,607.1700000000001
391,1,Etching,70.711,51.041,1.011,NOLSM3921514,15,14,17-02-2019 PM 9:04:30,192.0,208.65,245.36,302.65000000000003
392,3,Etching,71.779,51.067,1.015,NOLSM3931515,15,15,17-02-2019 PM 9:04:30,387.0,402.73,439.04,496.22
393,3,Etching,70.586,51.288,0.999,NOLSM3941516,15,16,17-02-2019 PM 9:04:30,450.0,465.26,501.68,559.01
394,2,Etching,70.171,51.049,1.041,NOLSM3951517,15,17,17-02-2019 PM 9:04:30,371.0,385.81,422.47,479.74
395,1,Etching,70.693,51.23,1.033,NOLSM3961518,15,18,17-02-2019 PM 9:04:30,277.0,292.88,329.88,387.08
396,1,Etching,71.747,50.344,1.045,NOLSM3971519,15,19,17-02-2019 PM 9:04:30,359.0,373.41,410.16,467.32000000000005
397,2,Etching,70.718,51.012,1.014,NOLSM3981520,15,20,17-02-2019 PM 9:04:30,343.0,357.41,394.01000000000005,451.09000000000003
398,3,Etching,70.269,49.957,1.025,NOLSM3991521,15,21,17-02-2019 PM 9:04:30,261.0,275.02,311.63,368.62
399,3,Etching,69.28,50.752,1.056,NOLSM4001522,15,22,17-02-2019 PM 9:04:30,244.0,259.09,295.55999999999995,352.61999999999995
400,2,Etching,70.841,50.726,1.036,NOLSM4011523,15,23,17-02-2019 PM 9:04:30,218.0,233.76,270.27,327.16999999999996
401,1,Etching,69.916,50.504,1.028,NOLSM4021524,15,24,17-02-2019 PM 9:04:30,315.0,329.86,366.3,423.5
402,1,Etching,69.159,50.557,1.015,NOLSM4031525,15,25,17-02-2019 PM 9:04:30,417.0,431.56,467.94,525.26
403,3,Etching,70.469,51.336,1.009,NOLSM4041526,15,26,17-02-2019 PM 9:04:30,172.0,186.2,222.63,279.99
404,3,Etching,72.095,50.087,1.046,NOLSM4051527,15,27,17-02-2019 PM 9:04:30,285.0,300.06,336.75,394.04
405,2,Etching,72.003,51.716,0.994,NOLSM406161,16,1,17-02-2019 PM 9:04:30,230.0,246.34,283.19,340.46
406,1,Etching,72.124,51.059,1.039,NOLSM407162,16,2,17-02-2019 PM 9:04:30,484.0,498.37,534.92,591.8599999999999
407,1,Etching,72.581,51.849,1.068,NOLSM408163,16,3,17-02-2019 PM 9:04:30,316.0,331.05,367.3,423.97
408,2,Etching,71.721,50.856,0.993,NOLSM409164,16,4,17-02-2019 PM 9:04:30,432.0,447.15,483.69,541.0
409,3,Etching,71.102,50.178,1.014,NOLSM410165,16,5,17-02-2019 PM 9:04:30,316.0,331.64,368.09999999999997,425.45
410,3,Etching,70.678,50.537,1.031,NOLSM411166,16,6,17-02-2019 PM 9:04:30,369.0,384.92,421.84000000000003,479.05
411,2,Etching,70.09,51.53,1.045,NOLSM412167,16,7,17-02-2019 PM 9:04:30,489.0,504.57,541.14,598.5799999999999
412,1,Etching,70.335,51.532,1.023,NOLSM413168,16,8,17-02-2019 PM 9:04:30,363.0,379.88,416.71,473.69
413,1,Etching,70.457,51.412,1.062,NOLSM414169,16,9,17-02-2019 PM 9:04:30,276.0,290.65,327.46,384.78
414,2,Etching,71.716,50.907,1.023,NOLSM4151610,16,10,17-02-2019 PM 9:04:30,214.0,228.56,265.01,322.28
415,3,Etching,70.512,51.741,1.019,NOLSM4161611,16,11,17-02-2019 PM 9:04:30,319.0,335.23,371.94,429.34
416,3,Etching,70.999,51.225,1.037,NOLSM4171612,16,12,17-02-2019 PM 9:04:30,253.0,267.38,303.71,360.90999999999997
417,2,Etching,70.647,50.296,1.037,NOLSM4181613,16,13,17-02-2019 PM 9:04:30,385.0,399.68,436.35,493.45000000000005
418,1,Etching,71.607,50.634,1.039,NOLSM4191614,16,14,17-02-2019 PM 9:04:30,276.0,290.87,327.32,384.45
419,1,Etching,69.825,51.356,1.023,NOLSM4201615,16,15,17-02-2019 PM 9:04:30,292.0,307.88,344.68,401.8
420,2,Etching,71.406,51.426,1.029,NOLSM4211616,16,16,17-02-2019 PM 9:04:30,544.0,557.18,593.81,651.0799999999999
421,3,Etching,71.062,50.104,1.039,NOLSM4221617,16,17,17-02-2019 PM 9:04:30,298.0,311.6,348.42,405.61
422,2,Etching,72.241,51.419,1.05,NOLSM4231618,16,18,17-02-2019 PM 9:04:30,429.0,444.77,481.03999999999996,538.0999999999999
423,1,Etching,71.619,51.317,0.998,NOLSM4241619,16,19,17-02-2019 PM 9:04:30,625.0,641.77,678.38,735.63
424,1,Etching,69.643,51.066,1.05,NOLSM4251620,16,20,17-02-2019 PM 9:04:30,286.0,301.01,337.81,395.28
425,3,Etching,71.658,50.936,1.026,NOLSM4261621,16,21,17-02-2019 PM 9:04:30,321.0,335.93,372.32,429.28
426,3,Etching,70.923,50.45,1.043,NOLSM4271622,16,22,17-02-2019 PM 9:04:30,669.0,684.43,721.1099999999999,778.31
427,2,Etching,70.488,51.883,1.031,NOLSM4281623,16,23,17-02-2019 PM 9:04:30,219.0,234.3,270.64,327.73
428,1,Etching,71.018,50.858,1.029,NOLSM4291624,16,24,17-02-2019 PM 9:04:30,310.0,326.3,362.73,419.76
429,1,Etching,70.464,51.034,1.018,NOLSM4301625,16,25,17-02-2019 PM 9:04:30,186.0,201.34,237.7,294.84999999999997
430,2,Etching,70.441,51.746,1.011,NOLSM4311626,16,26,17-02-2019 PM 9:04:30,224.0,238.32,274.85,332.05
431,3,Etching,71.615,51.485,1.035,NOLSM4321627,16,27,17-02-2019 PM 9:04:30,464.0,480.8,517.36,574.44
432,3,Etching,71.885,51.539,1.018,NOLSM433171,17,1,17-02-2019 PM 9:04:30,383.0,398.0,434.77,491.71999999999997
433,2,Etching,71.389,51.222,1.026,NOLSM434172,17,2,17-02-2019 PM 9:04:30,180.0,196.63,233.12,290.26
434,1,Etching,72.879,50.689,1.055,NOLSM435173,17,3,17-02-2019 PM 9:04:30,335.0,348.55,384.75,442.09000000000003
435,1,Etching,71.999,51.884,1.039,NOLSM436174,17,4,17-02-2019 PM 9:04:30,270.0,283.72,320.5,377.59000000000003
436,2,Etching,71.542,51.623,1.029,NOLSM437175,17,5,17-02-2019 PM 9:04:30,197.0,212.7,249.17999999999998,306.2
437,3,Etching,70.415,51.003,1.032,NOLSM438176,17,6,17-02-2019 PM 9:04:30,392.0,407.22,443.73,500.69
438,2,Etching,71.625,51.508,1.029,NOLSM439177,17,7,17-02-2019 PM 9:04:30,557.0,572.07,608.6,665.57
439,1,Etching,69.329,51.433,1.03,NOLSM440178,17,8,17-02-2019 PM 9:04:30,266.0,279.6,316.38,373.47
440,1,Etching,71.466,51.876,1.02,NOLSM441179,17,9,17-02-2019 PM 9:04:30,471.0,486.25,522.92,580.02
441,3,Etching,71.554,50.636,1.041,NOLSM4421710,17,10,17-02-2019 PM 9:04:30,354.0,368.95,405.40999999999997,462.48999999999995
442,3,Etching,70.799,51.133,1.036,NOLSM4431711,17,11,17-02-2019 PM 9:04:30,424.0,439.0,475.72,533.0
443,2,Etching,70.839,51.372,1.044,NOLSM4441712,17,12,17-02-2019 PM 9:04:30,319.0,333.31,369.78,427.15
444,1,Etching,72.306,50.665,1.031,NOLSM4451713,17,13,17-02-2019 PM 9:04:30,360.0,375.83,412.45,469.49
445,1,Etching,71.503,50.367,1.064,NOLSM4461714,17,14,17-02-2019 PM 9:04:30,337.0,351.34,387.78999999999996,445.05999999999995
446,2,Etching,72.064,51.406,1.016,NOLSM4471715,17,15,17-02-2019 PM 9:04:30,506.0,519.84,556.0500000000001,613.23
447,3,Etching,71.033,50.453,1.021,NOLSM4481716,17,16,17-02-2019 PM 9:04:30,435.0,450.09,486.63,544.14
448,3,Etching,71.134,50.369,1.036,NOLSM4491717,17,17,17-02-2019 PM 9:04:30,337.0,351.98,388.37,445.66
449,1,Etching,70.685,50.708,1.041,NOLSM4501718,17,18,17-02-2019 PM 9:04:30,268.0,281.72,318.45000000000005,375.39000000000004
450,1,Etching,68.15,50.463,1.04,NOLSM4511719,17,19,17-02-2019 PM 9:04:30,398.0,412.79,449.47,506.63
451,3,Etching,73.081,51.389,1.022,NOLSM4521720,17,20,17-02-2019 PM 9:04:30,435.0,450.56,487.21,544.1
452,3,Etching,71.234,51.688,1.029,NOLSM4531721,17,21,17-02-2019 PM 9:04:30,337.0,350.19,386.75,443.89
453,2,Etching,70.287,50.762,1.055,NOLSM4541722,17,22,17-02-2019 PM 9:04:30,207.0,222.17,258.3,315.53000000000003
454,1,Etching,71.399,51.216,1.015,NOLSM4551723,17,23,17-02-2019 PM 9:04:30,298.0,313.75,350.57,407.94
455,1,Etching,72.158,51.151,1.054,NOLSM4561724,17,24,17-02-2019 PM 9:04:30,511.0,525.87,562.61,619.49
456,3,Etching,71.972,50.805,1.035,NOLSM4571725,17,25,17-02-2019 PM 9:04:30,291.0,307.23,343.90000000000003,401.20000000000005
457,3,Etching,70.657,50.916,1.035,NOLSM4581726,17,26,17-02-2019 PM 9:04:30,630.0,642.05,678.52,735.5799999999999
458,2,Etching,71.628,51.567,1.033,NOLSM4591727,17,27,17-02-2019 PM 9:04:30,343.0,358.89,395.61,452.63
459,1,Etching,68.846,49.99,1.0,NOLSM460181,18,1,17-02-2019 PM 9:04:30,98.0,111.7,147.84,204.67000000000002
460,1,Etching,69.097,50.559,1.014,NOLSM461182,18,2,17-02-2019 PM 9:04:30,183.0,196.46,232.61,289.72
461,2,Etching,70.485,51.093,1.027,NOLSM462183,18,3,17-02-2019 PM 9:04:30,195.0,208.96,245.24,302.28000000000003
462,3,Etching,70.805,51.007,1.025,NOLSM463184,18,4,17-02-2019 PM 9:04:30,183.0,196.78,233.07999999999998,289.96999999999997
463,3,Etching,71.258,51.175,1.029,NOLSM464185,18,5,17-02-2019 PM 9:04:30,152.0,166.2,202.56,259.73
464,2,Etching,71.248,51.054,1.026,NOLSM465186,18,6,17-02-2019 PM 9:04:30,150.0,163.29,199.66,256.74
465,1,Etching,71.248,51.153,1.029,NOLSM466187,18,7,17-02-2019 PM 9:04:30,62.0,76.18,112.52000000000001,169.84
466,1,Etching,71.378,51.38,1.034,NOLSM467188,18,8,17-02-2019 PM 9:04:30,143.0,157.15,193.51,250.51999999999998
467,2,Etching,71.36,50.989,1.025,NOLSM468189,18,9,17-02-2019 PM 9:04:30,113.0,127.13,163.51,220.76999999999998
468,3,Etching,71.225,51.355,1.034,NOLSM4691810,18,10,17-02-2019 PM 9:04:30,178.0,192.86,229.25,286.51
469,2,Etching,71.244,51.355,1.034,NOLSM4701811,18,11,17-02-2019 PM 9:04:30,241.0,256.05,292.42,349.70000000000005
470,1,Etching,71.221,51.61,1.04,NOLSM4711812,18,12,17-02-2019 PM 9:04:30,165.0,178.99,215.34,272.39
471,1,Etching,71.371,51.651,1.041,NOLSM4721813,18,13,17-02-2019 PM 9:04:30,136.0,149.93,186.32,243.64999999999998
472,2,Etching,71.321,51.618,1.04,NOLSM4731814,18,14,17-02-2019 PM 9:04:30,192.0,206.38,242.8,299.73
473,3,Etching,71.375,51.608,1.04,NOLSM4741815,18,15,17-02-2019 PM 9:04:30,167.0,181.14,217.48999999999998,274.74
474,3,Etching,71.47,51.881,1.047,NOLSM4751816,18,16,17-02-2019 PM 9:04:30,142.0,156.61,193.01000000000002,249.90000000000003
475,1,Etching,71.346,51.626,1.041,NOLSM4761817,18,17,17-02-2019 PM 9:04:30,200.0,214.48,250.82999999999998,307.89
476,1,Etching,71.284,51.506,1.038,NOLSM4771818,18,18,17-02-2019 PM 9:04:30,107.0,120.7,157.06,214.27
477,2,Etching,71.345,51.632,1.041,NOLSM4781819,18,19,17-02-2019 PM 9:04:30,53.0,66.11,102.46000000000001,159.67000000000002
478,3,Etching,71.322,51.699,1.042,NOLSM4791820,18,20,17-02-2019 PM 9:04:30,228.0,241.56,277.96,335.16999999999996
479,3,Etching,71.411,51.862,1.047,NOLSM4801821,18,21,17-02-2019 PM 9:04:30,182.0,195.72,232.12,289.16
480,2,Etching,71.383,51.928,1.048,NOLSM4811822,18,22,17-02-2019 PM 9:04:30,136.0,149.08,185.42000000000002,242.47000000000003
481,1,Etching,71.517,52.139,1.053,NOLSM4821823,18,23,17-02-2019 PM 9:04:30,160.0,173.06,209.43,266.58
482,1,Etching,71.304,51.748,1.044,NOLSM4831824,18,24,17-02-2019 PM 9:04:30,132.0,145.73,182.1,239.39
483,2,Etching,71.296,51.876,1.047,NOLSM4841825,18,25,17-02-2019 PM 9:04:30,145.0,159.13,195.51,252.73999999999998
484,3,Etching,71.4,51.904,1.048,NOLSM4851826,18,26,17-02-2019 PM 9:04:30,114.0,126.82,163.17,220.13
485,3,Etching,71.385,51.894,1.047,NOLSM4861827,18,27,17-02-2019 PM 9:04:30,210.0,224.28,260.72,318.04
486,2,Etching,71.52,52.092,1.052,NOLSM487191,19,1,17-02-2019 PM 9:04:30,191.0,204.82,241.22,298.12
487,1,Etching,71.539,52.101,1.053,NOLSM488192,19,2,17-02-2019 PM 9:04:30,180.0,194.03,230.39,287.5
488,1,Etching,71.544,52.168,1.054,NOLSM489193,19,3,17-02-2019 PM 9:04:30,241.0,254.72,291.09,348.13
489,2,Etching,71.695,52.326,1.058,NOLSM490194,19,4,17-02-2019 PM 9:04:30,210.0,224.48,260.94,317.88
490,3,Etching,71.608,52.369,1.059,NOLSM491195,19,5,17-02-2019 PM 9:04:30,136.0,150.28,186.68,243.89000000000001
491,3,Etching,71.56,51.699,1.042,NOLSM492196,19,6,17-02-2019 PM 9:04:30,198.0,211.88,248.29,305.55
492,2,Etching,71.397,51.598,1.04,NOLSM493197,19,7,17-02-2019 PM 9:04:30,186.0,199.88,236.32999999999998,293.62
493,1,Etching,71.348,51.548,1.039,NOLSM494198,19,8,17-02-2019 PM 9:04:30,195.0,208.58,245.0,302.32
494,1,Etching,71.363,51.571,1.039,NOLSM495199,19,9,17-02-2019 PM 9:04:30,270.0,283.68,320.07,377.27
495,2,Etching,71.496,51.729,1.043,NOLSM4961910,19,10,17-02-2019 PM 9:04:30,185.0,199.59,236.05,292.97
496,3,Etching,71.364,51.523,1.038,NOLSM4971911,19,11,17-02-2019 PM 9:04:30,363.0,378.08,414.64,471.65999999999997
497,3,Etching,71.298,51.41,1.035,NOLSM4981912,19,12,17-02-2019 PM 9:04:30,243.0,257.59,294.04999999999995,351.25999999999993
498,2,Etching,71.556,51.932,1.048,NOLSM4991913,19,13,17-02-2019 PM 9:04:30,281.0,295.97,332.48,389.36
499,1,Etching,71.56,51.904,1.048,NOLSM5001914,19,14,17-02-2019 PM 9:04:30,326.0,341.14,377.66999999999996,434.62999999999994
500,1,Etching,71.456,51.51,1.038,NOLSM5011915,19,15,17-02-2019 PM 9:04:30,345.0,359.92,396.44,453.73
501,2,Etching,71.648,52.03,1.051,NOLSM5021916,19,16,17-02-2019 PM 9:04:30,325.0,339.42,375.99,433.1
502,3,Etching,71.651,52.084,1.052,NOLSM5031917,19,17,17-02-2019 PM 9:04:30,365.0,380.38,416.95,474.03999999999996
503,3,Etching,71.633,51.986,1.05,NOLSM5041918,19,18,17-02-2019 PM 9:04:30,625.0,640.15,676.92,734.1099999999999
504,2,Etching,70.995,50.934,1.023,NOLSM5051919,19,19,17-02-2019 PM 9:04:30,50.0,64.22,100.53,157.56
505,1,Etching,70.95,51.06,1.027,NOLSM5061920,19,20,17-02-2019 PM 9:04:30,214.0,228.53,264.89,322.11
506,1,Etching,71.011,51.492,1.037,NOLSM5071921,19,21,17-02-2019 PM 9:04:30,136.0,150.5,186.82999999999998,243.85
507,2,Etching,71.159,51.537,1.038,NOLSM5081922,19,22,17-02-2019 PM 9:04:30,95.0,108.38,144.70999999999998,201.95
508,3,Etching,70.974,51.127,1.028,NOLSM5091923,19,23,17-02-2019 PM 9:04:30,151.0,165.55,201.86,258.98
509,2,Etching,70.95,51.203,1.03,NOLSM5101924,19,24,17-02-2019 PM 9:04:30,53.0,66.42,102.73,159.9
510,1,Etching,70.909,51.425,1.036,NOLSM5111925,19,25,17-02-2019 PM 9:04:30,148.0,161.69,197.98,255.2
511,1,Etching,71.054,51.231,1.031,NOLSM5121926,19,26,17-02-2019 PM 9:04:30,188.0,201.88,238.26,295.53
512,2,Etching,70.693,51.008,1.025,NOLSM5131927,19,27,17-02-2019 PM 9:04:30,221.0,234.78,271.13,327.99
513,3,Etching,70.665,50.887,1.022,NOLSM514201,20,1,17-02-2019 PM 9:04:30,256.0,270.41,306.8,364.0
514,3,Etching,70.586,50.914,1.023,NOLSM515202,20,2,17-02-2019 PM 9:04:30,191.0,204.28,240.64,297.78
515,2,Etching,70.748,51.262,1.032,NOLSM516203,20,3,17-02-2019 PM 9:04:30,224.0,238.18,274.57,331.59
516,1,Etching,70.693,50.996,1.025,NOLSM517204,20,4,17-02-2019 PM 9:04:30,122.0,136.08,172.38,229.55
517,1,Etching,70.98,51.72,1.043,NOLSM518205,20,5,17-02-2019 PM 9:04:30,236.0,249.91,286.27,343.40999999999997
518,2,Etching,70.908,51.437,1.036,NOLSM519206,20,6,17-02-2019 PM 9:04:30,286.0,299.49,335.84000000000003,392.64000000000004
519,3,Etching,70.984,51.358,1.034,NOLSM520207,20,7,17-02-2019 PM 9:04:30,174.0,188.32,224.67,281.96
520,2,Etching,70.929,51.567,1.039,NOLSM521208,20,8,17-02-2019 PM 9:04:30,136.0,149.31,185.61,242.78000000000003
521,1,Etching,70.929,51.831,1.046,NOLSM522209,20,9,17-02-2019 PM 9:04:30,208.0,221.5,257.82,315.01
522,1,Etching,71.047,51.579,1.039,NOLSM5232010,20,10,17-02-2019 PM 9:04:30,404.0,418.6,455.09000000000003,511.96000000000004
523,2,Etching,71.109,51.717,1.043,NOLSM5242011,20,11,17-02-2019 PM 9:04:30,111.0,123.6,159.91,216.72
524,3,Etching,71.133,51.574,1.039,NOLSM5252012,20,12,17-02-2019 PM 9:04:30,217.0,230.37,266.75,323.95
525,3,Etching,70.946,51.451,1.036,NOLSM5262013,20,13,17-02-2019 PM 9:04:30,177.0,190.23,226.56,283.65
526,2,Etching,71.033,51.592,1.04,NOLSM5272014,20,14,17-02-2019 PM 9:04:30,193.0,208.11,244.48000000000002,301.44
527,1,Etching,71.137,51.717,1.043,NOLSM5282015,20,15,17-02-2019 PM 9:04:30,237.0,251.88,288.28999999999996,345.19999999999993
528,1,Etching,71.234,51.851,1.046,NOLSM5292016,20,16,17-02-2019 PM 9:04:30,255.0,269.82,306.23,363.52000000000004
529,2,Etching,71.249,51.735,1.043,NOLSM5302017,20,17,17-02-2019 PM 9:04:30,256.0,270.82,307.25,364.34000000000003
530,3,Etching,71.169,51.714,1.043,NOLSM5312018,20,18,17-02-2019 PM 9:04:30,151.0,164.86,201.20000000000002,258.31
531,3,Etching,71.153,51.744,1.044,NOLSM5322019,20,19,17-02-2019 PM 9:04:30,206.0,221.19,257.6,314.85
532,2,Etching,71.196,51.704,1.043,NOLSM5332020,20,20,17-02-2019 PM 9:04:30,158.0,171.94,208.31,265.24
533,1,Etching,71.174,51.699,1.042,NOLSM5342021,20,21,17-02-2019 PM 9:04:30,278.0,292.46,328.87,385.76
534,1,Etching,71.287,51.796,1.045,NOLSM5352022,20,22,17-02-2019 PM 9:04:30,381.0,396.19,432.75,489.88
535,2,Etching,71.17,51.694,1.042,NOLSM5362023,20,23,17-02-2019 PM 9:04:30,297.0,312.09,348.53999999999996,405.61999999999995
536,3,Etching,71.164,51.679,1.042,NOLSM5372024,20,24,17-02-2019 PM 9:04:30,212.0,226.55,262.94,319.92
537,2,Etching,71.119,51.595,1.04,NOLSM5382025,20,25,17-02-2019 PM 9:04:30,177.0,190.77,227.17000000000002,284.04
538,1,Etching,71.256,51.811,1.045,NOLSM5392026,20,26,17-02-2019 PM 9:04:30,190.0,204.65,241.01,298.23
539,1,Etching,71.402,51.834,1.046,NOLSM5402027,20,27,17-02-2019 PM 9:04:30,204.0,217.88,254.29,311.57
540,2,Etching,71.287,51.867,1.047,NOLSM541211,21,1,17-02-2019 PM 9:04:30,205.0,219.91,256.32,313.15
541,3,Etching,71.603,52.199,1.055,NOLSM542212,21,2,17-02-2019 PM 9:04:30,215.0,229.06,265.49,322.52
542,3,Etching,71.516,51.977,1.049,NOLSM543213,21,3,17-02-2019 PM 9:04:30,174.0,188.48,224.85,281.90999999999997
543,2,Etching,71.361,52.042,1.051,NOLSM544214,21,4,17-02-2019 PM 9:04:30,204.0,217.77,254.19,311.15
544,1,Etching,71.269,52.165,1.054,NOLSM545215,21,5,17-02-2019 PM 9:04:30,277.0,291.56,327.95,385.01
545,1,Etching,71.441,52.573,1.064,NOLSM546216,21,6,17-02-2019 PM 9:04:30,235.0,249.2,285.63,342.85
546,2,Etching,71.54,52.562,1.064,NOLSM547217,21,7,17-02-2019 PM 9:04:30,204.0,217.93,254.31,311.37
547,3,Etching,71.313,52.23,1.056,NOLSM548218,21,8,17-02-2019 PM 9:04:30,267.0,281.1,317.5,374.4
548,3,Etching,71.43,52.225,1.056,NOLSM549219,21,9,17-02-2019 PM 9:04:30,144.0,158.71,195.11,251.96
549,2,Etching,71.011,51.705,1.043,NOLSM5502110,21,10,17-02-2019 PM 9:04:30,183.0,197.17,233.54,290.53999999999996
550,1,Etching,71.062,51.891,1.047,NOLSM5512111,21,11,17-02-2019 PM 9:04:30,227.0,241.18,277.57,334.83
551,1,Etching,71.163,51.853,1.046,NOLSM5522112,21,12,17-02-2019 PM 9:04:30,270.0,284.76,321.19,378.05
552,3,Etching,71.008,51.72,1.043,NOLSM5532113,21,13,17-02-2019 PM 9:04:30,193.0,206.68,243.02,300.17
553,3,Etching,71.009,51.837,1.046,NOLSM5542114,21,14,17-02-2019 PM 9:04:30,184.0,198.25,234.57999999999998,291.39
554,2,Etching,70.991,51.915,1.048,NOLSM5552115,21,15,17-02-2019 PM 9:04:30,138.0,151.98,188.31,245.53
555,1,Etching,71.055,51.75,1.044,NOLSM5562116,21,16,17-02-2019 PM 9:04:30,218.0,232.08,268.43,325.54
556,1,Etching,71.103,51.863,1.047,NOLSM5572117,21,17,17-02-2019 PM 9:04:30,212.0,226.54,262.90999999999997,319.96
557,2,Etching,70.908,51.506,1.038,NOLSM5582118,21,18,17-02-2019 PM 9:04:30,245.0,259.05,295.41,352.52000000000004
558,3,Etching,71.015,51.631,1.041,NOLSM5592119,21,19,17-02-2019 PM 9:04:30,161.0,174.71,211.04000000000002,267.92
559,2,Etching,70.996,51.48,1.037,NOLSM5602120,21,20,17-02-2019 PM 9:04:30,211.0,224.84,261.19,318.1
560,1,Etching,70.978,51.567,1.039,NOLSM5612121,21,21,17-02-2019 PM 9:04:30,193.0,207.13,243.47,300.3
561,1,Etching,70.997,51.454,1.036,NOLSM5622122,21,22,17-02-2019 PM 9:04:30,274.0,288.09,324.53,381.41999999999996
562,2,Etching,70.998,51.395,1.035,NOLSM5632123,21,23,17-02-2019 PM 9:04:30,233.0,247.66,284.11,341.32
563,3,Etching,70.998,51.442,1.036,NOLSM5642124,21,24,17-02-2019 PM 9:04:30,243.0,256.94,293.33,350.27
564,3,Etching,71.014,51.3,1.032,NOLSM5652125,21,25,17-02-2019 PM 9:04:30,184.0,198.2,234.54999999999998,291.53
565,2,Etching,71.084,51.438,1.036,NOLSM5662126,21,26,17-02-2019 PM 9:04:30,219.0,234.19,270.62,327.85
566,1,Etching,71.073,51.277,1.032,NOLSM5672127,21,27,17-02-2019 PM 9:04:30,217.0,230.82,267.23,324.49
567,1,Etching,71.303,51.476,1.037,NOLSM568221,22,1,17-02-2019 PM 9:04:30,192.0,206.23,242.64999999999998,299.47999999999996
568,2,Etching,71.161,51.463,1.037,NOLSM569222,22,2,17-02-2019 PM 9:04:30,194.0,207.97,244.38,301.52
569,3,Etching,71.239,51.495,1.037,NOLSM570223,22,3,17-02-2019 PM 9:04:30,245.0,260.0,296.40999999999997,353.59999999999997
570,3,Etching,71.296,51.45,1.036,NOLSM571224,22,4,17-02-2019 PM 9:04:30,204.0,217.83,254.23000000000002,311.22
571,2,Etching,71.324,51.567,1.039,NOLSM572225,22,5,17-02-2019 PM 9:04:30,192.0,205.61,241.99,299.12
572,1,Etching,71.366,51.581,1.04,NOLSM573226,22,6,17-02-2019 PM 9:04:30,253.0,268.97,305.39000000000004,362.69000000000005
573,1,Etching,71.403,51.384,1.035,NOLSM574227,22,7,17-02-2019 PM 9:04:30,187.0,200.82,237.2,294.18
574,2,Etching,71.361,51.396,1.035,NOLSM575228,22,8,17-02-2019 PM 9:04:30,172.0,185.51,221.85999999999999,279.09
575,3,Etching,71.442,51.35,1.034,NOLSM576229,22,9,17-02-2019 PM 9:04:30,213.0,227.43,263.84000000000003,320.97
576,3,Etching,71.283,51.261,1.032,NOLSM5772210,22,10,17-02-2019 PM 9:04:30,205.0,219.42,255.81,312.99
577,2,Etching,71.323,51.566,1.039,NOLSM5782211,22,11,17-02-2019 PM 9:04:30,182.0,196.15,232.55,289.45
578,1,Etching,71.519,51.449,1.036,NOLSM5792212,22,12,17-02-2019 PM 9:04:30,143.0,156.63,193.03,250.18
579,1,Etching,71.41,51.256,1.031,NOLSM5802213,22,13,17-02-2019 PM 9:04:30,196.0,210.01,246.42,303.53
580,2,Etching,71.36,51.265,1.032,NOLSM5812214,22,14,17-02-2019 PM 9:04:30,122.0,135.04,171.39,228.6
581,3,Etching,71.327,51.141,1.029,NOLSM5822215,22,15,17-02-2019 PM 9:04:30,265.0,279.47,315.88,373.01
582,3,Etching,71.069,51.761,1.044,NOLSM5832216,22,16,17-02-2019 PM 9:04:30,179.0,192.4,228.73000000000002,285.64
583,2,Etching,71.107,51.6,1.04,NOLSM5842217,22,17,17-02-2019 PM 9:04:30,187.0,201.72,238.07,295.02
584,1,Etching,71.081,51.396,1.035,NOLSM5852218,22,18,17-02-2019 PM 9:04:30,192.0,205.76,242.1,299.35
585,1,Etching,71.178,51.271,1.032,NOLSM5862219,22,19,17-02-2019 PM 9:04:30,174.0,188.0,224.37,281.32
586,2,Etching,71.276,51.496,1.037,NOLSM5872220,22,20,17-02-2019 PM 9:04:30,206.0,220.22,256.61,313.72
587,3,Etching,71.304,51.44,1.036,NOLSM5882221,22,21,17-02-2019 PM 9:04:30,170.0,183.92,220.32,277.42
588,2,Etching,71.211,51.247,1.031,NOLSM5892222,22,22,17-02-2019 PM 9:04:30,299.0,312.32,348.71,405.65
589,1,Etching,71.358,51.247,1.031,NOLSM5902223,22,23,17-02-2019 PM 9:04:30,213.0,227.77,264.18,321.32
590,1,Etching,71.22,51.145,1.029,NOLSM5912224,22,24,17-02-2019 PM 9:04:30,277.0,290.46,326.88,384.14
591,2,Etching,71.355,51.327,1.033,NOLSM5922225,22,25,17-02-2019 PM 9:04:30,221.0,235.09,271.52,328.38
592,3,Etching,71.376,51.175,1.029,NOLSM5932226,22,26,17-02-2019 PM 9:04:30,203.0,217.64,254.04,311.12
593,3,Etching,71.276,51.221,1.031,NOLSM5942227,22,27,17-02-2019 PM 9:04:30,161.0,175.71,212.10000000000002,269.01
594,2,Etching,71.309,51.283,1.032,NOLSM595231,23,1,17-02-2019 PM 9:04:30,198.0,212.39,248.79999999999998,305.65
595,1,Etching,71.431,51.353,1.034,NOLSM596232,23,2,17-02-2019 PM 9:04:30,220.0,234.65,271.08,328.28
596,1,Etching,71.484,51.355,1.034,NOLSM597233,23,3,17-02-2019 PM 9:04:30,102.0,115.11,151.47,208.76999999999998
597,2,Etching,71.477,51.471,1.037,NOLSM598234,23,4,17-02-2019 PM 9:04:30,177.0,191.07,227.48,284.52
598,3,Etching,71.524,51.416,1.035,NOLSM599235,23,5,17-02-2019 PM 9:04:30,306.0,319.77,356.25,413.49
599,3,Etching,71.532,51.486,1.037,NOLSM600236,23,6,17-02-2019 PM 9:04:30,270.0,282.71,319.22999999999996,376.40999999999997
600,2,Etching,71.452,51.478,1.037,NOLSM601237,23,7,17-02-2019 PM 9:04:30,189.0,203.03,239.43,296.47
601,1,Etching,71.323,51.665,1.042,NOLSM602238,23,8,17-02-2019 PM 9:04:30,214.0,228.45,264.84999999999997,321.93999999999994
602,1,Etching,70.81,52.345,1.059,NOLSM603239,23,9,17-02-2019 PM 9:04:30,160.0,174.23,210.54,267.77
603,2,Etching,70.596,52.357,1.059,NOLSM6042310,23,10,17-02-2019 PM 9:04:30,388.0,403.15,439.60999999999996,496.46
604,3,Etching,70.648,52.375,1.059,NOLSM6052311,23,11,17-02-2019 PM 9:04:30,373.0,387.52,423.96999999999997,480.90999999999997
605,3,Etching,70.598,52.328,1.058,NOLSM6062312,23,12,17-02-2019 PM 9:04:30,354.0,369.64,406.14,463.02
606,2,Etching,70.475,52.299,1.057,NOLSM6072313,23,13,17-02-2019 PM 9:04:30,225.0,239.73,276.11,333.0
607,1,Etching,70.582,52.238,1.056,NOLSM6082314,23,14,17-02-2019 PM 9:04:30,211.0,225.7,262.03999999999996,318.96
608,1,Etching,70.722,52.156,1.054,NOLSM6092315,23,15,17-02-2019 PM 9:04:30,147.0,161.37,197.74,254.94
609,2,Etching,70.687,51.894,1.047,NOLSM6102316,23,16,17-02-2019 PM 9:04:30,334.0,349.58,386.08,442.97999999999996
610,3,Etching,70.644,51.915,1.048,NOLSM6112317,23,17,17-02-2019 PM 9:04:30,388.0,403.53,440.08,497.25
611,2,Etching,70.386,51.933,1.048,NOLSM6122318,23,18,17-02-2019 PM 9:04:30,242.0,256.92,293.29,350.31
612,1,Etching,70.494,51.884,1.047,NOLSM6132319,23,19,17-02-2019 PM 9:04:30,212.0,225.67,262.03,319.16999999999996
613,1,Etching,70.394,51.873,1.047,NOLSM6142320,23,20,17-02-2019 PM 9:04:30,248.0,262.36,298.73,355.92
614,2,Etching,70.555,51.85,1.046,NOLSM6152321,23,21,17-02-2019 PM 9:04:30,225.0,239.26,275.65999999999997,332.65999999999997
615,3,Etching,70.564,51.875,1.047,NOLSM6162322,23,22,17-02-2019 PM 9:04:30,136.0,148.97,185.32,242.41
616,3,Etching,70.842,52.051,1.051,NOLSM6172323,23,23,17-02-2019 PM 9:04:30,183.0,196.32,232.72,289.73
617,2,Etching,70.702,52.072,1.052,NOLSM6182324,23,24,17-02-2019 PM 9:04:30,276.0,290.1,326.45000000000005,383.48
618,1,Etching,70.878,52.119,1.053,NOLSM6192325,23,25,17-02-2019 PM 9:04:30,363.0,377.75,414.27,471.54999999999995
619,1,Etching,70.882,52.226,1.056,NOLSM6202326,23,26,17-02-2019 PM 9:04:30,154.0,167.61,203.95000000000002,261.18
620,2,Etching,70.99,52.176,1.054,NOLSM6212327,23,27,17-02-2019 PM 9:04:30,330.0,344.87,381.36,438.49
621,3,Etching,70.91,52.172,1.054,NOLSM622241,24,1,17-02-2019 PM 9:04:30,367.0,381.75,418.27,475.21999999999997
622,3,Etching,70.901,51.699,1.042,NOLSM623242,24,2,17-02-2019 PM 9:04:30,228.0,241.79,278.15999999999997,335.27
623,2,Etching,70.754,51.774,1.044,NOLSM624243,24,3,17-02-2019 PM 9:04:30,188.0,201.86,238.21,295.13
624,1,Etching,70.831,51.724,1.043,NOLSM625244,24,4,17-02-2019 PM 9:04:30,185.0,198.61,234.96,292.24
625,1,Etching,70.785,51.737,1.043,NOLSM626245,24,5,17-02-2019 PM 9:04:30,136.0,150.06,186.43,243.72
626,3,Etching,70.855,51.741,1.044,NOLSM627246,24,6,17-02-2019 PM 9:04:30,114.0,128.3,164.64000000000001,221.5
627,3,Etching,70.82,51.738,1.043,NOLSM628247,24,7,17-02-2019 PM 9:04:30,168.0,181.04,217.39999999999998,274.49
628,1,Etching,71.345,52.448,1.061,NOLSM629248,24,8,17-02-2019 PM 9:04:30,189.0,202.71,239.11,296.32
629,1,Etching,71.189,52.372,1.059,NOLSM630249,24,9,17-02-2019 PM 9:04:30,153.0,167.11,203.53000000000003,260.79
630,2,Etching,71.159,52.223,1.056,NOLSM6312410,24,10,17-02-2019 PM 9:04:30,294.0,308.62,345.08,401.96999999999997
631,3,Etching,71.141,52.251,1.056,NOLSM6322411,24,11,17-02-2019 PM 9:04:30,385.0,399.71,436.22999999999996,493.28
632,3,Etching,71.154,52.104,1.053,NOLSM6332412,24,12,17-02-2019 PM 9:04:30,203.0,217.21,253.61,310.66
633,1,Etching,70.959,52.047,1.051,NOLSM6342413,24,13,17-02-2019 PM 9:04:30,133.0,147.07,183.44,240.25
634,1,Etching,71.017,51.995,1.05,NOLSM6352414,24,14,17-02-2019 PM 9:04:30,142.0,156.93,193.31,250.38
635,2,Etching,71.014,51.77,1.044,NOLSM6362415,24,15,17-02-2019 PM 9:04:30,342.0,356.64,393.11,450.02
636,3,Etching,70.929,51.7,1.042,NOLSM6372416,24,16,17-02-2019 PM 9:04:30,228.0,241.4,277.78000000000003,334.85
637,2,Etching,71.007,51.681,1.042,NOLSM6382417,24,17,17-02-2019 PM 9:04:30,268.0,281.92,318.34000000000003,375.21000000000004
638,1,Etching,71.038,51.663,1.042,NOLSM6392418,24,18,17-02-2019 PM 9:04:30,225.0,238.83,275.26,332.16999999999996
639,1,Etching,70.885,51.633,1.041,NOLSM6402419,24,19,17-02-2019 PM 9:04:30,137.0,151.72,188.07999999999998,245.11999999999998
640,3,Etching,70.954,51.613,1.04,NOLSM6412420,24,20,17-02-2019 PM 9:04:30,214.0,228.5,264.90999999999997,321.75
641,3,Etching,70.988,51.604,1.04,NOLSM6422421,24,21,17-02-2019 PM 9:04:30,223.0,238.88,275.28,332.4
642,2,Etching,71.055,51.645,1.041,NOLSM6432422,24,22,17-02-2019 PM 9:04:30,222.0,234.84,271.22,328.52000000000004
643,1,Etching,71.194,51.987,1.05,NOLSM6442423,24,23,17-02-2019 PM 9:04:30,164.0,177.39,213.77999999999997,271.09999999999997
644,1,Etching,71.187,51.785,1.045,NOLSM6452424,24,24,17-02-2019 PM 9:04:30,243.0,257.33,293.77,350.7
645,2,Etching,71.077,51.72,1.043,NOLSM6462425,24,25,17-02-2019 PM 9:04:30,157.0,170.37,206.75,264.03
646,3,Etching,72.172,51.255,1.031,NOLSM6472426,24,26,17-02-2019 PM 9:04:30,136.0,149.67,186.12,243.16
647,3,Etching,72.227,51.229,1.031,NOLSM6482427,24,27,17-02-2019 PM 9:04:30,135.0,149.21,185.67000000000002,242.67000000000002
648,2,Etching,71.938,51.178,1.029,NOLSM649251,25,1,17-02-2019 PM 9:04:30,224.0,238.36,274.81,332.1
649,1,Etching,72.246,50.8,1.02,NOLSM650252,25,2,17-02-2019 PM 9:04:30,187.0,200.92,237.42,294.66999999999996
650,1,Etching,71.956,50.833,1.021,NOLSM651253,25,3,17-02-2019 PM 9:04:30,370.0,385.17,421.76,478.75
651,2,Etching,71.932,50.691,1.017,NOLSM652254,25,4,17-02-2019 PM 9:04:30,236.0,252.07,288.85,346.13
652,3,Etching,72.013,50.536,1.013,NOLSM653255,25,5,17-02-2019 PM 9:04:30,598.0,614.52,651.41,708.55
653,3,Etching,71.658,50.211,1.005,NOLSM654256,25,6,17-02-2019 PM 9:04:30,343.0,357.35,393.94000000000005,450.99000000000007
654,2,Etching,72.319,51.308,1.033,NOLSM655257,25,7,17-02-2019 PM 9:04:30,674.0,690.43,727.3399999999999,784.3599999999999
655,1,Etching,72.419,51.39,1.035,NOLSM656258,25,8,17-02-2019 PM 9:04:30,642.0,659.26,696.1899999999999,753.3799999999999
656,1,Etching,72.529,51.483,1.037,NOLSM657259,25,9,17-02-2019 PM 9:04:30,220.0,236.42000000000002,273.34000000000003,330.55
657,2,Etching,72.289,51.091,1.027,NOLSM6582510,25,10,17-02-2019 PM 9:04:30,664.0,679.91,716.8199999999999,773.8199999999999
658,3,Etching,72.338,51.358,1.034,NOLSM6592511,25,11,17-02-2019 PM 9:04:30,482.0,498.11,534.9,591.99
659,3,Etching,72.27,51.723,1.043,NOLSM6602512,25,12,17-02-2019 PM 9:04:30,459.0,474.34,511.05999999999995,568.4699999999999
660,2,Etching,72.39,51.761,1.044,NOLSM6612513,25,13,17-02-2019 PM 9:04:30,405.0,421.24,458.11,515.55
661,1,Etching,72.461,51.859,1.046,NOLSM6622514,25,14,17-02-2019 PM 9:04:30,361.0,375.66,412.43,469.5
662,1,Etching,72.387,51.904,1.048,NOLSM6632515,25,15,17-02-2019 PM 9:04:30,360.0,377.34,414.09999999999997,471.52
663,2,Etching,72.259,51.64,1.041,NOLSM6642516,25,16,17-02-2019 PM 9:04:30,512.0,527.47,564.3000000000001,621.5600000000001
664,3,Etching,72.147,51.659,1.041,NOLSM6652517,25,17,17-02-2019 PM 9:04:30,350.0,365.09,401.83,459.33
665,3,Etching,71.99,51.402,1.035,NOLSM6662518,25,18,17-02-2019 PM 9:04:30,368.0,383.14,419.84999999999997,476.91999999999996
666,2,Etching,71.96,51.656,1.041,NOLSM6672519,25,19,17-02-2019 PM 9:04:30,358.0,373.12,409.88,467.23
667,1,Etching,71.949,51.897,1.047,NOLSM6682520,25,20,17-02-2019 PM 9:04:30,351.0,364.66,401.34000000000003,458.84000000000003
668,1,Etching,71.995,51.695,1.042,NOLSM6692521,25,21,17-02-2019 PM 9:04:30,287.0,301.76,338.4,395.5
669,2,Etching,71.763,51.814,1.045,NOLSM6702522,25,22,17-02-2019 PM 9:04:30,235.0,250.05,286.71000000000004,344.15000000000003
670,3,Etching,71.802,51.832,1.046,NOLSM6712523,25,23,17-02-2019 PM 9:04:30,599.0,615.47,652.47,709.5400000000001
671,3,Etching,71.77,51.836,1.046,NOLSM6722524,25,24,17-02-2019 PM 9:04:30,133.0,146.26,182.79999999999998,240.07
672,1,Etching,71.856,52.061,1.052,NOLSM6732525,25,25,17-02-2019 PM 9:04:30,190.0,203.81,240.41,297.53
673,1,Etching,71.906,52.033,1.051,NOLSM6742526,25,26,17-02-2019 PM 9:04:30,170.0,184.1,220.69,278.12
674,3,Etching,71.859,52.073,1.052,NOLSM6752527,25,27,17-02-2019 PM 9:04:30,239.0,254.26,290.91999999999996,348.24999999999994
675,3,Etching,71.904,52.126,1.053,NOLSM676261,26,1,17-02-2019 PM 9:04:30,306.0,321.07,357.75,414.82
676,1,Etching,71.907,52.343,1.059,NOLSM677262,26,2,17-02-2019 PM 9:04:30,283.0,296.97,333.6,390.98
677,1,Etching,72.034,52.308,1.058,NOLSM678263,26,3,17-02-2019 PM 9:04:30,272.0,287.79,324.47,381.51000000000005
678,2,Etching,72.015,52.325,1.058,NOLSM679264,26,4,17-02-2019 PM 9:04:30,285.0,299.27,335.94,393.46
679,3,Etching,72.006,52.381,1.06,NOLSM680265,26,5,17-02-2019 PM 9:04:30,201.0,215.85,252.48,309.93
680,3,Etching,71.986,52.406,1.06,NOLSM681266,26,6,17-02-2019 PM 9:04:30,306.0,320.04,356.69,413.98
681,2,Etching,72.195,52.573,1.064,NOLSM682267,26,7,17-02-2019 PM 9:04:30,233.0,247.36,284.0,341.53
682,1,Etching,72.137,52.568,1.064,NOLSM683268,26,8,17-02-2019 PM 9:04:30,245.0,259.2,295.84,353.15999999999997
683,1,Etching,72.165,52.593,1.065,NOLSM684269,26,9,17-02-2019 PM 9:04:30,341.0,355.23,391.92,449.39
684,2,Etching,72.166,52.621,1.066,NOLSM6852610,26,10,17-02-2019 PM 9:04:30,251.0,265.85,302.53000000000003,359.97
685,3,Etching,72.779,52.57,1.064,NOLSM6862611,26,11,17-02-2019 PM 9:04:30,301.0,315.92,352.64,409.91999999999996
686,3,Etching,72.569,52.282,1.057,NOLSM6872612,26,12,17-02-2019 PM 9:04:30,322.0,336.45,373.18,430.7
687,2,Etching,71.431,52.567,1.064,NOLSM6882613,26,13,17-02-2019 PM 9:04:30,437.0,452.45,489.16999999999996,546.38
688,1,Etching,72.52,52.483,1.062,NOLSM6892614,26,14,17-02-2019 PM 9:04:30,356.0,371.2,407.95,465.05
689,1,Etching,72.757,52.411,1.06,NOLSM6902615,26,15,17-02-2019 PM 9:04:30,321.0,336.62,373.4,430.59999999999997
690,2,Etching,72.961,52.464,1.062,NOLSM6912616,26,16,17-02-2019 PM 9:04:30,365.0,380.01,416.83,473.96999999999997
691,3,Etching,71.858,52.404,1.06,NOLSM6922617,26,17,17-02-2019 PM 9:04:30,339.0,353.49,390.17,447.42
692,3,Etching,71.11,52.382,1.06,NOLSM6932618,26,18,17-02-2019 PM 9:04:30,315.0,330.18,366.75,423.89
693,2,Etching,72.531,52.336,1.058,NOLSM6942619,26,19,17-02-2019 PM 9:04:30,308.0,322.37,359.11,416.46000000000004
694,1,Etching,72.593,52.705,1.068,NOLSM6952620,26,20,17-02-2019 PM 9:04:30,282.0,297.43,334.11,391.27
695,1,Etching,72.257,52.385,1.06,NOLSM6962621,26,21,17-02-2019 PM 9:04:30,288.0,302.59,339.29999999999995,396.71999999999997
696,2,Etching,71.639,52.326,1.058,NOLSM6972622,26,22,17-02-2019 PM 9:04:30,170.0,184.57,221.14999999999998,278.2
697,3,Etching,71.238,52.285,1.057,NOLSM6982623,26,23,17-02-2019 PM 9:04:30,163.0,177.36,213.92000000000002,271.36
698,3,Etching,72.144,52.201,1.055,NOLSM6992624,26,24,17-02-2019 PM 9:04:30,333.0,347.31,383.96,441.42999999999995
699,2,Etching,72.562,52.031,1.051,NOLSM7002625,26,25,17-02-2019 PM 9:04:30,299.0,314.17,350.91,408.0
700,1,Etching,71.582,52.006,1.05,NOLSM7012626,26,26,17-02-2019 PM 9:04:30,292.0,305.97,342.62,399.66
701,1,Etching,72.428,51.709,1.043,NOLSM7022627,26,27,17-02-2019 PM 9:04:30,249.0,262.75,299.38,356.84
702,2,Etching,72.289,51.79,1.045,NOLSM703271,27,1,17-02-2019 PM 9:04:30,,,,
703,3,Etching,71.801,51.787,1.045,NOLSM704272,27,2,17-02-2019 PM 9:04:30,172.0,185.6,222.19,279.27
704,3,Etching,71.806,52.015,1.05,NOLSM705273,27,3,17-02-2019 PM 9:04:30,288.0,302.35,338.93,395.98
705,2,Etching,72.187,51.97,1.049,NOLSM706274,27,4,17-02-2019 PM 9:04:30,243.0,257.07,293.71999999999997,351.0
706,1,Etching,71.82,51.224,1.031,NOLSM707275,27,5,17-02-2019 PM 9:04:30,266.0,281.84,318.39,375.71
707,1,Etching,71.355,51.298,1.032,NOLSM708276,27,6,17-02-2019 PM 9:04:30,213.0,228.11,264.56,321.71
708,2,Etching,71.142,50.909,1.023,NOLSM709277,27,7,17-02-2019 PM 9:04:30,248.0,262.39,298.84999999999997,356.17999999999995
709,3,Etching,71.159,51.187,1.03,NOLSM710278,27,8,17-02-2019 PM 9:04:30,262.0,277.23,313.72,370.81000000000006
710,3,Etching,71.281,50.985,1.025,NOLSM711279,27,9,17-02-2019 PM 9:04:30,307.0,321.52,358.02,414.88
711,2,Etching,71.716,50.982,1.025,NOLSM7122710,27,10,17-02-2019 PM 9:04:30,249.0,263.17,299.66,356.92
712,1,Etching,71.216,50.985,1.025,NOLSM7132711,27,11,17-02-2019 PM 9:04:30,167.0,181.2,217.6,274.65
713,1,Etching,71.038,51.2,1.03,NOLSM7142712,27,12,17-02-2019 PM 9:04:30,252.0,266.76,303.19,360.15
714,2,Etching,71.537,51.137,1.028,NOLSM7152713,27,13,17-02-2019 PM 9:04:30,238.0,252.39,288.86,345.77
715,3,Etching,71.059,51.309,1.033,NOLSM7162714,27,14,17-02-2019 PM 9:04:30,136.0,149.52,185.91000000000003,242.75000000000003
716,3,Etching,71.522,51.166,1.029,NOLSM7172715,27,15,17-02-2019 PM 9:04:30,147.0,160.62,197.06,254.39
717,1,Etching,71.723,51.143,1.029,NOLSM7182716,27,16,17-02-2019 PM 9:04:30,149.0,162.29,198.74,256.06
718,1,Etching,71.071,50.825,1.021,NOLSM7192717,27,17,17-02-2019 PM 9:04:30,186.0,199.62,236.03,293.28
719,2,Etching,71.878,50.846,1.021,NOLSM7202718,27,18,17-02-2019 PM 9:04:30,316.0,329.61,366.16,423.26000000000005
720,3,Etching,71.857,51.09,1.027,NOLSM7212719,27,19,17-02-2019 PM 9:04:30,228.0,243.42,279.98,337.39
721,1,Etching,71.969,51.165,1.029,NOLSM7222720,27,20,17-02-2019 PM 9:04:30,227.0,241.95,278.48,335.54
722,1,Etching,72.108,51.182,1.03,NOLSM7232721,27,21,17-02-2019 PM 9:04:30,231.0,244.78,281.33,338.39
723,2,Etching,71.786,51.099,1.027,NOLSM7242722,27,22,17-02-2019 PM 9:04:30,242.0,255.66,292.15999999999997,349.54999999999995
724,3,Etching,71.889,51.128,1.028,NOLSM7252723,27,23,17-02-2019 PM 9:04:30,221.0,235.65,272.15,329.08
725,3,Etching,71.857,51.073,1.027,NOLSM7262724,27,24,17-02-2019 PM 9:04:30,176.0,190.31,226.78,283.74
726,2,Etching,72.41,51.138,1.028,NOLSM7272725,27,25,17-02-2019 PM 9:04:30,361.0,375.2,411.81,469.07
727,1,Etching,71.95,51.169,1.029,NOLSM7282726,27,26,17-02-2019 PM 9:04:30,275.0,289.34,325.9,382.91999999999996
728,1,Etching,71.687,51.341,1.034,NOLSM7292727,27,27,17-02-2019 PM 9:04:30,140.0,153.74,190.18,247.49
729,2,Etching,72.253,51.479,1.037,NOLSM730281,28,1,17-02-2019 PM 9:04:30,234.0,247.98,284.53999999999996,341.98999999999995
730,3,Etching,72.308,51.797,1.045,NOLSM731282,28,2,17-02-2019 PM 9:04:30,209.0,223.39,259.9,316.88
731,3,Etching,71.924,51.22,1.03,NOLSM732283,28,3,17-02-2019 PM 9:04:30,269.0,283.37,319.88,376.9
732,2,Etching,72.482,51.299,1.032,NOLSM733284,28,4,17-02-2019 PM 9:04:30,261.0,277.17,313.78000000000003,371.09000000000003
733,1,Etching,71.863,51.602,1.04,NOLSM734285,28,5,17-02-2019 PM 9:04:30,312.0,327.63,364.2,421.28
734,1,Etching,72.07,51.533,1.038,NOLSM735286,28,6,17-02-2019 PM 9:04:30,265.0,278.2,314.75,371.69
735,2,Etching,71.927,51.814,1.045,NOLSM736287,28,7,17-02-2019 PM 9:04:30,210.0,224.76,261.31,318.47
736,3,Etching,71.588,51.84,1.046,NOLSM737288,28,8,17-02-2019 PM 9:04:30,202.0,216.33,252.82000000000002,310.09000000000003
737,3,Etching,72.638,51.816,1.045,NOLSM738289,28,9,17-02-2019 PM 9:04:30,317.0,331.94,368.64,425.86
738,2,Etching,72.026,51.692,1.042,NOLSM7392810,28,10,17-02-2019 PM 9:04:30,162.0,176.47,212.99,270.16
739,1,Etching,71.776,51.503,1.038,NOLSM7402811,28,11,17-02-2019 PM 9:04:30,150.0,163.33,199.81,256.92
740,1,Etching,72.45,51.518,1.038,NOLSM7412812,28,12,17-02-2019 PM 9:04:30,249.0,264.3,300.92,358.29
741,2,Etching,72.781,51.407,1.035,NOLSM7422813,28,13,17-02-2019 PM 9:04:30,237.0,251.88,288.52,345.90999999999997
742,3,Etching,72.268,51.404,1.035,NOLSM7432814,28,14,17-02-2019 PM 9:04:30,257.0,271.23,307.79,365.03000000000003
743,3,Etching,72.758,51.384,1.035,NOLSM7442815,28,15,17-02-2019 PM 9:04:30,285.0,298.91,335.6,392.73
744,2,Etching,72.682,51.336,1.033,NOLSM7452816,28,16,17-02-2019 PM 9:04:30,307.0,322.33,359.01,416.07
745,1,Etching,71.36,51.034,1.026,NOLSM7462817,28,17,17-02-2019 PM 9:04:30,319.0,332.43,369.01,426.13
746,1,Etching,72.663,51.236,1.031,NOLSM7472818,28,18,17-02-2019 PM 9:04:30,169.0,183.65,220.33,277.64
747,2,Etching,71.927,51.247,1.031,NOLSM7482819,28,19,17-02-2019 PM 9:04:30,269.0,283.75,320.31,377.61
748,3,Etching,72.255,51.174,1.029,NOLSM7492820,28,20,17-02-2019 PM 9:04:30,233.0,246.63,283.27,340.36
749,3,Etching,72.873,51.198,1.03,NOLSM7502821,28,21,17-02-2019 PM 9:04:30,301.0,314.59,351.27,408.57
750,2,Etching,72.886,50.996,1.025,NOLSM7512822,28,22,17-02-2019 PM 9:04:30,269.0,283.81,320.5,377.6
751,1,Etching,71.397,50.447,1.011,NOLSM7522823,28,23,17-02-2019 PM 9:04:30,289.0,302.91,339.45000000000005,396.6700000000001
752,1,Etching,72.107,50.79,1.02,NOLSM7532824,28,24,17-02-2019 PM 9:04:30,250.0,263.84,300.41999999999996,357.71999999999997
753,2,Etching,72.92,51.323,1.033,NOLSM7542825,28,25,17-02-2019 PM 9:04:30,238.0,252.96,289.68,347.17
754,3,Etching,72.151,51.12,1.028,NOLSM7552826,28,26,17-02-2019 PM 9:04:30,270.0,284.62,321.21000000000004,378.33000000000004
755,2,Etching,72.133,50.889,1.022,NOLSM7562827,28,27,17-02-2019 PM 9:04:30,320.0,334.19,370.87,428.18
756,1,Etching,71.687,50.543,1.014,NOLSM757291,29,1,17-02-2019 PM 9:04:30,309.0,323.24,359.89,417.11
757,1,Etching,72.077,50.807,1.02,NOLSM758292,29,2,17-02-2019 PM 9:04:30,316.0,330.72,367.35,424.36
758,2,Etching,72.195,50.811,1.02,NOLSM759293,29,3,17-02-2019 PM 9:04:30,308.0,322.64,359.29999999999995,416.40999999999997
759,3,Etching,71.262,50.83,1.021,NOLSM760294,29,4,17-02-2019 PM 9:04:30,317.0,331.41,368.04,425.37
760,3,Etching,71.679,50.763,1.019,NOLSM761295,29,5,17-02-2019 PM 9:04:30,523.0,539.14,575.96,633.25
761,2,Etching,68.653,50.196,1.005,NOLSM762296,29,6,17-02-2019 PM 9:04:30,105.0,117.78,153.87,210.78
762,1,Etching,69.117,50.388,1.01,NOLSM763297,29,7,17-02-2019 PM 9:04:30,111.0,123.84,159.97,216.76
763,1,Etching,71.004,50.546,1.014,NOLSM764298,29,8,17-02-2019 PM 9:04:30,147.0,161.09,197.41,254.37
764,2,Etching,70.905,50.328,1.008,NOLSM765299,29,9,17-02-2019 PM 9:04:30,159.0,172.28,208.6,265.46
765,3,Etching,72.356,49.965,0.999,NOLSM7662910,29,10,17-02-2019 PM 9:04:30,165.0,178.8,215.29000000000002,272.68
766,3,Etching,72.017,49.902,0.998,NOLSM7672911,29,11,17-02-2019 PM 9:04:30,106.0,119.81,156.25,213.49
767,2,Etching,70.86,49.901,0.998,NOLSM7682912,29,12,17-02-2019 PM 9:04:30,187.0,199.96,236.29000000000002,293.55
768,1,Etching,71.526,50.297,1.007,NOLSM7692913,29,13,17-02-2019 PM 9:04:30,128.0,141.45,177.83999999999997,234.83999999999997
769,1,Etching,71.17,50.047,1.001,NOLSM7702914,29,14,17-02-2019 PM 9:04:30,180.0,193.76,230.2,287.08
770,2,Etching,71.597,50.415,1.01,NOLSM7712915,29,15,17-02-2019 PM 9:04:30,211.0,224.85,261.28,318.16999999999996
771,3,Etching,71.724,50.827,1.021,NOLSM7722916,29,16,17-02-2019 PM 9:04:30,190.0,204.82,241.29,298.4
772,2,Etching,71.293,50.372,1.009,NOLSM7732917,29,17,17-02-2019 PM 9:04:30,214.0,227.84,264.28,321.58
773,1,Etching,71.482,50.828,1.021,NOLSM7742918,29,18,17-02-2019 PM 9:04:30,174.0,188.73,225.2,282.57
774,1,Etching,72.153,50.839,1.021,NOLSM7752919,29,19,17-02-2019 PM 9:04:30,178.0,191.71,228.19,285.59
775,2,Etching,71.525,50.977,1.024,NOLSM7762920,29,20,17-02-2019 PM 9:04:30,183.0,195.72,232.11,289.25
776,3,Etching,71.301,50.744,1.019,NOLSM7772921,29,21,17-02-2019 PM 9:04:30,141.0,155.08,191.49,248.76000000000002
777,3,Etching,71.424,50.838,1.021,NOLSM7782922,29,22,17-02-2019 PM 9:04:30,176.0,189.61,226.04000000000002,283.25
778,1,Etching,71.497,50.802,1.02,NOLSM7792923,29,23,17-02-2019 PM 9:04:30,223.0,236.6,273.05,330.36
779,1,Etching,71.523,50.668,1.017,NOLSM7802924,29,24,17-02-2019 PM 9:04:30,108.0,123.21000000000001,159.60000000000002,216.58
780,3,Etching,72.437,50.554,1.014,NOLSM7812925,29,25,17-02-2019 PM 9:04:30,339.0,353.65,390.21999999999997,447.16999999999996
781,3,Etching,71.923,50.489,1.012,NOLSM7822926,29,26,17-02-2019 PM 9:04:30,321.0,335.71,372.32,429.28
782,2,Etching,71.379,50.21,1.005,NOLSM7832927,29,27,17-02-2019 PM 9:04:30,328.0,343.96,380.53,437.65999999999997
783,1,Etching,71.356,50.275,1.007,NOLSM784301,30,1,17-02-2019 PM 9:04:30,364.0,379.63,416.21,473.12
784,1,Etching,71.618,50.387,1.01,NOLSM785302,30,2,17-02-2019 PM 9:04:30,308.0,324.43,361.02,418.26
785,2,Etching,71.966,50.228,1.006,NOLSM786303,30,3,17-02-2019 PM 9:04:30,344.0,358.9,395.46,452.87
786,3,Etching,71.726,50.101,1.003,NOLSM787304,30,4,17-02-2019 PM 9:04:30,379.0,395.25,431.87,489.25
787,3,Etching,71.832,49.907,0.998,NOLSM788305,30,5,17-02-2019 PM 9:04:30,280.0,293.81,330.36,387.73
788,2,Etching,71.249,50.161,1.004,NOLSM789306,30,6,17-02-2019 PM 9:04:30,239.0,253.57,290.02,346.95
789,1,Etching,70.84,50.292,1.007,NOLSM790307,30,7,17-02-2019 PM 9:04:30,171.0,184.24,220.62,277.93
790,1,Etching,72.095,50.281,1.007,NOLSM791308,30,8,17-02-2019 PM 9:04:30,172.0,186.36,222.9,279.99
791,3,Etching,71.333,50.062,1.002,NOLSM792309,30,9,17-02-2019 PM 9:04:30,257.0,270.93,307.36,364.44
792,3,Etching,71.668,50.071,1.002,NOLSM7933010,30,10,17-02-2019 PM 9:04:30,172.0,185.75,222.16,279.35
793,2,Etching,71.731,50.103,1.003,NOLSM7943011,30,11,17-02-2019 PM 9:04:30,236.0,249.82,286.28999999999996,343.40999999999997
794,1,Etching,71.655,50.128,1.003,NOLSM7953012,30,12,17-02-2019 PM 9:04:30,151.0,164.01,200.42,257.63
795,1,Etching,71.271,50.421,1.011,NOLSM7963013,30,13,17-02-2019 PM 9:04:30,200.0,213.06,249.44,306.58
796,2,Etching,71.692,50.401,1.01,NOLSM7973014,30,14,17-02-2019 PM 9:04:30,261.0,275.23,311.70000000000005,368.90000000000003
797,3,Etching,71.683,49.646,0.991,NOLSM7983015,30,15,17-02-2019 PM 9:04:30,181.0,195.31,231.78,288.89
798,3,Etching,70.706,49.944,0.999,NOLSM7993016,30,16,17-02-2019 PM 9:04:30,150.0,163.68,200.0,256.83
799,2,Etching,71.706,49.918,0.998,NOLSM8003017,30,17,17-02-2019 PM 9:04:30,185.0,199.01,235.43,292.38
800,1,Etching,71.164,49.894,0.997,NOLSM8013018,30,18,17-02-2019 PM 9:04:30,166.0,179.62,216.03,272.91
801,1,Etching,70.758,49.87,0.997,NOLSM8023019,30,19,17-02-2019 PM 9:04:30,202.0,216.6,252.94,310.2
802,3,Etching,70.762,50.448,1.011,NOLSM8033020,30,20,17-02-2019 PM 9:04:30,177.0,189.47,225.76,282.81
803,3,Etching,71.387,50.593,1.015,NOLSM8043021,30,21,17-02-2019 PM 9:04:30,143.0,157.63,194.01,251.29
804,2,Etching,70.556,50.313,1.008,NOLSM8053022,30,22,17-02-2019 PM 9:04:30,173.0,186.51,222.79,279.99
805,1,Etching,70.775,49.884,0.997,NOLSM8063023,30,23,17-02-2019 PM 9:04:30,140.0,153.89,190.21999999999997,247.18999999999997
806,1,Etching,70.247,50.223,1.006,NOLSM8073024,30,24,17-02-2019 PM 9:04:30,191.0,204.95,241.27999999999997,298.26
807,2,Etching,71.175,50.263,1.007,NOLSM8083025,30,25,17-02-2019 PM 9:04:30,138.0,151.83,188.16000000000003,245.12000000000003
808,3,Etching,70.93,50.792,1.02,NOLSM8093026,30,26,17-02-2019 PM 9:04:30,177.0,191.72,228.06,285.34000000000003
809,3,Etching,71.497,50.566,1.014,NOLSM8103027,30,27,17-02-2019 PM 9:04:30,202.0,216.45,252.82,310.17
810,2,Etching,71.723,50.784,1.02,NOLSM811311,31,1,17-02-2019 PM 9:04:30,246.0,259.92,296.32,353.42
811,1,Etching,70.792,50.76,1.019,NOLSM812312,31,2,17-02-2019 PM 9:04:30,150.0,164.27,200.68,257.79
812,1,Etching,71.115,50.672,1.017,NOLSM813313,31,3,17-02-2019 PM 9:04:30,232.0,246.1,282.52,339.51
813,2,Etching,70.445,50.163,1.004,NOLSM814314,31,4,17-02-2019 PM 9:04:30,237.0,251.52,287.92,345.17
814,3,Etching,69.576,50.315,1.008,NOLSM815315,31,5,17-02-2019 PM 9:04:30,124.0,137.94,174.16,231.32
815,3,Etching,71.212,50.668,1.017,NOLSM816316,31,6,17-02-2019 PM 9:04:30,263.0,276.86,313.27,370.15999999999997
816,2,Etching,70.575,50.617,1.015,NOLSM817317,31,7,17-02-2019 PM 9:04:30,150.0,163.72,200.03,257.03
817,1,Etching,71.077,50.473,1.012,NOLSM818318,31,8,17-02-2019 PM 9:04:30,174.0,188.46,224.84,281.68
818,1,Etching,71.065,50.229,1.006,NOLSM819319,31,9,17-02-2019 PM 9:04:30,140.0,152.81,189.16,246.13
819,2,Etching,71.387,50.075,1.002,NOLSM8203110,31,10,17-02-2019 PM 9:04:30,119.0,132.69,169.06,225.99
820,3,Etching,70.745,49.845,0.996,NOLSM8213111,31,11,17-02-2019 PM 9:04:30,204.0,218.28,254.69,311.7
821,1,Etching,70.585,50.113,1.003,NOLSM8223112,31,12,17-02-2019 PM 9:04:30,236.0,249.72,286.14,343.06
822,1,Etching,71.06,49.878,0.997,NOLSM8233113,31,13,17-02-2019 PM 9:04:30,151.0,164.69,201.07,258.12
823,2,Etching,70.365,50.029,1.001,NOLSM8243114,31,14,17-02-2019 PM 9:04:30,207.0,221.02,257.35,314.18
824,3,Etching,69.918,49.922,0.998,NOLSM8253115,31,15,17-02-2019 PM 9:04:30,212.0,226.27,262.57,319.57
825,3,Etching,71.169,50.214,1.005,NOLSM8263116,31,16,17-02-2019 PM 9:04:30,218.0,231.43,267.93,324.92
826,1,Etching,70.12,49.962,0.999,NOLSM8273117,31,17,17-02-2019 PM 9:04:30,177.0,190.43,226.75,283.68
827,1,Etching,71.263,50.032,1.001,NOLSM8283118,31,18,17-02-2019 PM 9:04:30,221.0,235.17,271.62,328.98
828,2,Etching,71.656,50.185,1.005,NOLSM8293119,31,19,17-02-2019 PM 9:04:30,175.0,188.59,225.05,282.24
829,3,Etching,70.218,49.806,0.995,NOLSM8303120,31,20,17-02-2019 PM 9:04:30,202.0,216.16,252.47,309.47
830,3,Etching,71.536,50.46,1.011,NOLSM8313121,31,21,17-02-2019 PM 9:04:30,313.0,328.1,364.73,421.95000000000005
831,2,Etching,70.395,50.431,1.011,NOLSM8323122,31,22,17-02-2019 PM 9:04:30,224.0,238.04,274.49,331.72
832,1,Etching,71.533,50.477,1.012,NOLSM8333123,31,23,17-02-2019 PM 9:04:30,333.0,347.45,384.08,441.38
833,1,Etching,71.794,50.856,1.021,NOLSM8343124,31,24,17-02-2019 PM 9:04:30,269.0,284.11,320.69,378.1
834,2,Etching,71.361,51.057,1.026,NOLSM8353125,31,25,17-02-2019 PM 9:04:30,216.0,230.77,267.33000000000004,324.32000000000005
835,3,Etching,72.044,50.855,1.021,NOLSM8363126,31,26,17-02-2019 PM 9:04:30,278.0,292.9,329.52,386.69
836,3,Etching,71.199,50.927,1.023,NOLSM8373127,31,27,17-02-2019 PM 9:04:30,329.0,343.47,380.11,437.15000000000003
837,2,Etching,71.756,50.712,1.018,NOLSM838321,32,1,17-02-2019 PM 9:04:30,277.0,291.86,328.45000000000005,385.71000000000004
838,1,Etching,72.353,50.985,1.025,NOLSM839322,32,2,17-02-2019 PM 9:04:30,252.0,266.24,302.91,360.41
839,1,Etching,72.067,50.812,1.02,NOLSM840323,32,3,17-02-2019 PM 9:04:30,204.0,218.12,254.7,311.75
840,2,Etching,72.209,50.964,1.024,NOLSM841324,32,4,17-02-2019 PM 9:04:30,154.0,168.49,205.10000000000002,262.18
841,3,Etching,72.044,50.635,1.016,NOLSM842325,32,5,17-02-2019 PM 9:04:30,207.0,220.27,256.85,314.09000000000003
842,3,Etching,70.624,50.678,1.017,NOLSM843326,32,6,17-02-2019 PM 9:04:30,183.0,196.53,232.98000000000002,289.91
843,2,Etching,71.237,50.504,1.013,NOLSM844327,32,7,17-02-2019 PM 9:04:30,249.0,264.15,300.71,357.75
844,1,Etching,71.046,50.519,1.013,NOLSM845328,32,8,17-02-2019 PM 9:04:30,141.0,154.63,191.09,248.36
845,1,Etching,70.859,50.471,1.012,NOLSM846329,32,9,17-02-2019 PM 9:04:30,208.0,221.44,257.92,314.98
846,2,Etching,71.294,50.294,1.007,NOLSM8473210,32,10,17-02-2019 PM 9:04:30,230.0,245.2,281.75,339.09000000000003
847,3,Etching,71.55,50.601,1.015,NOLSM8483211,32,11,17-02-2019 PM 9:04:30,177.0,192.1,228.64999999999998,285.90999999999997
848,3,Etching,70.718,50.424,1.011,NOLSM8493212,32,12,17-02-2019 PM 9:04:30,180.0,194.33,230.76000000000002,287.66
849,2,Etching,71.295,50.602,1.015,NOLSM8503213,32,13,17-02-2019 PM 9:04:30,142.0,156.72,193.21,250.21
850,1,Etching,71.199,50.544,1.014,NOLSM8513214,32,14,17-02-2019 PM 9:04:30,127.0,140.41,176.87,234.09
851,1,Etching,71.624,50.576,1.014,NOLSM8523215,32,15,17-02-2019 PM 9:04:30,193.0,207.3,243.86,301.21000000000004
