,Oxid_time,thickness,resist_target,Line_CD,Etching_rate,input_Energy,Temp_implantation,target_binom
0,62.0,699.443,1.211939520333681,30.959,2.7595,31574.41,102.847,0.0
1,137.0,696.792,0.8877203029111609,29.653,2.7277500000000003,31580.213,104.323,0.0
2,128.0,705.471,1.113155780440691,28.063,2.669999999999999,32162.414,100.605,0.0
3,90.0,710.772,0.882194567428503,31.556,2.74825,32874.925,101.739,0.0
4,98.0,716.975,0.8340014359219816,31.969,2.7462500000000007,30985.928,106.422,0.0
5,132.0,698.725,1.0620053334245028,51.096,2.6685000000000003,31997.243,103.466,0.0
6,74.0,709.703,1.3000008547154651,24.552,2.691999999999999,31464.087,100.054,0.0
7,291.0,696.438,1.0829586830544111,33.839,2.7277500000000003,31776.157,104.328,0.0
8,61.0,712.977,0.7672823467067813,61.905,2.6989999999999994,31692.407,104.575,0.0
9,117.0,725.873,0.7905434280927879,41.35,2.7372499999999973,32927.629,106.633,0.0
10,87.0,689.049,0.9451828236380108,54.613,2.6870000000000003,31691.366,105.291,0.0
11,80.0,708.738,1.416596864903673,31.272,2.692749999999998,31201.151,105.485,1.0
12,149.0,716.118,0.7452306877040633,23.663,2.745000000000002,31655.39,104.646,0.0
13,149.0,703.595,0.9097976033778354,27.333,2.7227500000000004,30953.889,104.291,0.0
14,101.0,721.105,0.8276594471700371,16.467,2.749000000000001,31211.391,102.585,0.0
15,112.0,703.686,1.405793261423272,43.554,2.7215000000000003,31603.462,106.007,0.0
16,101.0,702.403,1.2967443887929706,41.893,2.7345,31197.908,103.454,0.0
17,148.0,707.175,1.2057214653241934,30.437,2.7359999999999984,31359.595,103.046,0.0
18,157.0,719.64,1.2936588659635206,61.431,2.69675,32409.504,106.244,0.0
19,147.0,709.838,1.377963725875656,47.652,2.748750000000001,32922.767,104.804,0.0
20,56.0,715.592,0.9060539496401648,28.492,2.7305000000000006,30786.77,101.334,1.0
21,84.0,698.922,1.10931383442452,38.292,2.7395,30857.277,101.933,0.0
22,117.0,708.278,1.0490222055077865,52.821,2.7172500000000013,32295.6,100.745,0.0
23,137.0,704.101,0.9569565291714388,37.522,2.718000000000001,31614.158,104.38,0.0
24,125.0,715.292,1.171199507683892,27.664,2.6962500000000005,30534.747,100.517,0.0
25,204.0,696.973,0.982102258158259,49.36,2.7545,32268.828,102.998,0.0
26,144.0,713.383,1.0007478760320687,40.752,2.733750000000001,31093.054,101.814,0.0
27,114.0,707.44,1.2520769585804885,43.579,2.6955000000000027,31490.992,105.795,0.0
28,106.0,707.18,1.2874365373767072,44.797,2.7095,32725.266,103.911,0.0
29,165.0,714.239,0.9967862698507666,42.474,2.694749999999999,31538.328,103.924,0.0
30,75.0,699.531,0.9060753175267952,63.17,2.748750000000001,31811.636,103.273,0.0
31,167.0,702.707,1.156818919981538,34.847,2.6635000000000004,32124.08,104.34,0.0
32,151.0,706.277,0.9704653070992666,34.181,2.7242500000000005,30891.41,100.362,0.0
33,113.0,713.085,1.0468170396075145,24.236,2.7332499999999995,31517.072,105.868,0.0
34,64.0,703.97,0.8273261081386006,64.634,2.741500000000002,31790.504,100.638,0.0
35,147.0,723.358,1.0649797432434742,43.434,2.679000000000002,31126.867,105.072,0.0
36,68.0,708.223,1.091163951520539,50.402,2.718000000000001,32566.66,99.988,0.0
37,129.0,709.468,1.151241901570967,59.605,2.722,32521.877,99.525,0.0
38,179.0,702.876,0.953524846578574,50.867,2.6485,31358.645,105.044,0.0
39,55.0,705.424,1.1665797705943692,30.188,2.6982500000000016,31818.475,102.605,0.0
40,121.0,694.973,1.04221012324997,51.146,2.75175,31391.261,106.14,0.0
41,125.0,699.61,0.9392382775773944,51.079,2.71425,32378.318,104.608,0.0
42,186.0,709.326,1.1345364878032105,34.118,2.733249999999998,31655.809,106.163,0.0
43,178.0,703.43,1.2678721003777842,29.099,2.70925,31475.03,104.423,0.0
44,135.0,693.884,1.116070360177097,58.236,2.7675000000000027,32535.703,100.868,0.0
45,91.0,712.072,0.9806492418673822,50.242,2.7212500000000004,30855.391,104.158,0.0
46,90.0,707.578,0.903451341048565,48.317,2.6902500000000003,31108.4,102.193,0.0
47,86.0,706.773,0.8336467290039147,47.379,2.683000000000001,31638.792,105.637,0.0
48,56.0,714.762,0.8053770149917092,49.091,2.716,32033.214,103.982,0.0
49,126.0,697.495,1.063748952973555,41.355,2.68725,31929.509,102.576,0.0
50,107.0,716.621,1.0152694917861842,46.285,2.7677499999999995,32769.049,101.986,0.0
51,96.0,715.089,0.8127147472606369,50.959,2.7295000000000003,32331.242,102.757,0.0
52,86.0,710.55,1.2092300723089282,19.489,2.7305000000000006,32326.879,102.2,0.0
53,64.0,709.429,1.128600488897246,37.595,2.6965000000000003,31066.014,103.558,0.0
54,118.0,712.611,1.3011547205935143,57.632,2.714250000000001,31522.953,101.965,1.0
55,205.0,711.35,0.7568676387630557,32.502,2.7117500000000008,33101.496,100.915,0.0
56,105.0,715.478,0.9277722696114464,35.409,2.7665000000000006,30821.235,103.236,0.0
57,160.0,709.683,0.7408160823261936,34.851,2.694,31606.805,103.492,0.0
58,116.0,706.795,0.9545889673327748,61.732,2.6997500000000003,31189.123,104.163,0.0
59,104.0,702.837,1.0122053368433648,35.644,2.722,31897.149,102.736,0.0
60,241.0,714.84,1.3020692661413014,54.002,2.7352499999999997,31251.878,101.442,0.0
61,209.0,700.438,0.994149472640558,63.039,2.6625,30703.029,101.03,0.0
62,125.0,708.839,0.6712721584984358,32.483,2.7370000000000005,30325.348,103.937,0.0
63,81.0,709.833,1.138634848458948,53.019,2.7132499999999995,32066.425,99.938,0.0
64,156.0,716.948,0.8745064018188344,26.621,2.711250000000001,29985.962,103.541,0.0
65,170.0,703.516,0.6273355100087181,45.388,2.7175,31431.504,103.893,0.0
66,68.0,693.691,1.2683592881929604,48.717,2.716,31178.487,103.251,0.0
67,81.0,718.116,0.8684550163250653,36.431,2.7082499999999983,31633.206,100.664,0.0
68,109.0,708.625,1.1456777038923742,52.151,2.6747500000000004,31321.795,102.6,0.0
69,82.0,703.101,0.8527026103010307,48.202,2.7245000000000004,31818.941,100.949,0.0
70,136.0,700.313,1.2016615668643906,63.105,2.702500000000001,32229.52,103.453,0.0
71,166.0,713.858,0.6172712354057335,54.202,2.779000000000001,31476.989,102.519,0.0
72,210.0,719.16,1.2548718781517632,44.627,2.72325,31177.831,102.643,0.0
73,114.0,715.85,1.174280756936016,53.589,2.7235,32328.112,101.726,0.0
74,77.0,715.825,1.321176430366331,38.084,2.748,31463.004,104.676,0.0
75,218.0,710.922,0.938195524709824,37.861,2.71125,33158.675,104.022,0.0
76,85.0,713.701,0.7735559582215081,53.342,2.744,32300.805,104.134,0.0
77,172.0,731.528,1.1576522675601293,31.877,2.774,33029.239,103.788,0.0
78,122.0,709.829,0.9412554060753175,40.392,2.68625,33163.807,102.964,0.0
79,89.0,696.904,1.0766679772303798,55.102,2.74575,31931.086,103.914,0.0
80,145.0,713.775,0.7756542846886272,39.994,2.7255,30499.847,99.312,0.0
81,143.0,696.528,1.1572291834048445,53.953,2.713,30703.662,101.088,0.0
82,16.0,711.408,1.0382228756047112,39.513,2.697749999999999,32324.756,103.759,0.0
83,137.0,719.537,0.9707772782440726,60.292,2.719499999999999,31924.552,104.32,1.0
84,48.0,714.554,1.194084514265201,39.894,2.66725,31500.526,101.507,0.0
85,94.0,717.055,1.012453204328279,39.017,2.66075,30475.756,103.195,0.0
86,67.0,719.217,1.0408297577736372,53.58,2.7224999999999997,31478.739,100.492,0.0
87,70.0,705.754,1.0759884784355287,22.465,2.7172499999999986,32446.139,100.612,0.0
88,74.0,713.42,0.9714482298842716,57.174,2.7212500000000004,32346.097,103.385,0.0
89,74.0,711.44,1.0837663891690457,31.144,2.71375,31900.559,102.263,0.0
90,116.0,712.1,0.8183815107950563,53.63,2.66725,32068.136,104.884,1.0
91,80.0,701.46,1.0259149729055197,38.097,2.6997500000000003,31575.591,101.321,0.0
92,83.0,697.565,1.2390767363544677,35.821,2.744,32022.906,104.284,0.0
93,95.0,713.144,0.9946323868784082,49.151,2.6902500000000003,30933.42,101.024,0.0
94,96.0,722.552,1.0883049282893724,35.215,2.6819999999999995,31425.431,101.158,0.0
95,82.0,700.946,1.0921340535735653,48.353,2.7095,32261.627,102.808,0.0
96,89.0,712.311,0.799671789261355,41.355,2.7265,32507.325,102.652,0.0
97,51.0,709.928,0.957042000717961,40.31,2.7037499999999994,31857.972,103.834,0.0
98,141.0,720.435,0.9113318176379084,37.515,2.72225,30998.017,103.704,0.0
99,82.0,707.316,0.931306518060138,46.075,2.7272500000000006,31665.596,102.212,0.0
100,77.0,696.504,1.0389835723687584,23.208,2.7820000000000022,32034.605,104.846,0.0
101,117.0,718.15,1.2764192550300004,54.338,2.720750000000001,32403.77,105.045,1.0
102,138.0,711.745,0.968931092839194,44.624,2.6829999999999985,29604.262,104.261,0.0
103,127.0,708.118,1.234756149677772,47.453,2.728999999999999,31732.122,103.62,1.0
104,145.0,704.485,1.1108266807979623,27.299,2.7225000000000024,31858.818,102.678,0.0
105,72.0,711.354,1.3044453751346177,33.684,2.7475,32187.195,102.447,0.0
106,53.0,720.685,0.7801073522624318,56.691,2.7614999999999994,32042.018,103.967,0.0
107,72.0,704.142,1.3726644899912817,40.55,2.713499999999999,31289.639,102.991,0.0
108,28.0,727.564,1.216849860681379,63.703,2.747749999999999,32524.693,101.322,1.0
109,46.0,704.981,0.9453665874630336,45.908,2.677,32057.54,101.394,0.0
110,130.0,704.261,0.8807244568283219,32.526,2.7069999999999994,32900.689,103.55,0.0
111,36.0,715.956,0.7031231303099198,30.132,2.70775,31856.772,102.377,0.0
112,162.0,696.61,0.6132070633686045,47.893,2.7185,32050.437,101.995,0.0
113,41.0,712.668,0.7631754388963914,53.539,2.72375,31710.986,105.264,0.0
114,31.0,690.617,1.1268269543069112,49.319,2.7010000000000005,31155.426,104.162,0.0
115,150.0,703.181,1.0793346894818714,56.109,2.677250000000001,31707.301,104.286,0.0
116,199.0,709.507,1.231157797569189,14.844,2.71875,31921.289,103.014,0.0
117,143.0,711.843,1.252769278107318,45.605,2.6685000000000003,31234.441,103.453,0.0
118,100.0,681.435,0.8647370040513513,29.622,2.7275000000000005,30801.679,104.564,0.0
119,158.0,710.413,0.9599694011863452,23.274,2.7037499999999994,33283.059,100.908,0.0
120,131.0,689.252,0.7993384502299185,46.035,2.6984999999999983,31856.143,102.064,0.0
121,67.0,709.639,1.1894134942477648,41.096,2.7367500000000007,31565.934,104.243,0.0
122,35.0,714.163,1.0891767380638984,33.021,2.714250000000001,32131.098,105.338,0.0
123,41.0,695.852,0.929584266397716,30.746,2.72975,32248.673,100.598,0.0
124,27.0,713.051,0.9045838390399836,51.045,2.702500000000001,31194.915,101.786,0.0
125,261.0,697.237,1.188272449101694,59.607,2.72175,31469.225,105.08,0.0
126,19.0,702.597,1.1339510077095334,37.382,2.7367500000000007,32246.843,104.774,0.0
127,112.0,715.587,0.8326082497136703,35.856,2.7027500000000004,31801.588,103.624,1.0
128,74.0,712.987,1.2749876066257542,40.635,2.7242500000000005,32290.539,104.739,0.0
129,97.0,705.412,1.2904921451648743,48.011,2.7144999999999984,32537.016,102.829,0.0
130,148.0,699.564,0.9041693020393512,57.117,2.710500000000002,30799.8,103.001,0.0
131,148.0,707.661,1.0142438332279182,39.188,2.71275,30537.234,104.583,0.0
132,97.0,716.982,0.8728867160122395,51.169,2.719499999999999,32529.301,103.397,0.0
133,46.0,701.435,1.0585950187182689,46.793,2.72825,31724.033,103.021,0.0
134,186.0,719.909,0.7632523632882613,50.69,2.744500000000001,32188.034,102.492,0.0
135,153.0,704.422,1.282962101916272,6.197,2.745750000000001,32481.944,103.514,0.0
136,82.0,689.862,0.8562539530590266,53.823,2.7120000000000006,32373.18,100.696,0.0
137,121.0,704.781,0.9285415135301458,45.692,2.6912499999999997,31400.424,100.826,0.0
138,124.0,703.775,1.4090369066137882,37.213,2.674000000000001,30763.793,99.639,0.0
139,59.0,715.505,1.0387570727704745,47.187,2.7145,32021.918,102.771,0.0
140,164.0,695.708,0.9918887502350466,33.933,2.65825,30633.38,104.584,0.0
141,115.0,708.881,0.9271867895177694,31.45,2.7204999999999986,30605.867,102.588,0.0
142,8.0,702.273,0.7852057300124788,33.772,2.7172500000000013,32150.501,102.687,0.0
143,114.0,696.21,1.4009897605087267,47.645,2.65375,31843.827,100.682,0.0
144,104.0,708.267,1.1861313868613137,56.532,2.6977500000000005,31872.384,104.516,0.0
145,130.0,720.601,1.1024120070428554,43.378,2.702000000000001,33259.559,103.466,0.0
146,158.0,711.69,1.0943221251645323,26.238,2.7332499999999995,31061.816,100.571,0.0
147,68.0,707.981,1.1299124771363611,55.854,2.7342500000000003,32412.623,100.917,0.0
148,66.0,702.454,0.7436024547428162,36.797,2.7242500000000005,31617.743,104.322,0.0
149,95.0,702.73,1.063244670849074,51.17,2.6989999999999994,31073.304,104.046,0.0
150,121.0,710.805,0.8154455631720201,41.177,2.7245000000000004,30527.029,105.044,0.0
151,65.0,702.66,1.254542812697653,35.781,2.710500000000001,31488.967,101.687,0.0
152,83.0,708.294,0.8698952118839638,41.965,2.71075,32340.532,102.582,0.0
153,106.0,705.357,1.0897579445802492,35.574,2.7284999999999995,31485.171,104.046,0.0
154,178.0,711.67,0.9964657515513085,32.462,2.7069999999999994,32281.227,103.846,0.0
155,166.0,715.269,0.7937870732833039,56.549,2.7045000000000017,31613.412,103.105,0.0
156,156.0,699.922,0.895318723396981,42.664,2.7004999999999995,31933.395,100.853,0.0
157,44.0,714.436,0.8079112463460913,46.774,2.726249999999999,32572.997,102.439,0.0
158,148.0,711.998,0.6984606574471359,33.609,2.7340000000000004,30988.997,103.606,0.0
159,109.0,693.95,0.9857561667720816,39.549,2.741750000000001,31246.691,104.056,0.0
160,94.0,695.374,0.789440845142652,36.083,2.702500000000001,31441.726,101.041,0.0
161,145.0,737.402,1.0830527017555855,44.608,2.6772499999999995,31784.636,98.623,0.0
162,147.0,689.206,1.4770508897587993,42.265,2.6732500000000003,32590.331,100.715,0.0
163,173.0,708.822,1.380895399921366,58.485,2.6905,30585.399,102.692,0.0
164,203.0,713.834,1.3243089625463682,40.862,2.6650000000000005,31756.475,104.722,0.0
165,144.0,720.384,1.0595864886579256,12.635,2.71225,30418.922,103.391,1.0
166,114.0,704.562,0.7513632711670285,39.491,2.73475,31410.459,104.351,0.0
167,24.0,721.147,0.9309774526060276,40.003,2.72475,32178.83,102.592,0.0
168,187.0,704.535,1.2310723260226668,48.496,2.71575,33085.183,101.153,0.0
169,80.0,715.659,0.9535462144652044,60.983,2.6757499999999994,30972.523,104.541,0.0
170,32.0,711.146,0.951469255884716,46.862,2.72225,31807.558,102.336,0.0
171,148.0,715.371,1.085963007914665,41.583,2.6944999999999992,30912.449,103.123,0.0
172,173.0,718.435,1.0457187302347049,38.5,2.7215000000000003,32605.348,104.08,0.0
173,116.0,711.971,1.2305936853621429,34.302,2.713,31458.025,102.97,0.0
174,122.0,706.134,0.8468136207456538,42.127,2.757749999999999,32346.439,100.22,0.0
175,84.0,721.304,0.7257260807877057,47.002,2.73475,33280.627,100.796,0.0
176,67.0,704.568,1.0628557753123986,33.488,2.68575,31912.806,102.332,0.0
177,146.0,697.739,0.9509051436776697,41.141,2.6960000000000006,32777.771,102.857,0.0
178,28.0,706.325,1.0154831706524896,17.674,2.714500000000001,31290.562,106.97,0.0
179,123.0,693.27,0.9855809501017112,32.638,2.7307500000000005,31298.499,101.301,0.0
180,90.0,697.074,0.87859621531992,38.117,2.720000000000001,30209.569,102.224,0.0
181,64.0,697.413,1.0423169626831228,51.562,2.694749999999999,32162.117,102.221,0.0
182,100.0,716.271,0.8610830954375288,62.295,2.669750000000002,32339.953,104.815,0.0
183,109.0,718.706,1.027820988392964,25.349,2.7027500000000004,31741.742,105.283,0.0
184,163.0,710.971,0.893728952631669,41.313,2.6900000000000004,31722.431,104.227,0.0
185,138.0,708.001,0.9606531735585224,44.48,2.7305000000000006,32069.305,104.593,0.0
186,124.0,710.619,1.1286090360518983,38.862,2.697,31335.445,104.221,0.0
187,44.0,705.763,1.2791543445187097,50.672,2.70625,30860.348,104.622,0.0
188,79.0,708.062,1.0853006034291184,40.704,2.7267500000000027,31055.863,103.647,0.0
189,110.0,690.937,0.9071779004769313,54.497,2.6944999999999992,32209.624,104.262,0.0
190,82.0,716.675,1.1427374826920118,44.973,2.7182500000000003,31158.129,105.389,0.0
191,111.0,709.689,0.761816441306689,46.204,2.7072500000000006,31315.872,104.129,0.0
192,126.0,720.765,0.9528410742063966,36.332,2.70625,31307.494,102.62,0.0
193,59.0,709.535,0.9000111113010478,35.481,2.722999999999999,33410.508,101.369,0.0
194,80.0,705.928,0.8012701071813193,35.155,2.6855,32024.685,104.31,0.0
195,120.0,719.825,1.1705029145797363,52.371,2.732249999999999,31914.156,103.005,1.0
196,121.0,700.67,1.2596967469529394,46.062,2.6895,31367.451,104.953,0.0
197,116.0,708.627,1.090373339715209,57.38,2.685,31803.123,101.499,0.0
198,123.0,703.902,1.0205430862066018,55.931,2.7224999999999997,32135.071,101.24,0.0
199,57.0,709.961,1.031380878305612,45.616,2.7030000000000003,31851.921,102.118,0.0
200,74.0,712.606,1.1961101899177762,36.677,2.748750000000001,31527.587,97.744,0.0
201,65.0,702.893,0.911870288380998,38.872,2.7447500000000007,32215.538,103.454,0.0
202,142.0,704.857,0.8188729721875587,37.774,2.703250000000001,32325.654,102.423,0.0
203,80.0,714.216,0.9154515461802766,32.526,2.722,31723.494,103.422,0.0
204,104.0,710.712,0.8264671190960529,27.048,2.7125,32148.097,102.642,0.0
205,50.0,712.618,0.9539735721978152,39.324,2.7227500000000004,31400.682,101.624,0.0
206,202.0,709.347,1.031107369356741,39.92,2.7629999999999995,31093.126,102.801,0.0
207,84.0,692.759,1.2325467102001744,42.219,2.711,31269.035,103.405,0.0
208,75.0,708.579,1.0615181456093266,52.749,2.72475,32270.306,103.157,0.0
209,138.0,702.109,0.9791919519991794,43.085,2.7382499999999994,31181.18,102.288,0.0
210,136.0,717.471,1.13642540898135,41.051,2.7292500000000004,31249.611,102.036,0.0
211,235.0,709.599,0.7704789825467102,8.101,2.7169999999999987,30899.82,104.486,0.0
212,93.0,692.436,0.9883160395904202,37.621,2.727999999999999,31964.942,104.584,0.0
213,101.0,710.777,1.0574112377989366,29.674,2.6824999999999988,32318.607,102.912,0.0
214,116.0,722.031,1.0815013931862083,23.908,2.7305000000000006,31891.406,102.015,0.0
215,42.0,708.489,0.9030538983572368,45.092,2.6925,31409.106,102.6,0.0
216,71.0,716.994,0.958230055214619,47.213,2.70925,32608.352,103.128,0.0
217,49.0,707.577,1.3561727550898306,29.479,2.7227500000000004,31912.056,106.428,0.0
218,116.0,708.825,0.8958443734080925,41.357,2.712000000000002,31192.302,103.46,0.0
219,140.0,705.931,0.664126737209183,33.765,2.7070000000000007,31265.612,105.779,0.0
220,60.0,710.932,1.0890271628574846,30.109,2.736500000000001,32341.911,102.258,0.0
221,63.0,713.965,0.8971050787192943,76.265,2.6987499999999995,31982.396,103.03,0.0
222,81.0,712.318,0.9372638848527324,35.639,2.6992500000000006,31768.47,104.863,1.0
223,98.0,706.099,0.8594078531256945,26.432,2.7295000000000003,32163.791,100.24,0.0
224,148.0,704.373,1.1773491854561615,54.979,2.7580000000000013,31833.551,102.338,0.0
225,110.0,705.94,1.3742414400246157,55.422,2.6890000000000014,32188.226,106.191,0.0
226,76.0,712.926,1.3064838715191711,29.244,2.6695000000000007,32228.325,102.064,0.0
227,63.0,709.964,0.5,51.851,2.7317499999999995,32057.894,101.318,0.0
228,137.0,712.447,1.1778320996940117,38.047,2.695749999999998,31994.968,103.206,0.0
229,167.0,705.345,1.1128438092958852,37.215,2.673750000000001,31986.81,101.812,0.0
230,60.0,713.056,1.1625155985572402,51.577,2.71075,31791.31,104.329,0.0
231,107.0,711.723,0.9626232927058582,27.992,2.7120000000000006,30626.351,100.865,0.0
232,141.0,701.19,1.162348929041522,36.035,2.720000000000001,31950.761,103.631,0.0
233,126.0,709.78,0.7557479615036155,31.509,2.714250000000001,31352.585,103.491,0.0
234,168.0,709.653,0.9438665618215696,28.607,2.7665000000000006,30552.557,103.142,0.0
235,69.0,697.759,1.1312287389528026,73.546,2.7027500000000004,31715.512,103.914,0.0
236,101.0,702.698,1.2672438845108462,32.665,2.6972499999999995,30474.163,101.145,1.0
237,197.0,703.723,1.3335868989213489,41.314,2.7315,31692.92,102.863,0.0
238,86.0,711.826,0.9741234892904151,42.035,2.741,31037.529,101.615,0.0
239,177.0,703.411,0.9794056308654848,49.29,2.71775,31925.006,102.899,0.0
240,160.0,701.568,0.8576642335766422,42.863,2.6787499999999995,32001.77,102.186,0.0
241,64.0,708.351,1.0606976187627135,35.661,2.765000000000001,31568.412,103.001,0.0
242,168.0,702.572,0.9005367613121592,47.221,2.7224999999999997,32672.059,104.117,0.0
243,89.0,717.852,1.198746987127985,27.843,2.67825,32628.909,98.842,0.0
244,70.0,696.386,0.9880724456828324,49.763,2.660249999999999,31536.829,104.62,0.0
245,52.0,709.049,1.081693704165883,44.442,2.661,30855.999,103.879,0.0
246,116.0,713.856,0.736525410690781,37.182,2.6992500000000006,30260.942,104.194,0.0
247,195.0,709.964,1.12583975794458,53.526,2.7700000000000005,32089.235,100.754,1.0
248,86.0,706.205,0.788731431306518,48.212,2.6997500000000003,31101.358,104.603,0.0
249,101.0,707.168,0.963636130532146,46.978,2.7215000000000003,31101.109,102.154,0.0
250,88.0,715.179,0.9646917041316946,38.38,2.70325,31281.213,101.05,0.0
251,102.0,691.282,0.8721131985162139,25.99,2.7042500000000005,32238.201,100.772,0.0
252,69.0,709.956,0.9341441734046736,65.839,2.7090000000000005,30611.506,103.577,0.0
253,109.0,697.155,1.0985145045214448,28.979,2.695249999999999,32577.756,100.455,0.0
254,95.0,695.656,1.1056684729653496,37.104,2.666999999999999,30639.973,101.681,0.0
255,75.0,714.254,0.9338151079505632,46.509,2.74725,32421.295,101.155,0.0
256,132.0,712.039,1.0271842253713737,43.753,2.6905,31535.79,102.354,0.0
257,52.0,708.13,0.8835578385955316,58.4,2.7412499999999995,31051.425,105.095,0.0
258,75.0,707.061,0.973597839279304,45.592,2.733250000000001,31362.147,102.547,0.0
259,112.0,721.079,1.2465768645617872,47.68,2.7267499999999982,31990.919,103.674,0.0
260,130.0,717.292,0.9026051727379956,39.839,2.7087500000000007,30310.73,101.148,0.0
261,141.0,713.698,0.8625703003470144,27.638,2.720999999999999,31613.386,105.532,0.0
262,117.0,714.203,1.130301372673037,30.322,2.7242500000000005,31566.201,103.891,0.0
263,167.0,701.713,0.9734909998461512,45.983,2.7305000000000006,29986.195,101.488,0.0
264,99.0,703.756,1.2747482862954922,56.112,2.705,31292.696,102.588,0.0
265,110.0,709.465,0.8209841193866562,50.79,2.729499999999999,32226.582,102.695,0.0
266,110.0,702.859,1.1650284620249918,47.355,2.725,32025.475,105.206,0.0
267,74.0,698.054,1.2105847963213046,18.067,2.721000000000001,31834.866,101.258,0.0
268,132.0,710.095,1.0300603429118445,40.82,2.705,33675.551,103.056,0.0
269,212.0,704.659,1.0429323578180822,34.1,2.7310000000000003,31139.137,104.859,0.0
270,14.0,725.322,1.1929434691191303,45.621,2.6837499999999976,31366.628,103.293,0.0
271,60.0,699.262,0.9341441734046736,41.161,2.7617500000000006,32420.46,102.947,0.0
272,48.0,701.178,1.019684097164054,45.332,2.7355000000000005,32096.305,102.504,0.0
273,41.0,701.305,1.269530248380314,42.471,2.7342500000000003,32563.022,100.521,0.0
274,101.0,716.988,0.671353356467632,49.083,2.685499999999999,30885.27,102.933,0.0
275,100.0,699.815,1.0154190669925982,49.974,2.740750000000001,31320.289,101.766,0.0
276,26.0,712.408,1.1632634745893091,43.981,2.7284999999999995,31878.063,103.123,0.0
277,112.0,714.738,1.196691396434127,51.177,2.7307500000000005,32007.987,103.511,0.0
278,60.0,707.086,1.1354424861963452,37.43,2.7664999999999997,31060.004,101.271,0.0
279,73.0,727.656,0.989328877416708,36.584,2.715500000000003,31195.899,99.876,0.0
280,18.0,710.197,0.9280500521376434,37.552,2.723750000000001,30345.646,104.46,0.0
281,145.0,716.353,1.1367202858168517,29.309,2.7102500000000007,32640.339,103.302,0.0
282,205.0,714.699,1.1184550163250653,30.279,2.7430000000000008,31812.925,103.133,0.0
283,180.0,720.596,0.6914391699003402,45.892,2.7099999999999995,31897.15,104.146,0.0
284,134.0,711.457,1.074180755226585,65.823,2.716500000000001,31335.259,100.331,0.0
285,103.0,719.21,1.0910400177780817,57.72,2.7120000000000006,31661.888,102.524,0.0
286,136.0,702.521,1.06070189234004,55.55,2.769,30483.424,102.248,1.0
287,89.0,699.237,0.9577257730901384,44.226,2.689,32041.628,102.595,0.0
288,97.0,704.92,1.17254141096429,40.441,2.7202500000000014,31843.883,101.586,0.0
289,65.0,706.38,1.212110463426725,38.767,2.7155,30427.029,104.247,0.0
290,231.0,711.046,0.8845706764218191,35.101,2.703250000000001,31076.654,102.468,0.0
291,138.0,709.991,1.204281269765295,45.415,2.677000000000001,31775.473,102.414,0.0
292,104.0,701.424,0.7846758064240413,30.468,2.719499999999999,31621.297,101.545,0.0
293,90.0,714.421,1.1818962717311403,44.727,2.647,31948.15,103.936,0.0
294,121.0,708.655,1.237281833877502,47.106,2.7242500000000005,31259.581,104.197,0.0
295,89.0,706.587,0.8456084719396912,21.01,2.72225,32083.164,102.615,0.0
296,45.0,712.132,1.092642609275372,38.434,2.7260000000000018,31228.026,102.651,1.0
297,120.0,705.284,1.1049590591292158,41.676,2.7245000000000004,30795.934,103.433,0.0
298,137.0,690.8,0.8467708849723927,53.612,2.7182500000000003,32135.618,105.552,0.0
299,116.0,702.641,0.8634549308535189,47.598,2.7375,31057.895,102.598,0.0
300,143.0,704.124,0.6571009760850612,32.843,2.6762500000000005,32140.566,102.963,0.0
301,76.0,707.911,1.2038710063419886,57.37,2.7042500000000005,31986.009,101.419,0.0
302,114.0,712.218,0.7754406058223218,4.562,2.7262500000000003,31982.632,103.847,0.0
303,116.0,714.56,0.843305013760919,59.616,2.742250000000001,32499.229,102.84,0.0
304,218.0,700.741,0.6708277064565207,26.803,2.72475,32016.39,104.368,0.0
305,144.0,722.57,1.1250576932939025,54.021,2.730499999999998,31419.868,103.298,0.0
306,58.0,721.595,0.8350441887895519,20.588,2.711,31196.102,104.54,0.0
307,119.0,702.557,1.127220123420913,36.541,2.7245000000000004,31084.207,101.561,0.0
308,118.0,702.259,1.130335561291646,33.036,2.7310000000000003,32253.776,102.869,0.0
309,98.0,715.371,0.9758286466435324,46.903,2.6930000000000005,31446.324,102.759,0.0
310,94.0,708.346,1.0287611754047077,66.532,2.73775,32773.392,105.126,1.0
311,174.0,720.639,0.9929015880613344,33.205,2.76,31202.426,100.703,0.0
312,70.0,711.451,0.9864399391442588,42.216,2.72475,31661.976,101.119,0.0
313,87.0,705.974,1.00892750303424,55.47,2.71575,30785.849,103.203,0.0
314,113.0,702.475,1.1553701772679874,58.434,2.752,31765.567,102.207,0.0
315,106.0,701.78,1.1638617754149645,46.924,2.7012500000000004,30901.365,101.874,0.0
316,50.0,711.92,1.0062907058240311,43.02,2.7465,31877.743,101.707,0.0
317,112.0,696.968,0.7761585668131079,39.639,2.7072499999999997,30107.396,102.811,0.0
318,78.0,706.048,0.7158071078138087,48.829,2.6985,32048.247,102.598,0.0
319,187.0,711.48,0.8582668079796236,44.609,2.74525,32015.142,103.175,0.0
320,86.0,704.277,1.0944289645976857,29.386,2.7435,30828.379,102.963,0.0
321,73.0,703.992,0.8938699806834305,56.894,2.71625,32525.804,102.767,0.0
322,73.0,722.297,1.1769987521154206,61.517,2.688249999999999,31584.1,102.448,0.0
323,160.0,706.977,1.0938050223080735,26.046,2.722749999999999,31743.858,104.18,1.0
324,136.0,687.846,0.990397271748235,43.331,2.7202500000000014,32590.44,106.173,0.0
325,146.0,708.76,1.3650703430827875,59.329,2.7357499999999986,31167.976,104.326,0.0
326,90.0,699.764,1.0936939092975948,24.228,2.723750000000001,30598.176,102.716,0.0
327,95.0,703.084,0.782526197029009,53.648,2.719499999999999,32095.533,103.37,0.0
328,115.0,697.441,0.6620497786286945,33.961,2.745750000000001,31074.084,101.302,0.0
329,56.0,709.507,1.17784492042599,48.94,2.6900000000000004,31732.45,104.196,0.0
330,44.0,714.056,0.7118326809005282,38.259,2.7284999999999995,31251.253,101.809,0.0
331,99.0,721.666,1.157096702507735,59.087,2.678,31364.131,103.785,1.0
332,214.0,701.383,1.2215166071214891,33.691,2.7349999999999994,32166.592,102.54,0.0
333,152.0,720.58,0.9955853946221302,32.647,2.7300000000000013,32602.428,104.079,1.0
334,104.0,710.123,0.9681191131472332,56.475,2.6875,31126.822,103.831,0.0
335,75.0,707.342,1.3088685276671397,17.852,2.71525,31795.543,104.113,0.0
336,118.0,699.524,0.6998880322740559,43.094,2.7475,31209.028,103.854,0.0
337,127.0,689.684,1.3090437443375098,55.39,2.7257499999999992,30954.031,99.555,0.0
338,100.0,699.636,1.0370220003760746,33.589,2.713499999999999,31265.102,101.988,0.0
339,156.0,715.142,1.0451118822543974,39.028,2.719749999999999,32267.154,104.109,1.0
340,117.0,726.612,1.1032838168173815,36.623,2.698500000000001,31799.934,104.071,0.0
341,168.0,714.473,0.7876074804697517,50.402,2.679250000000001,32130.349,102.474,0.0
342,93.0,715.034,1.1908152276107282,45.173,2.7272500000000006,32695.351,100.52,0.0
343,103.0,695.458,0.966328484247594,56.223,2.713,32457.98,103.259,0.0
344,87.0,705.094,0.9401613702798338,50.152,2.749250000000001,32385.463,100.834,0.0
345,103.0,706.963,1.0693858014666917,45.961,2.75475,32928.823,104.711,0.0
346,121.0,726.396,1.0822706371049078,49.155,2.75675,32507.472,103.749,0.0
347,115.0,712.17,1.2111788235696337,36.855,2.651250000000002,31557.692,99.555,0.0
348,129.0,715.453,0.8120608899297423,30.556,2.6762500000000005,32314.849,102.377,0.0
349,118.0,710.526,1.3951477803039367,40.801,2.7735,32704.56,104.585,0.0
350,149.0,703.333,0.9806278739807516,24.677,2.708,32148.267,104.398,0.0
351,71.0,704.586,1.0335005726593616,29.033,2.716500000000002,32153.409,102.027,0.0
352,86.0,711.111,0.963879724439734,37.352,2.689,32034.212,107.376,0.0
353,157.0,707.715,1.082920220858476,55.804,2.7292500000000017,30966.612,105.285,0.0
354,74.0,717.885,0.7576240619497769,49.652,2.7662500000000008,31509.217,104.176,0.0
355,112.0,719.155,1.0042351151301732,45.387,2.7305000000000006,31497.31,105.043,0.0
356,103.0,708.835,1.021312330125301,31.283,2.72525,30883.8,100.728,0.0
357,198.0,702.21,1.0171028564590847,46.514,2.7185,32548.685,101.805,0.0
358,22.0,716.603,1.2569531103095777,37.378,2.752,32096.824,102.901,0.0
359,87.0,703.77,0.9479691960546334,33.004,2.708000000000003,31876.775,103.409,0.0
360,66.0,717.257,1.2608249713670316,41.801,2.70225,31373.265,103.899,0.0
361,118.0,719.257,1.0413596813620745,25.265,2.6905,32270.885,102.841,0.0
362,177.0,688.973,0.6629557770218294,51.723,2.7154999999999987,32062.372,104.328,0.0
363,145.0,708.401,1.0105728303047914,39.255,2.7125,31438.723,104.829,0.0
364,74.0,715.033,1.5,41.238,2.7065,32297.342,102.555,0.0
365,75.0,707.538,0.9547043539205796,58.745,2.6997500000000003,31153.753,103.587,0.0
366,108.0,700.719,1.0440007521496093,30.214,2.7260000000000004,32181.305,104.43,0.0
367,144.0,699.27,1.0735183507410382,39.985,2.7614999999999994,31639.318,103.843,0.0
368,125.0,715.864,0.6757978768867844,48.249,2.6964999999999977,31468.269,102.597,0.0
369,45.0,731.855,1.082445853775278,42.936,2.6992500000000006,30906.701,104.338,0.0
370,101.0,708.933,0.9279090240858818,38.106,2.725,31668.747,104.576,0.0
371,165.0,727.813,0.8575531205661635,36.575,2.73625,30876.21,103.354,0.0
372,191.0,715.571,0.9410716422502948,51.663,2.75125,32023.057,103.827,0.0
373,145.0,711.227,1.0891297287133113,37.821,2.7394999999999983,32434.874,105.794,1.0
374,181.0,700.922,1.0418767842185337,66.126,2.76725,31494.284,104.617,0.0
375,201.0,704.243,1.1125703003470142,57.007,2.719499999999999,30734.563,105.213,0.0
376,79.0,698.757,1.0277226961144634,32.167,2.7069999999999994,32057.927,106.015,0.0
377,59.0,689.56,0.9355330860356588,46.377,2.7584999999999997,31364.565,103.501,0.0
378,89.0,689.098,0.9209986495495648,59.863,2.6977500000000005,32541.94,101.601,0.0
379,162.0,708.735,1.0204832561240362,25.889,2.7112500000000024,33034.419,104.309,0.0
380,31.0,704.397,0.8750448725619241,38.539,2.71125,31946.049,101.047,0.0
381,119.0,709.226,1.1791996444383663,51.232,2.745,31897.707,105.23,0.0
382,96.0,705.135,0.8721858493307577,39.851,2.6769999999999983,32602.917,102.84,0.0
383,154.0,715.384,0.8592967401152156,50.826,2.6902500000000003,31571.823,101.127,0.0
384,105.0,713.258,0.9514008786474982,49.345,2.727499999999998,32059.355,105.789,0.0
385,92.0,704.106,1.227717567821672,35.634,2.76575,31414.216,102.388,1.0
386,101.0,710.163,1.1897297389698966,50.479,2.7319999999999998,31370.247,102.874,0.0
387,157.0,706.425,1.141758833484333,34.859,2.7069999999999994,31692.403,105.464,0.0
388,150.0,712.521,1.173169626831228,51.655,2.7327499999999985,31606.555,104.196,1.0
389,152.0,704.964,0.929738115181456,36.495,2.7182500000000003,31254.326,104.095,0.0
390,76.0,704.293,1.0750055556505238,48.696,2.744,32203.423,103.053,0.0
391,72.0,703.974,0.7991760542915263,47.593,2.7212500000000004,31832.222,99.999,0.0
392,76.0,717.389,0.9289645976854304,53.031,2.7012500000000004,30830.93,103.348,0.0
393,15.0,694.251,0.6989435716849861,34.3,2.761000000000001,31869.207,103.255,0.0
394,36.0,696.568,1.274192721243098,23.043,2.718000000000001,32423.296,102.77,0.0
395,50.0,712.968,0.9940896425579924,38.023,2.7565,31593.132,103.087,0.0
396,152.0,705.657,0.6787124566231901,36.419,2.6772499999999995,31895.11,102.953,0.0
397,128.0,720.82,1.0134275799586316,28.535,2.689749999999999,32433.326,100.472,0.0
398,184.0,702.213,0.8306765927622695,37.686,2.7299999999999995,31510.648,101.757,0.0
399,87.0,726.498,1.0729670592659704,41.601,2.71725,31825.29,103.956,0.0
400,135.0,698.961,0.9104172720901212,58.935,2.714250000000001,31763.653,99.34,0.0
401,69.0,712.825,1.1346646951229935,44.672,2.686750000000001,31580.222,104.285,0.0
402,140.0,710.234,0.7432990307526623,39.912,2.7255,32274.385,103.15,1.0
403,156.0,702.48,0.8962076274808116,50.011,2.71225,32210.028,104.871,0.0
404,179.0,699.443,1.0443340911810457,48.865,2.725,31549.184,104.859,0.0
405,94.0,732.934,0.9256397545257185,22.793,2.7037499999999994,32087.646,103.005,0.0
406,117.0,698.408,0.7412776286774133,47.065,2.7372500000000004,31501.258,102.754,0.0
407,127.0,703.065,1.2838552795774285,48.164,2.7015,30658.962,103.386,0.0
408,101.0,704.971,0.9507128326979948,17.523,2.6807500000000006,31542.357,100.201,0.0
409,145.0,720.692,0.9480845826424382,26.198,2.7284999999999995,31487.108,102.624,0.0
410,103.0,716.015,1.0725055129147507,57.004,2.716500000000001,31179.148,103.458,0.0
411,129.0,716.476,1.1132497991418655,56.015,2.68475,32292.179,100.414,0.0
412,133.0,714.01,1.2246876014974617,22.418,2.71575,31684.211,101.7,0.0
413,146.0,717.093,0.8691216943879383,29.962,2.7275000000000005,31473.404,102.852,0.0
414,56.0,703.906,0.9068018256722336,28.301,2.67225,32007.126,99.669,0.0
415,112.0,699.474,1.2236619429391955,41.796,2.713250000000001,31068.324,101.929,0.0
416,181.0,699.373,1.090698131591993,48.865,2.7485,31559.957,102.648,0.0
417,118.0,690.935,0.9008316381476608,56.005,2.71225,32335.265,104.012,0.0
418,154.0,716.105,1.070069573838869,30.795,2.7550000000000026,32053.209,103.613,0.0
419,168.0,700.377,1.1748576898750405,31.074,2.639499999999998,31181.515,102.502,0.0
420,152.0,707.673,0.8012017299441017,37.972,2.74075,32463.943,103.367,0.0
421,199.0,690.969,0.7647609360843775,22.358,2.6680000000000006,32196.245,101.397,0.0
422,215.0,704.849,0.9365929332125336,19.378,2.682000000000001,32199.428,102.733,0.0
423,218.0,708.054,0.8706430879160327,29.366,2.6742500000000007,32197.27,102.517,0.0
424,223.0,712.583,0.8131463785705738,13.721,2.6932500000000004,32198.727,102.939,0.0
425,223.0,712.25,0.810975401288911,23.018,2.71275,32200.324,103.388,0.0
426,223.0,712.442,0.9173319202037642,24.328,2.717500000000001,32201.779,103.387,0.0
427,223.0,712.213,0.8579847518761003,31.553,2.68475,32300.362,104.024,0.0
428,224.0,713.21,0.757705259918973,29.197,2.6932500000000004,32300.914,104.045,0.0
429,224.0,713.755,0.9132506538573308,36.652,2.6935,32300.515,104.019,0.0
430,224.0,713.465,0.8302577821843109,31.46,2.6972499999999995,32299.646,104.065,0.0
431,224.0,713.224,0.7735260431802253,35.244,2.679250000000001,32300.421,104.248,0.0
432,225.0,714.11,0.8582539872476452,39.437,2.6790000000000007,32300.241,104.656,0.0
433,226.0,715.172,0.8414972905519753,31.482,2.6644999999999994,32197.085,105.348,0.0
434,224.0,713.848,0.8179285115984889,45.552,2.7010000000000005,32200.053,104.734,0.0
435,226.0,715.199,0.7105847963213047,38.42,2.678,32198.19,105.23,0.0
436,226.0,715.385,0.8221379852647054,40.362,2.6875,32199.503,105.251,0.0
437,226.0,715.44,0.8255012906203525,49.535,2.67825,32200.371,105.42,0.0
438,227.0,716.953,0.7670686678404759,48.873,2.697,32202.607,105.815,0.0
439,226.0,715.605,0.9129472298671772,40.408,2.68875,32200.629,104.247,0.0
440,224.0,713.967,0.8703182960392486,24.251,2.6905,32201.877,103.995,0.0
441,224.0,713.483,0.8375399579479992,30.525,2.683,32199.828,103.871,0.0
442,224.0,713.627,0.8485273252534231,36.502,2.68175,32202.069,103.928,0.0
443,225.0,714.956,0.8152276107283885,24.124,2.6992500000000006,32200.463,104.322,0.0
444,224.0,713.64,0.8931990290432315,29.507,2.716500000000001,32201.824,103.807,1.0
445,223.0,712.976,1.0031496264893418,37.901,2.7064999999999984,32198.962,103.525,0.0
446,226.0,715.564,0.7816415665225047,34.094,2.7090000000000005,32203.539,104.83,0.0
447,226.0,715.604,0.922861929263748,29.246,2.71575,32200.183,104.759,0.0
448,225.0,714.557,0.891557975350006,43.378,2.7182500000000003,32195.713,103.775,0.0
449,227.0,716.48,0.8374074770508897,42.33,2.702500000000001,32200.514,105.075,1.0
450,227.0,716.51,0.9067847313629293,38.55,2.7260000000000004,32201.656,105.21,1.0
451,227.0,716.331,0.927481666353271,39.991,2.7277499999999977,32199.318,104.965,1.0
452,220.0,709.495,0.8171549941024633,28.894,2.7027500000000004,32298.512,102.651,0.0
453,220.0,709.742,0.8560659156566779,28.585,2.6995000000000005,32300.691,102.818,0.0
454,221.0,710.536,0.9530803945366588,14.799,2.688249999999999,32302.035,103.077,0.0
455,217.0,706.929,0.8624976495324707,17.83,2.6747500000000004,32299.62,102.519,0.0
456,217.0,706.65,0.763867758423221,30.393,2.7,32301.028,102.218,0.0
457,216.0,705.856,0.8480657789022035,23.104,2.6694999999999998,32301.566,102.284,0.0
458,218.0,707.484,0.9157592437477564,16.981,2.689749999999999,32299.398,103.155,0.0
459,220.0,709.798,0.8375912408759124,30.79,2.685250000000001,32298.998,104.3,0.0
460,219.0,709.083,0.884408280483427,25.231,2.6659999999999995,32298.324,103.594,0.0
461,220.0,709.835,0.9003658182191148,31.899,2.6989999999999994,32301.632,103.396,0.0
462,220.0,709.286,0.8629549223063642,29.83,2.67525,32296.267,104.578,0.0
463,221.0,710.471,0.9364860937793807,38.256,2.6989999999999994,32299.096,103.946,1.0
464,222.0,711.327,0.8666131044975127,30.328,2.67375,32299.768,103.934,0.0
465,220.0,709.459,0.9147763209627516,37.438,2.66625,32299.45,103.629,0.0
466,221.0,710.33,0.9431101386348484,32.18,2.711,32300.321,103.98,0.0
467,222.0,711.374,0.8786474982478333,35.603,2.7049999999999983,32298.304,104.293,0.0
468,223.0,712.339,0.9357553120566162,46.454,2.713,32298.664,104.627,0.0
469,223.0,712.491,0.8708183045864032,34.835,2.7084999999999995,32298.65,104.337,0.0
470,222.0,711.695,0.8170438810919844,34.207,2.68275,32299.38,104.284,0.0
471,222.0,711.527,0.9287295509324944,42.31,2.7212500000000004,32296.996,104.359,0.0
472,222.0,711.963,0.8737713465187439,32.788,2.681,32300.456,104.261,0.0
473,222.0,711.736,0.8330740696422161,36.083,2.694,32302.568,104.247,0.0
474,223.0,712.87,0.8179627002170977,36.508,2.722,32302.655,104.49,1.0
475,222.0,711.696,0.8972418331937297,36.34,2.7155,32300.28,104.234,0.0
476,222.0,711.642,0.8512282261235234,30.242,2.6980000000000004,32298.299,104.196,0.0
477,222.0,711.194,0.8650959845467443,33.182,2.6760000000000006,32299.462,103.987,0.0
478,223.0,712.558,0.784419391784475,37.54,2.7057500000000005,32299.684,104.527,0.0
479,224.0,714.02,0.8908271936272414,43.585,2.68925,32302.118,104.586,0.0
480,223.0,712.87,0.9047846971743108,47.83,2.7037499999999994,32302.213,104.667,0.0
481,226.0,716.026,0.8754594095625565,37.494,2.688,32301.804,105.498,0.0
482,226.0,715.157,0.9011735243337492,45.14,2.6977500000000005,32300.133,104.943,0.0
483,224.0,713.608,0.9252380382570642,39.937,2.6787499999999995,32300.191,105.104,0.0
484,223.0,712.692,0.8757842014393409,45.357,2.70025,32299.577,105.413,0.0
485,225.0,714.415,0.6971358484760424,54.056,2.6962500000000005,32299.568,106.433,0.0
486,226.0,715.404,0.6869519137079266,42.706,2.68425,32299.833,106.404,0.0
487,224.0,713.132,0.8930109916408828,48.753,2.685,32300.763,105.575,0.0
488,220.0,710.114,0.915938733995453,39.583,2.6885000000000003,32302.291,104.263,0.0
489,221.0,710.617,0.8110224106394981,34.607,2.6957499999999994,32297.831,104.728,0.0
490,222.0,711.632,0.9289346826441478,36.939,2.7012500000000004,32301.493,104.633,0.0
491,220.0,710.084,0.7524957691584472,32.311,2.679250000000001,32300.641,104.301,0.0
492,220.0,710.093,0.8921990119489223,40.276,2.68475,32301.962,104.592,0.0
493,221.0,710.547,0.7450811124976495,37.029,2.6885000000000003,32299.553,104.375,0.0
494,221.0,711.029,0.8996093950323938,30.263,2.6989999999999994,32300.0,104.659,0.0
495,219.0,709.076,0.87148070907195,29.346,2.688000000000001,32299.332,103.766,0.0
496,221.0,710.146,0.6896186259594181,30.558,2.6730000000000005,32302.041,104.078,0.0
497,220.0,709.957,0.7278158601001726,30.501,2.6775000000000007,32305.414,103.699,0.0
498,220.0,709.783,0.8584206567633634,31.024,2.6825,32299.686,103.919,0.0
499,220.0,709.973,1.0023889297252944,22.161,2.6855,32300.601,103.634,0.0
500,220.0,709.984,0.705618899468367,26.662,2.708,32299.226,103.488,0.0
501,220.0,709.983,0.7897827313287407,30.218,2.68175,32298.267,103.604,0.0
502,221.0,710.137,0.9240927195336672,31.786,2.688249999999999,32299.142,103.249,0.0
503,221.0,710.837,0.8216764389134856,25.02,2.7212500000000004,32301.724,103.595,0.0
504,221.0,710.727,0.8523436298056377,34.196,2.68725,32202.644,103.192,0.0
505,223.0,713.032,0.9233961264295116,30.232,2.6870000000000003,32198.012,103.689,0.0
506,222.0,711.612,0.7746884562129267,26.925,2.688,32300.163,103.658,0.0
507,223.0,712.392,0.6978794509307852,31.411,2.7150000000000007,32297.58,103.738,0.0
508,223.0,712.963,0.9518367835347612,37.292,2.6805000000000008,32297.14,103.626,0.0
509,224.0,713.24,0.907844578539804,30.239,2.678,32300.024,103.918,0.0
510,224.0,713.658,0.6375108976221816,32.761,2.742250000000001,32199.199,103.953,0.0
511,224.0,714.028,0.8688139968204585,17.203,2.6795,32300.098,103.46,0.0
512,224.0,713.609,0.942939195541804,28.684,2.6772499999999995,32299.356,103.489,0.0
513,225.0,714.418,0.6683404844527256,29.181,2.6992500000000006,32300.822,103.375,0.0
514,223.0,712.826,0.8102360724114942,26.682,2.6997500000000003,32297.222,103.153,0.0
515,224.0,713.234,0.8370185815142139,33.873,2.68625,32300.66,103.914,0.0
516,225.0,714.097,0.952776970546505,19.704,2.688249999999999,32295.402,103.139,0.0
517,224.0,713.273,0.8139284432212517,28.17,2.70025,32301.766,102.853,0.0
518,221.0,710.686,0.8936819432810816,40.534,2.6659999999999995,32501.321,104.402,0.0
519,221.0,711.073,0.8955879587685259,25.47,2.7004999999999995,32501.935,104.0,0.0
520,221.0,710.814,0.8684293748611087,29.089,2.6837500000000007,32498.654,103.49,0.0
521,222.0,711.779,0.7864578881690285,32.562,2.683,32500.345,103.177,0.0
522,223.0,712.757,0.7157216362672866,24.515,2.6930000000000005,32497.667,103.741,0.0
523,223.0,713.04,0.8410442913554077,31.187,2.6855,32501.596,103.599,0.0
524,222.0,712.11,1.0211969435374963,23.719,2.66625,32501.542,103.118,0.0
525,224.0,713.575,0.8192917827655173,28.795,2.708,32500.363,103.119,0.0
526,223.0,712.199,0.7926289338279287,29.508,2.6785,32501.471,102.863,0.0
527,224.0,713.554,0.8872673037145934,25.944,2.6845,32501.237,103.318,0.0
528,224.0,713.758,0.8119113147233286,29.002,2.7030000000000003,32498.772,102.939,0.0
529,223.0,712.759,0.801453871006342,20.288,2.70025,32501.18,103.054,0.0
530,223.0,713.094,0.8036120275560266,25.966,2.6912499999999997,32502.334,103.208,0.0
531,225.0,714.308,0.964516487461324,31.529,2.7069999999999994,32499.477,103.382,0.0
532,225.0,714.77,0.7843040051966701,26.803,2.688,32499.26,103.677,0.0
533,226.0,715.244,0.8836390365647275,29.287,2.68725,32498.961,103.541,0.0
534,226.0,715.316,0.8520701208567667,30.914,2.6602500000000004,32499.787,103.716,0.0
535,225.0,714.519,0.8796176003008598,30.059,2.686750000000001,32501.831,103.694,0.0
536,224.0,713.231,0.8642498162361749,32.765,2.6984999999999983,32497.031,104.163,0.0
537,218.0,708.099,0.83694593069967,49.812,2.69425,32503.265,105.862,0.0
538,216.0,705.959,0.8800449580334706,45.462,2.7115,32498.409,105.892,1.0
539,217.0,706.485,0.8531727038069027,42.44,2.6977500000000005,32500.055,105.938,1.0
540,216.0,705.983,0.9111865160088206,49.83,2.7255,32498.838,105.821,1.0
541,215.0,704.746,0.872587565599412,45.629,2.7,32499.975,105.747,0.0
542,216.0,705.816,0.8872459358279629,37.814,2.6989999999999994,32494.512,105.594,0.0
543,217.0,706.868,0.9273534590334878,35.724,2.7245000000000004,32500.528,104.736,1.0
544,216.0,706.445,0.8254200926511565,34.701,2.73125,32496.56,104.788,1.0
545,214.0,703.86,0.9258277919280672,37.626,2.70775,32502.771,104.833,0.0
546,215.0,704.941,0.6598061505324877,55.04,2.679250000000001,32498.839,104.711,0.0
547,214.0,703.94,0.8764252380382571,47.455,2.6980000000000004,32502.896,104.683,0.0
548,216.0,705.549,0.9286868151592336,48.975,2.6915000000000004,32495.958,104.625,0.0
549,219.0,708.419,0.9454349647002512,45.079,2.6682500000000005,32299.497,105.127,0.0
550,217.0,707.023,0.9006265064360075,46.403,2.6870000000000003,32302.108,105.179,0.0
551,219.0,708.778,0.8756431733875792,55.019,2.71375,32300.693,105.296,1.0
552,219.0,708.823,0.7128968016547291,45.496,2.6795,32301.248,105.564,0.0
553,220.0,709.902,0.799795723003812,43.429,2.71225,32305.226,105.439,0.0
554,219.0,709.099,0.884010837792099,52.835,2.7055000000000007,32298.709,105.43,1.0
555,219.0,709.007,0.9198618779808202,49.03,2.68175,32297.701,104.247,0.0
556,218.0,707.54,0.8846176857724064,49.301,2.67825,32299.957,104.436,0.0
557,218.0,708.313,0.8482239012632695,53.793,2.681,32298.502,104.309,0.0
558,218.0,708.201,0.9269602899194858,48.595,2.66225,32300.86,104.344,0.0
559,224.0,713.448,0.7433161250619669,55.968,2.683,32296.362,106.121,0.0
560,222.0,711.889,0.8909383066377203,46.246,2.6947500000000004,32303.654,105.93,0.0
561,222.0,711.589,0.9579223576471392,50.42,2.6992500000000006,32302.162,105.558,0.0
562,222.0,711.408,0.871087539957948,50.833,2.7069999999999994,32300.976,105.627,0.0
563,222.0,711.541,0.8807543718696046,47.903,2.6915000000000004,32299.379,105.26,0.0
564,220.0,710.145,0.8585958734337339,48.257,2.7004999999999995,32301.209,104.424,0.0
565,219.0,709.285,0.8471127711584814,56.745,2.671250000000001,32299.831,104.249,0.0
566,220.0,710.068,0.8572496965760099,47.979,2.68025,32303.551,104.201,0.0
567,221.0,710.381,0.9036265577189352,57.05,2.679250000000001,32296.526,104.157,0.0
568,220.0,709.539,0.7873510658301851,55.576,2.69375,32297.616,104.032,0.0
569,220.0,709.879,0.9538197234140754,48.845,2.7349999999999994,32301.908,104.011,0.0
570,221.0,710.548,0.8517880647532436,48.324,2.663000000000001,32299.834,104.113,0.0
571,222.0,711.942,0.7625771380707362,53.728,2.6775000000000007,32299.948,104.968,0.0
572,222.0,711.872,0.93914425887622,47.749,2.6925,32299.617,104.463,0.0
573,221.0,710.775,0.8934340757961674,50.093,2.6757499999999994,32293.932,104.301,0.0
574,230.0,719.379,1.3448007658250567,57.403,2.702500000000001,32054.907,102.945,0.0
575,233.0,722.459,1.0825526932084308,69.025,2.6917500000000003,32052.091,102.001,0.0
576,230.0,719.559,1.2313928443221251,64.644,2.71875,32045.703,102.084,1.0
577,230.0,719.317,1.200247012769449,67.347,2.75325,32045.121,101.727,1.0
578,231.0,720.125,1.2284056137711754,71.766,2.763749999999999,32045.65,101.34,1.0
579,227.0,716.577,1.4288363903656471,62.728,2.6997500000000016,32059.916,100.528,1.0
580,234.0,723.192,1.3605873604677,57.834,2.7589999999999977,32050.475,103.27,1.0
581,235.0,724.192,1.460678815022479,58.547,2.784499999999997,32054.103,103.474,1.0
582,236.0,725.29,1.3073556812936973,54.484,2.7637500000000004,32044.64,103.707,1.0
583,233.0,722.888,1.2842569958460823,57.49,2.7454999999999985,32040.609,102.727,1.0
584,234.0,723.381,1.3234884356997556,58.063,2.74975,32043.72,103.396,1.0
585,233.0,722.703,1.0377314142122087,50.02,2.736749999999998,32055.941,104.309,1.0
586,234.0,723.896,1.165152395767449,48.183,2.763749999999999,32051.147,104.403,1.0
587,235.0,724.612,1.0732747568334502,53.61,2.7125,32044.633,104.649,1.0
588,234.0,723.873,1.0033974939742558,50.972,2.788,32039.65,104.761,1.0
589,233.0,722.593,1.0748688011760883,52.501,2.7390000000000017,32041.139,104.099,1.0
590,232.0,721.472,1.038329715037864,59.303,2.7332499999999995,32043.715,104.149,1.0
591,230.0,719.897,1.1463572026872253,50.741,2.7230000000000003,32040.817,103.505,1.0
592,230.0,719.597,1.0808475358553138,53.886,2.7307500000000005,32047.486,104.14,1.0
593,230.0,719.49,0.9842903297492264,57.694,2.6959999999999997,32043.586,104.742,0.0
594,230.0,719.948,0.8914254944528966,49.549,2.7125,32469.85,104.238,0.0
595,228.0,717.634,0.9435588642540896,50.569,2.7287500000000007,32466.046,104.536,0.0
596,228.0,718.016,0.9569778970580692,56.486,2.763500000000002,32467.764,104.579,1.0
597,229.0,718.56,0.8426810714713071,56.147,2.688249999999999,32471.558,105.153,0.0
598,229.0,719.062,0.7953383818526812,45.919,2.7030000000000003,32468.26,105.083,0.0
599,229.0,718.585,0.9367980649241868,56.018,2.7312499999999984,32469.21,105.182,0.0
600,229.0,719.042,0.7997786286945077,46.51,2.7205,32473.356,105.315,0.0
601,229.0,719.07,0.7666113950665823,55.266,2.6995000000000005,32478.804,105.858,0.0
602,231.0,720.337,0.9045282825347442,51.201,2.737750000000003,32479.394,105.769,0.0
603,230.0,720.149,0.8798569206311219,48.472,2.7115,32475.954,105.814,0.0
604,230.0,720.06,0.8220225986769005,57.166,2.72325,32473.014,105.952,0.0
605,230.0,719.864,0.8133258688182703,54.164,2.6995000000000005,32492.602,106.016,0.0
606,232.0,721.949,0.8365613087403203,56.267,2.7132499999999995,32486.114,106.433,0.0
607,232.0,721.375,0.8424332039863929,58.781,2.7040000000000006,32477.288,106.419,0.0
608,232.0,721.646,0.8532923639720337,52.511,2.70975,32475.062,106.482,0.0
609,232.0,721.658,0.6969349903417152,52.717,2.7242500000000005,32474.777,106.552,0.0
610,32.0,727.786,0.7887228841518659,57.235,2.7230000000000003,32474.989,106.425,0.0
611,32.0,725.688,0.8176464554949657,54.258,2.7175,32484.167,105.706,0.0
612,32.0,714.309,0.8247149523923486,56.404,2.7345,32482.503,106.417,1.0
613,32.0,725.202,0.7304911195063164,57.353,2.7262500000000003,32478.466,106.208,0.0
614,32.0,727.572,0.7847441836612592,50.005,2.7400000000000007,32471.405,106.027,0.0
615,32.0,729.613,0.9039983589463068,50.959,2.7242500000000005,32474.891,106.16,0.0
616,31.0,718.579,0.8352322261919007,59.032,2.710500000000001,32470.956,106.01,0.0
617,32.0,711.095,0.8661814731875759,50.527,2.72225,32470.502,105.956,0.0
618,31.0,725.309,0.7810902750474367,60.929,2.7115,32479.61,105.84,0.0
619,34.0,725.928,0.6402331663789125,52.751,2.7317499999999995,32473.864,106.764,0.0
620,33.0,722.571,1.0179832133882631,48.958,2.718000000000001,32455.142,105.962,0.0
621,32.0,716.389,0.9515718217405424,46.75,2.705,32442.676,105.815,0.0
622,32.0,712.382,0.8009581360365134,52.937,2.7090000000000005,32423.651,105.711,0.0
623,32.0,721.441,0.870138805791552,47.183,2.71075,32413.504,105.503,0.0
624,32.0,725.621,0.8419759312124994,46.103,2.725,32415.844,105.079,0.0
625,31.0,715.821,0.8394075112395083,53.813,2.6915000000000004,32428.073,105.014,0.0
626,32.0,724.281,0.8262277987657909,46.438,2.6959999999999997,32424.728,104.272,0.0
627,28.0,718.015,0.7835347612779706,50.69,2.68175,32456.369,104.468,0.0
628,31.0,718.058,0.8715576334638199,45.881,2.6995000000000005,32452.911,105.038,0.0
629,30.0,721.87,0.8597582864664353,46.634,2.7,32423.19,104.926,0.0
630,27.0,718.198,0.8555402656455666,58.646,2.74275,32546.56,103.059,0.0
631,27.0,713.546,0.819672131147541,53.889,2.71775,32555.893,103.245,0.0
632,27.0,711.421,0.8310013846390536,58.581,2.7044999999999986,32556.464,102.271,0.0
633,24.0,711.592,0.9980982580898818,62.855,2.7202500000000014,32546.944,102.967,0.0
634,23.0,712.814,1.0795398211935248,60.637,2.697,32553.593,102.462,0.0
635,23.0,717.163,0.9102591497290552,64.86,2.6980000000000004,32542.845,102.455,0.0
636,23.0,712.164,1.1500196584557,62.975,2.6912499999999997,32527.163,102.462,0.0
637,24.0,710.377,1.0595565736166428,60.745,2.7037499999999994,32568.434,103.0,0.0
638,25.0,715.375,1.04838116890887,54.352,2.69425,32567.933,102.843,0.0
639,25.0,710.706,0.9658669378963743,62.882,2.6819999999999995,32545.179,102.062,0.0
640,25.0,718.782,1.0290389579309047,55.138,2.6815000000000024,32551.638,102.116,0.0
641,27.0,718.57,1.1066300278637242,57.793,2.73475,32445.897,102.725,0.0
642,28.0,719.687,0.9738670746508488,60.378,2.7135000000000007,32439.106,102.912,0.0
643,29.0,721.081,0.9306227456879606,53.136,2.68475,32451.317,102.955,0.0
644,29.0,717.858,1.0975059402724832,60.551,2.688749999999999,32458.957,102.748,0.0
645,29.0,718.895,1.1288825450007691,60.87,2.7019999999999995,32453.215,102.821,0.0
646,30.0,718.567,0.9881151814560932,56.873,2.6935,32457.056,102.682,0.0
647,30.0,724.096,1.1162883126207284,60.919,2.70175,32553.025,102.845,0.0
648,30.0,719.496,1.0286244209302722,60.877,2.6980000000000004,32658.812,102.923,0.0
649,31.0,722.525,1.129583411682251,52.115,2.699749999999999,32771.764,103.697,0.0
650,31.0,723.08,0.9324432896288826,54.149,2.697,32767.878,104.492,0.0
651,32.0,719.235,1.0301244465717363,55.039,2.6975,32767.951,103.05,0.0
652,32.0,724.821,1.0692234055282994,53.721,2.752249999999999,32757.689,103.247,0.0
653,30.0,718.628,1.0830099659823245,57.992,2.7319999999999998,32758.759,104.005,0.0
654,32.0,720.697,1.020949076052582,47.802,2.66725,32951.237,103.832,0.0
655,32.0,719.265,1.0227482521068736,48.059,2.7117500000000008,32572.985,104.536,0.0
656,32.0,715.88,0.9422682439016052,43.899,2.7022500000000007,32547.768,104.6,0.0
657,32.0,726.383,1.0561419853330825,54.947,2.7215000000000003,32547.251,104.54,0.0
658,31.0,720.264,0.9877220123420912,45.406,2.7040000000000006,32234.854,104.23,0.0
659,32.0,724.499,0.980285987794663,48.646,2.7322500000000005,32453.91,103.794,0.0
660,33.0,727.814,1.0704200071796095,46.855,2.7227500000000004,32459.947,103.517,0.0
661,33.0,722.683,0.9978973999555548,38.535,2.7007499999999998,32451.735,103.511,0.0
662,33.0,727.582,0.989328877416708,46.565,2.6932500000000004,32446.311,103.461,0.0
663,33.0,726.818,1.0089146823022617,39.769,2.72675,32461.916,103.339,0.0
664,32.0,713.605,1.0519966153267577,38.212,2.67825,32461.009,102.584,0.0
665,31.0,726.633,1.2027299611959177,43.699,2.716,32451.238,103.09,0.0
666,31.0,719.265,1.173571343099882,35.76,2.71525,32360.3,103.119,0.0
667,33.0,722.546,1.2795133250141029,40.919,2.684,32551.161,102.936,0.0
668,33.0,728.731,1.1399553838527154,45.597,2.68925,32446.177,102.995,0.0
669,32.0,728.858,1.2121617463546386,24.261,2.7150000000000007,32441.521,102.49,0.0
670,29.0,713.971,1.457003538522026,36.631,2.6917500000000016,32449.708,101.118,0.0
671,29.0,721.066,1.3128814167763552,30.602,2.6930000000000005,32456.237,101.975,0.0
672,30.0,729.198,1.270910613856647,40.624,2.7292500000000004,32463.404,103.309,0.0
673,33.0,721.514,1.2978426981657805,37.584,2.70825,32454.981,102.8,0.0
674,32.0,721.329,1.3199029043231507,24.633,2.7045000000000003,32449.884,102.223,0.0
675,29.0,716.87,1.396387117728508,35.7,2.7027500000000004,32444.191,101.359,0.0
676,30.0,720.769,1.2600899160669412,39.348,2.7090000000000005,32445.445,102.018,0.0
677,29.0,721.954,1.2750346159763413,30.315,2.7102500000000007,32412.236,102.028,0.0
678,30.0,712.621,1.3575915827620983,35.121,2.70925,31636.858,102.074,1.0
679,30.0,716.794,1.256487290381032,33.399,2.75625,30152.769,101.907,1.0
680,20.0,709.047,0.8166635327099608,20.124,2.6614999999999998,32450.024,100.821,0.0
681,26.0,723.555,0.783551855587275,25.046,2.692,32158.005,99.912,0.0
682,24.0,708.6,0.8791090445990529,17.932,2.6637500000000003,32657.34,99.752,0.0
683,25.0,711.702,0.8872630301372673,34.443,2.677,32664.685,100.117,0.0
684,25.0,715.973,0.9072206362501922,28.852,2.679250000000001,32632.272,101.036,0.0
685,25.0,717.236,0.9165455819757604,29.796,2.7099999999999995,32636.484,102.066,0.0
686,24.0,712.928,0.9199131609087334,19.976,2.6895,32666.317,100.929,0.0
687,23.0,714.822,1.009679652643635,36.248,2.71425,32646.298,102.07,0.0
688,24.0,721.528,0.8330997111061728,35.278,2.689749999999999,32682.765,102.099,0.0
689,25.0,715.249,0.864920767876374,42.665,2.65625,32673.341,102.443,0.0
690,25.0,714.238,0.8372108924938888,34.689,2.68125,32677.209,102.094,0.0
691,25.0,714.974,0.8876177370553342,35.697,2.684,32696.413,102.006,0.0
692,25.0,724.374,0.7985008290740012,32.166,2.7042500000000005,32451.323,101.386,0.0
693,25.0,719.23,0.830702234226226,20.921,2.7069999999999994,32534.357,101.223,0.0
694,22.0,713.79,0.8498564078018427,31.927,2.7415000000000007,32621.49,100.525,1.0
695,24.0,713.559,0.8948315355818048,33.419,2.728,32337.742,100.688,1.0
696,25.0,716.184,0.7914066907126618,29.806,2.7565,32422.811,100.968,1.0
697,25.0,719.658,0.8766175490179319,24.694,2.72175,32255.476,100.571,0.0
698,22.0,717.264,1.0104574437169864,27.774,2.75625,32597.159,100.254,1.0
699,23.0,718.321,0.91693020393511,23.196,2.6932500000000004,32194.56,99.766,0.0
700,23.0,712.492,0.9357168498606814,25.474,2.6987499999999995,32641.989,100.404,0.0
701,24.0,708.404,1.0082394570847364,32.474,2.6732500000000003,32639.929,100.729,0.0
702,24.0,720.945,0.863301082069779,23.28,2.6997500000000003,32636.286,100.703,0.0
703,22.0,713.334,0.984315971213183,26.13,2.686,31686.264,100.155,0.0
704,23.0,716.68,0.9767132771500368,25.252,2.6837500000000007,31783.84,100.177,0.0
705,23.0,717.314,1.00308552282945,16.863,2.685250000000001,31618.822,100.256,0.0
706,23.0,716.545,1.0150088035692917,33.163,2.66575,31618.16,100.32,0.0
707,26.0,712.706,0.8310612147216192,27.45,2.6644999999999994,31910.25,101.053,0.0
708,26.0,716.92,0.8414160925827792,21.918,2.6975,32155.309,101.003,0.0
709,22.0,716.828,1.1534641617805432,24.929,2.6972499999999995,32178.343,99.116,0.0
710,20.0,717.059,0.9749782047556368,17.483,2.6845,31618.691,99.796,0.0
711,20.0,711.639,0.9992649446999092,24.19,2.6727500000000006,33321.979,99.736,0.0
712,18.0,707.582,0.8378818441340878,28.003,2.705,32175.559,99.674,0.0
713,23.0,707.619,0.7810689071608061,32.571,2.64525,31260.811,101.119,0.0
714,20.0,705.557,0.6172199524778201,26.405,2.6747500000000004,31637.594,100.782,0.0
715,18.0,702.472,0.8811518145609327,27.444,2.6815,32998.534,100.557,0.0
716,23.0,709.301,0.894720422571326,32.371,2.708500000000001,32465.72,101.98,0.0
717,19.0,714.972,0.7522051659002718,44.268,2.7042500000000005,32576.424,101.416,0.0
718,21.0,717.232,0.8538564761790799,26.291,2.6855,32341.75,101.961,0.0
719,17.0,711.148,0.892703294073403,28.188,2.68775,32645.662,101.679,0.0
720,19.0,704.451,0.911908750576933,23.753,2.7042500000000005,32461.883,100.406,0.0
721,19.0,712.119,0.9057505256500112,44.577,2.6790000000000007,32152.262,101.669,0.0
722,17.0,710.77,0.6680199661532675,33.561,2.692,32037.587,101.183,0.0
723,19.0,707.448,0.9276184208277064,31.591,2.6925,32172.83,99.613,0.0
724,19.0,705.854,0.8799936751055573,33.893,2.6765,32187.56,100.284,0.0
725,18.0,710.602,0.9126010701037623,35.004,2.678,32191.766,99.695,0.0
726,21.0,703.646,0.7013581428742371,30.954,2.6795,32188.486,100.074,0.0
727,20.0,699.176,0.8176250876083352,28.565,2.68925,32183.758,99.805,0.0
728,21.0,711.691,0.7900776081642421,27.444,2.6730000000000005,32180.949,100.535,0.0
729,20.0,701.201,0.7311620711465153,26.326,2.6670000000000003,32264.156,99.904,0.0
730,21.0,712.627,0.7992316107967657,33.115,2.6995000000000005,32264.303,100.079,0.0
731,22.0,716.564,0.7421152498333305,22.537,2.681,32359.833,100.463,0.0
732,22.0,702.181,0.8506384724525204,27.172,2.686750000000001,32362.152,99.514,0.0
733,22.0,715.357,0.8533992034051864,34.823,2.7237500000000026,32358.195,101.149,0.0
734,24.0,703.95,0.8391639173319202,30.776,2.6930000000000005,32353.162,101.078,0.0
735,24.0,715.335,0.960836937383545,33.777,2.7095,32365.612,101.193,0.0
736,26.0,717.937,0.8624634609138617,48.896,2.7275000000000005,32257.524,102.14,0.0
737,27.0,713.61,0.8685917707995008,36.025,2.708000000000001,32254.026,102.642,0.0
738,25.0,720.436,0.8166549855553087,39.751,2.71725,32254.395,102.138,0.0
739,26.0,711.993,0.9478281680028718,31.188,2.7037499999999994,32255.649,102.317,1.0
740,22.0,717.559,0.8681216772936289,31.064,2.71775,32252.755,101.779,0.0
741,25.0,723.533,0.8746730713345527,34.809,2.7102500000000007,32103.171,102.462,0.0
742,26.0,720.668,0.8049026479085113,38.514,2.69375,32421.751,102.03,0.0
743,26.0,722.091,0.5881767209695892,31.605,2.7045000000000003,32251.764,102.409,0.0
744,27.0,720.444,0.851211131814219,34.303,2.677250000000001,32241.615,101.586,0.0
745,24.0,706.242,0.8362066018222534,35.4,2.6727500000000006,32242.286,101.695,0.0
746,23.0,712.373,0.942781073180738,31.265,2.71875,32240.974,101.261,0.0
747,21.0,708.586,0.923802116275492,35.404,2.6745000000000005,32252.961,101.177,0.0
748,22.0,712.936,0.8373476469683243,31.011,2.7272500000000006,32253.818,100.736,0.0
749,21.0,715.498,0.8598693994769142,32.525,2.7227500000000004,32248.621,101.503,0.0
750,22.0,707.179,0.914314774611532,28.001,2.6915000000000004,32241.426,101.061,0.0
751,22.0,716.238,0.9381997982871502,30.007,2.705250000000001,32258.401,101.439,0.0
