Ox_Chamber,process,type,Temp_OXid,Vapor,ppm,Pressure,Oxid_time,thickness,No_Die,Lot_Num,Wafer_Num,Datetime
1,Oxidation,dry,1138.9791588,O2,32.8,0.2,62,699.443,NOLSM111,1,1,17-02-2019 PM 9:04:30
1,Oxidation,dry,1218.1845511,O2,31.86,0.194,137,696.792,NOLSM212,1,2,17-02-2019 PM 9:04:30
1,Oxidation,dry,1062.467808,O2,39.51,0.217,128,705.471,NOLSM313,1,3,17-02-2019 PM 9:04:30
1,Oxidation,dry,1114.7047728,O2,32.88,0.201,90,710.772,NOLSM414,1,4,17-02-2019 PM 9:04:30
1,Oxidation,dry,989.41194619,O2,38.11,0.204,98,716.975,NOLSM515,1,5,17-02-2019 PM 9:04:30
1,Oxidation,wet,979.10970259,H2O,39.93,0.204,132,698.725,NOLSM616,1,6,17-02-2019 PM 9:04:30
1,Oxidation,wet,1136.1149536,H2O,35.63,0.2,74,709.703,NOLSM717,1,7,17-02-2019 PM 9:04:30
1,Oxidation,dry,1096.2418486,O2,28.6,0.199,291,696.438,NOLSM818,1,8,17-02-2019 PM 9:04:30
2,Oxidation,dry,1042.2439924,O2,34.58,0.203,61,712.977,NOLSM919,1,9,17-02-2019 PM 9:04:30
2,Oxidation,dry,1104.8362847,O2,34.95,0.204,117,725.873,NOLSM10110,1,10,17-02-2019 PM 9:04:30
2,Oxidation,dry,1077.751749,O2,32.59,0.189,87,689.049,NOLSM11111,1,11,17-02-2019 PM 9:04:30
2,Oxidation,dry,1113.7120291,O2,38.02,0.218,80,708.738,NOLSM12112,1,12,17-02-2019 PM 9:04:30
2,Oxidation,dry,1193.9659897,O2,33.81,0.202,149,716.118,NOLSM13113,1,13,17-02-2019 PM 9:04:30
2,Oxidation,dry,1098.1779675,O2,29.05,0.216,149,703.595,NOLSM14114,1,14,17-02-2019 PM 9:04:30
2,Oxidation,dry,1013.7034861,O2,49.91,0.209,101,721.105,NOLSM15115,1,15,17-02-2019 PM 9:04:30
2,Oxidation,wet,1102.4255833,H2O,32.47,0.203,112,703.686,NOLSM16116,1,16,17-02-2019 PM 9:04:30
2,Oxidation,dry,1100.6468747,O2,32.82,0.205,101,702.403,NOLSM17117,1,17,17-02-2019 PM 9:04:30
3,Oxidation,dry,996.16264084,O2,36.66,0.194,148,707.175,NOLSM18118,1,18,17-02-2019 PM 9:04:30
3,Oxidation,wet,1017.2931115,H2O,35.44,0.203,157,719.64,NOLSM19119,1,19,17-02-2019 PM 9:04:30
3,Oxidation,dry,1037.4383761,O2,36.74,0.205,147,709.838,NOLSM20120,1,20,17-02-2019 PM 9:04:30
3,Oxidation,dry,1000.0636738,O2,25.53,0.203,56,715.592,NOLSM21121,1,21,17-02-2019 PM 9:04:30
3,Oxidation,dry,1080.0859934,O2,42.37,0.212,84,698.922,NOLSM22122,1,22,17-02-2019 PM 9:04:30
3,Oxidation,dry,1068.5066433,O2,31.47,0.212,117,708.278,NOLSM23123,1,23,17-02-2019 PM 9:04:30
3,Oxidation,wet,1067.2373343,H2O,37.17,0.205,137,704.101,NOLSM24124,1,24,17-02-2019 PM 9:04:30
3,Oxidation,wet,1035.3569135,H2O,35.36,0.21,125,715.292,NOLSM25125,1,25,17-02-2019 PM 9:04:30
3,Oxidation,wet,1104.1297388,H2O,39.02,0.206,204,696.973,NOLSM26126,1,26,17-02-2019 PM 9:04:30
1,Oxidation,dry,956.15690801,O2,33.41,0.218,144,713.383,NOLSM27127,1,27,17-02-2019 PM 9:04:30
1,Oxidation,dry,1058.8279727,O2,32.41,0.209,114,707.44,NOLSM2821,2,1,17-02-2019 PM 9:04:30
1,Oxidation,dry,1240.2895471,O2,37.48,0.204,106,707.18,NOLSM2922,2,2,17-02-2019 PM 9:04:30
1,Oxidation,dry,1097.0083322,O2,32.84,0.206,165,714.239,NOLSM3023,2,3,17-02-2019 PM 9:04:30
1,Oxidation,wet,1133.0169904,H2O,32.35,0.201,174,704.313,NOLSM3124,2,4,17-02-2019 PM 9:04:30
1,Oxidation,dry,1023.1211623,O2,37.89,0.204,75,699.531,NOLSM3225,2,5,17-02-2019 PM 9:04:30
1,Oxidation,dry,1101.3963879,O2,31.7,0.21,167,702.707,NOLSM3326,2,6,17-02-2019 PM 9:04:30
2,Oxidation,dry,1159.8601676,O2,30.63,0.202,151,706.277,NOLSM3427,2,7,17-02-2019 PM 9:04:30
2,Oxidation,dry,1041.0096056,O2,35.88,0.221,113,713.085,NOLSM3528,2,8,17-02-2019 PM 9:04:30
2,Oxidation,dry,1131.7743178,O2,42.9,0.199,64,703.97,NOLSM3629,2,9,17-02-2019 PM 9:04:30
2,Oxidation,wet,1011.580452,H2O,27.08,0.2,113,711.401,NOLSM37210,2,10,17-02-2019 PM 9:04:30
2,Oxidation,dry,1096.8907283,O2,39.28,0.193,147,723.358,NOLSM38211,2,11,17-02-2019 PM 9:04:30
2,Oxidation,wet,910.96412051,H2O,29.1,0.215,128,713.195,NOLSM39212,2,12,17-02-2019 PM 9:04:30
2,Oxidation,dry,1167.0115997,O2,27.49,0.201,68,708.223,NOLSM40213,2,13,17-02-2019 PM 9:04:30
2,Oxidation,dry,1031.0640614,O2,34.11,0.205,129,709.468,NOLSM41214,2,14,17-02-2019 PM 9:04:30
2,Oxidation,dry,1180.3394847,O2,37.93,0.212,179,702.876,NOLSM42215,2,15,17-02-2019 PM 9:04:30
3,Oxidation,wet,1030.763662,H2O,33.82,0.213,55,705.424,NOLSM43216,2,16,17-02-2019 PM 9:04:30
3,Oxidation,wet,1154.1069836,H2O,33.08,0.205,121,694.973,NOLSM44217,2,17,17-02-2019 PM 9:04:30
3,Oxidation,dry,984.80973869,O2,35.14,0.21,125,699.61,NOLSM45218,2,18,17-02-2019 PM 9:04:30
3,Oxidation,dry,1141.7084381,O2,25.2,0.195,186,709.326,NOLSM46219,2,19,17-02-2019 PM 9:04:30
3,Oxidation,wet,1183.7236397,H2O,32.31,0.225,178,703.43,NOLSM47220,2,20,17-02-2019 PM 9:04:30
3,Oxidation,dry,1226.0236301,O2,31.05,0.202,135,693.884,NOLSM48221,2,21,17-02-2019 PM 9:04:30
3,Oxidation,dry,1189.4704098,O2,44.4,0.21,91,712.072,NOLSM49222,2,22,17-02-2019 PM 9:04:30
3,Oxidation,dry,1080.2135215,O2,32.52,0.193,90,707.578,NOLSM50223,2,23,17-02-2019 PM 9:04:30
3,Oxidation,dry,1139.6899983,O2,37.34,0.205,86,706.773,NOLSM51224,2,24,17-02-2019 PM 9:04:30
1,Oxidation,wet,1070.5742384,H2O,35.21,0.21,56,714.762,NOLSM52225,2,25,17-02-2019 PM 9:04:30
1,Oxidation,wet,1035.6123981,H2O,39.84,0.22,126,697.495,NOLSM53226,2,26,17-02-2019 PM 9:04:30
1,Oxidation,dry,1162.9936157,O2,38.4,0.212,107,716.621,NOLSM54227,2,27,17-02-2019 PM 9:04:30
1,Oxidation,dry,1136.2293796,O2,38.47,0.203,96,715.089,NOLSM5531,3,1,17-02-2019 PM 9:04:30
1,Oxidation,dry,935.94165028,O2,40.44,0.199,86,710.55,NOLSM5632,3,2,17-02-2019 PM 9:04:30
1,Oxidation,wet,1209.6556686,H2O,31.58,0.188,64,709.429,NOLSM5733,3,3,17-02-2019 PM 9:04:30
1,Oxidation,dry,1118.4842937,O2,26.32,0.211,118,712.611,NOLSM5834,3,4,17-02-2019 PM 9:04:30
1,Oxidation,dry,1090.3479898,O2,48.42,0.213,205,711.35,NOLSM5935,3,5,17-02-2019 PM 9:04:30
2,Oxidation,dry,1130.3791394,O2,29.89,0.208,105,715.478,NOLSM6036,3,6,17-02-2019 PM 9:04:30
2,Oxidation,wet,1062.0710716,H2O,36.82,0.201,160,709.683,NOLSM6137,3,7,17-02-2019 PM 9:04:30
2,Oxidation,dry,1042.3674321,O2,31.54,0.205,116,706.795,NOLSM6238,3,8,17-02-2019 PM 9:04:30
2,Oxidation,wet,1003.2154946,H2O,39.23,0.196,104,702.837,NOLSM6339,3,9,17-02-2019 PM 9:04:30
2,Oxidation,wet,1094.8534411,H2O,38.6,0.213,241,714.84,NOLSM64310,3,10,17-02-2019 PM 9:04:30
2,Oxidation,wet,1133.5707586,H2O,38.76,0.207,209,700.438,NOLSM65311,3,11,17-02-2019 PM 9:04:30
2,Oxidation,dry,1168.7631084,O2,35.52,0.219,125,708.839,NOLSM66312,3,12,17-02-2019 PM 9:04:30
2,Oxidation,wet,967.62313324,H2O,35.31,0.217,81,709.833,NOLSM67313,3,13,17-02-2019 PM 9:04:30
3,Oxidation,dry,957.23727429,O2,28.59,0.21,0,699.547,NOLSM68314,3,14,17-02-2019 PM 9:04:30
3,Oxidation,wet,1114.9722684,H2O,30.87,0.202,156,716.948,NOLSM69315,3,15,17-02-2019 PM 9:04:30
3,Oxidation,wet,1119.8133536,H2O,35.73,0.211,170,703.516,NOLSM70316,3,16,17-02-2019 PM 9:04:30
3,Oxidation,wet,1096.568516,H2O,31.09,0.216,29,713.406,NOLSM71317,3,17,17-02-2019 PM 9:04:30
3,Oxidation,dry,1102.7503089,O2,37.47,0.205,68,693.691,NOLSM72318,3,18,17-02-2019 PM 9:04:30
3,Oxidation,dry,1152.8927322,O2,31.33,0.189,81,718.116,NOLSM73319,3,19,17-02-2019 PM 9:04:30
3,Oxidation,dry,991.15821593,O2,34.8,0.205,109,708.625,NOLSM74320,3,20,17-02-2019 PM 9:04:30
1,Oxidation,dry,1090.0506655,O2,41.2,0.206,82,703.101,NOLSM75321,3,21,17-02-2019 PM 9:04:30
1,Oxidation,dry,978.47585568,O2,39.65,0.224,136,700.313,NOLSM76322,3,22,17-02-2019 PM 9:04:30
1,Oxidation,dry,1140.0986094,O2,37.49,0.203,166,713.858,NOLSM77323,3,23,17-02-2019 PM 9:04:30
1,Oxidation,wet,1002.0818486,H2O,34.94,0.207,210,719.16,NOLSM78324,3,24,17-02-2019 PM 9:04:30
1,Oxidation,wet,1066.9129044,H2O,30.02,0.198,114,715.85,NOLSM79325,3,25,17-02-2019 PM 9:04:30
1,Oxidation,dry,1080.4253812,O2,30.27,0.194,77,715.825,NOLSM80326,3,26,17-02-2019 PM 9:04:30
1,Oxidation,dry,1000.9813188,O2,44.38,0.215,218,710.922,NOLSM81327,3,27,17-02-2019 PM 9:04:30
1,Oxidation,dry,1053.7556177,O2,30.78,0.199,85,713.701,NOLSM8241,4,1,17-02-2019 PM 9:04:30
2,Oxidation,dry,1037.1566618,O2,29.54,0.217,172,731.528,NOLSM8342,4,2,17-02-2019 PM 9:04:30
2,Oxidation,dry,1088.4305142,O2,36.28,0.207,53,714.837,NOLSM8443,4,3,17-02-2019 PM 9:04:30
2,Oxidation,dry,1115.8429467,O2,30.79,0.205,122,709.829,NOLSM8544,4,4,17-02-2019 PM 9:04:30
2,Oxidation,dry,1042.38735,O2,37.12,0.212,89,696.904,NOLSM8645,4,5,17-02-2019 PM 9:04:30
2,Oxidation,wet,987.5098228,H2O,32.08,0.206,84,716.66,NOLSM8746,4,6,17-02-2019 PM 9:04:30
2,Oxidation,dry,1189.0728617,O2,27.33,0.203,145,713.775,NOLSM8847,4,7,17-02-2019 PM 9:04:30
2,Oxidation,dry,965.95188587,O2,34.15,0.201,143,696.528,NOLSM8948,4,8,17-02-2019 PM 9:04:30
2,Oxidation,dry,1035.2225252,O2,35.06,0.215,16,711.408,NOLSM9049,4,9,17-02-2019 PM 9:04:30
3,Oxidation,dry,1065.7397354,O2,35.85,0.205,137,719.537,NOLSM91410,4,10,17-02-2019 PM 9:04:30
3,Oxidation,wet,950.904005,H2O,34.93,0.192,48,714.554,NOLSM92411,4,11,17-02-2019 PM 9:04:30
3,Oxidation,wet,1119.8186964,H2O,38.17,0.208,44,706.898,NOLSM93412,4,12,17-02-2019 PM 9:04:30
3,Oxidation,dry,1130.4307565,O2,28.3,0.223,94,717.055,NOLSM94413,4,13,17-02-2019 PM 9:04:30
3,Oxidation,dry,1101.5507061,O2,37.71,0.211,67,719.217,NOLSM95414,4,14,17-02-2019 PM 9:04:30
3,Oxidation,dry,1057.9935878,O2,33.68,0.209,70,705.754,NOLSM96415,4,15,17-02-2019 PM 9:04:30
3,Oxidation,dry,875.50327482,O2,44.49,0.208,74,713.42,NOLSM97416,4,16,17-02-2019 PM 9:04:30
3,Oxidation,dry,1199.2308828,O2,30.89,0.206,74,711.44,NOLSM98417,4,17,17-02-2019 PM 9:04:30
1,Oxidation,wet,1019.3986018,H2O,36.17,0.209,116,712.1,NOLSM99418,4,18,17-02-2019 PM 9:04:30
1,Oxidation,wet,1041.2494383,H2O,33.55,0.194,80,701.46,NOLSM100419,4,19,17-02-2019 PM 9:04:30
1,Oxidation,dry,1113.1019149,O2,41.09,0.201,83,697.565,NOLSM101420,4,20,17-02-2019 PM 9:04:30
1,Oxidation,wet,1049.3347675,H2O,38.07,0.2,95,713.144,NOLSM102421,4,21,17-02-2019 PM 9:04:30
1,Oxidation,dry,1022.0956735,O2,30.38,0.216,96,722.552,NOLSM103422,4,22,17-02-2019 PM 9:04:30
1,Oxidation,wet,1058.5098678,H2O,29.19,0.206,82,700.946,NOLSM104423,4,23,17-02-2019 PM 9:04:30
1,Oxidation,wet,1058.2490028,H2O,33.59,0.206,89,712.311,NOLSM105424,4,24,17-02-2019 PM 9:04:30
1,Oxidation,wet,959.51710268,H2O,28.78,0.198,51,709.928,NOLSM106425,4,25,17-02-2019 PM 9:04:30
2,Oxidation,dry,1210.7401666,O2,31.72,0.204,141,720.435,NOLSM107426,4,26,17-02-2019 PM 9:04:30
2,Oxidation,dry,1118.8625931,O2,39.92,0.217,82,707.316,NOLSM108427,4,27,17-02-2019 PM 9:04:30
2,Oxidation,dry,1062.4908867,O2,40.51,0.211,77,696.504,NOLSM10951,5,1,17-02-2019 PM 9:04:30
2,Oxidation,dry,980.70461148,O2,28.29,0.221,117,718.15,NOLSM11052,5,2,17-02-2019 PM 9:04:30
2,Oxidation,dry,1029.098935,O2,25.43,0.198,128,703.168,NOLSM11153,5,3,17-02-2019 PM 9:04:30
2,Oxidation,dry,1169.6176907,O2,32.03,0.209,138,711.745,NOLSM11254,5,4,17-02-2019 PM 9:04:30
2,Oxidation,wet,988.24893181,H2O,34.94,0.219,127,708.118,NOLSM11355,5,5,17-02-2019 PM 9:04:30
2,Oxidation,dry,1077.6954273,O2,45.96,0.187,145,704.485,NOLSM11456,5,6,17-02-2019 PM 9:04:30
3,Oxidation,wet,979.6755987,H2O,33.73,0.222,72,711.354,NOLSM11557,5,7,17-02-2019 PM 9:04:30
3,Oxidation,dry,1118.6757555,O2,34.79,0.197,127,706.008,NOLSM11658,5,8,17-02-2019 PM 9:04:30
3,Oxidation,dry,922.75078097,O2,34.18,0.212,53,720.685,NOLSM11759,5,9,17-02-2019 PM 9:04:30
3,Oxidation,wet,1203.228875,H2O,33.83,0.196,72,704.142,NOLSM118510,5,10,17-02-2019 PM 9:04:30
3,Oxidation,dry,1026.8792289,O2,31.29,0.204,28,727.564,NOLSM119511,5,11,17-02-2019 PM 9:04:30
3,Oxidation,dry,1019.9615854,O2,34.64,0.216,46,704.981,NOLSM120512,5,12,17-02-2019 PM 9:04:30
3,Oxidation,dry,1107.5504859,O2,33.95,0.205,130,704.261,NOLSM121513,5,13,17-02-2019 PM 9:04:30
3,Oxidation,wet,1150.1978847,H2O,39.06,0.206,145,710.897,NOLSM122514,5,14,17-02-2019 PM 9:04:30
3,Oxidation,dry,1182.4567144,O2,37.39,0.209,36,715.956,NOLSM123515,5,15,17-02-2019 PM 9:04:30
1,Oxidation,dry,1061.1656724,O2,31.85,0.204,162,696.61,NOLSM124516,5,16,17-02-2019 PM 9:04:30
1,Oxidation,dry,1181.2604802,O2,34.65,0.216,41,712.668,NOLSM125517,5,17,17-02-2019 PM 9:04:30
1,Oxidation,wet,1148.8817184,H2O,31.13,0.206,31,690.617,NOLSM126518,5,18,17-02-2019 PM 9:04:30
1,Oxidation,dry,1187.8216971,O2,28.68,0.21,150,703.181,NOLSM127519,5,19,17-02-2019 PM 9:04:30
1,Oxidation,dry,1181.770049,O2,34.78,0.218,199,709.507,NOLSM128520,5,20,17-02-2019 PM 9:04:30
1,Oxidation,dry,999.26929652,O2,36.11,0.191,143,711.843,NOLSM129521,5,21,17-02-2019 PM 9:04:30
1,Oxidation,dry,960.2343251,O2,35.46,0.187,100,681.435,NOLSM130522,5,22,17-02-2019 PM 9:04:30
1,Oxidation,dry,1166.1295244,O2,34.89,0.208,158,710.413,NOLSM131523,5,23,17-02-2019 PM 9:04:30
1,Oxidation,dry,1164.7869004,O2,30.81,0.216,131,689.252,NOLSM132524,5,24,17-02-2019 PM 9:04:30
2,Oxidation,wet,1022.4733326,H2O,33.82,0.187,67,709.639,NOLSM133525,5,25,17-02-2019 PM 9:04:30
2,Oxidation,dry,1095.5221878,O2,34.04,0.215,35,714.163,NOLSM134526,5,26,17-02-2019 PM 9:04:30
2,Oxidation,dry,1080.3372002,O2,32.41,0.208,41,695.852,NOLSM135527,5,27,17-02-2019 PM 9:04:30
2,Oxidation,dry,1088.9609192,O2,26.11,0.203,27,713.051,NOLSM13661,6,1,17-02-2019 PM 9:04:30
2,Oxidation,wet,1054.7870964,H2O,45.83,0.21,261,697.237,NOLSM13762,6,2,17-02-2019 PM 9:04:30
2,Oxidation,dry,1102.2386131,O2,28.76,0.206,19,702.597,NOLSM13863,6,3,17-02-2019 PM 9:04:30
2,Oxidation,dry,934.54674373,O2,36.93,0.199,112,715.587,NOLSM13964,6,4,17-02-2019 PM 9:04:30
2,Oxidation,dry,1191.0369867,O2,35.99,0.188,74,712.987,NOLSM14065,6,5,17-02-2019 PM 9:04:30
2,Oxidation,wet,1104.1629606,H2O,30.27,0.218,97,705.412,NOLSM14166,6,6,17-02-2019 PM 9:04:30
3,Oxidation,dry,1092.7494252,O2,32.55,0.205,148,699.564,NOLSM14267,6,7,17-02-2019 PM 9:04:30
3,Oxidation,dry,1094.9041648,O2,34.45,0.19,148,707.661,NOLSM14368,6,8,17-02-2019 PM 9:04:30
3,Oxidation,dry,1105.7540205,O2,42.17,0.21,98,723.872,NOLSM14469,6,9,17-02-2019 PM 9:04:30
3,Oxidation,wet,999.84580265,H2O,24.49,0.203,97,716.982,NOLSM145610,6,10,17-02-2019 PM 9:04:30
3,Oxidation,dry,1124.1019505,O2,26.21,0.217,46,701.435,NOLSM146611,6,11,17-02-2019 PM 9:04:30
3,Oxidation,dry,934.35670746,O2,34.19,0.194,186,719.909,NOLSM147612,6,12,17-02-2019 PM 9:04:30
3,Oxidation,dry,1034.5298008,O2,37.64,0.221,153,704.422,NOLSM148613,6,13,17-02-2019 PM 9:04:30
3,Oxidation,wet,1099.5848742,H2O,26.89,0.2,82,689.862,NOLSM149614,6,14,17-02-2019 PM 9:04:30
3,Oxidation,dry,1071.8536635,O2,43.08,0.213,121,704.781,NOLSM150615,6,15,17-02-2019 PM 9:04:30
1,Oxidation,dry,1075.6982646,O2,33.47,0.208,124,703.775,NOLSM151616,6,16,17-02-2019 PM 9:04:30
1,Oxidation,wet,1039.3672587,H2O,36.92,0.197,59,715.505,NOLSM152617,6,17,17-02-2019 PM 9:04:30
1,Oxidation,wet,1073.7219751,H2O,32.06,0.207,164,695.708,NOLSM153618,6,18,17-02-2019 PM 9:04:30
1,Oxidation,wet,1145.2563547,H2O,29.95,0.204,115,708.881,NOLSM154619,6,19,17-02-2019 PM 9:04:30
1,Oxidation,wet,1224.9339656,H2O,29.79,0.196,8,702.273,NOLSM155620,6,20,17-02-2019 PM 9:04:30
1,Oxidation,dry,1236.932859,O2,28.05,0.203,167,708.257,NOLSM156621,6,21,17-02-2019 PM 9:04:30
1,Oxidation,dry,1102.8384643,O2,33.6,0.204,114,696.21,NOLSM157622,6,22,17-02-2019 PM 9:04:30
1,Oxidation,wet,1151.5609257,H2O,32.18,0.206,104,708.267,NOLSM158623,6,23,17-02-2019 PM 9:04:30
2,Oxidation,dry,1047.1412331,O2,35.01,0.214,122,709.319,NOLSM159624,6,24,17-02-2019 PM 9:04:30
2,Oxidation,wet,1053.5217358,H2O,38.58,0.201,130,720.601,NOLSM160625,6,25,17-02-2019 PM 9:04:30
2,Oxidation,wet,1012.5059749,H2O,31.09,0.209,158,711.69,NOLSM161626,6,26,17-02-2019 PM 9:04:30
2,Oxidation,dry,1136.3626311,O2,33.94,0.213,68,707.981,NOLSM162627,6,27,17-02-2019 PM 9:04:30
2,Oxidation,wet,936.03394325,H2O,33.37,0.195,66,702.454,NOLSM16371,7,1,17-02-2019 PM 9:04:30
2,Oxidation,wet,1058.1020128,H2O,32.52,0.21,95,702.73,NOLSM16472,7,2,17-02-2019 PM 9:04:30
2,Oxidation,dry,1033.5442926,O2,35.17,0.207,121,710.805,NOLSM16573,7,3,17-02-2019 PM 9:04:30
2,Oxidation,dry,1176.856373,O2,41.25,0.203,65,702.66,NOLSM16674,7,4,17-02-2019 PM 9:04:30
2,Oxidation,dry,1060.9071046,O2,42.71,0.2,83,708.294,NOLSM16775,7,5,17-02-2019 PM 9:04:30
3,Oxidation,dry,951.97342474,O2,36.26,0.206,106,705.357,NOLSM16876,7,6,17-02-2019 PM 9:04:30
3,Oxidation,dry,1059.9547632,O2,34.77,0.217,178,711.67,NOLSM16977,7,7,17-02-2019 PM 9:04:30
3,Oxidation,wet,1148.8606883,H2O,28.1,0.211,166,715.269,NOLSM17078,7,8,17-02-2019 PM 9:04:30
3,Oxidation,wet,973.1779988,H2O,39.92,0.206,156,699.922,NOLSM17179,7,9,17-02-2019 PM 9:04:30
3,Oxidation,wet,959.96729299,H2O,32.28,0.216,44,714.436,NOLSM172710,7,10,17-02-2019 PM 9:04:30
3,Oxidation,wet,1186.253634,H2O,32.5,0.21,148,711.998,NOLSM173711,7,11,17-02-2019 PM 9:04:30
3,Oxidation,dry,1082.0823554,O2,22.76,0.209,109,693.95,NOLSM174712,7,12,17-02-2019 PM 9:04:30
3,Oxidation,wet,1085.791792,H2O,35.01,0.208,94,695.374,NOLSM175713,7,13,17-02-2019 PM 9:04:30
1,Oxidation,wet,1011.3545508,H2O,33.77,0.209,145,737.402,NOLSM176714,7,14,17-02-2019 PM 9:04:30
1,Oxidation,wet,1110.5138989,H2O,34.06,0.213,147,689.206,NOLSM177715,7,15,17-02-2019 PM 9:04:30
1,Oxidation,dry,1165.3583589,O2,41.5,0.212,173,708.822,NOLSM178716,7,16,17-02-2019 PM 9:04:30
1,Oxidation,wet,1152.7838304,H2O,44.51,0.185,203,713.834,NOLSM179717,7,17,17-02-2019 PM 9:04:30
1,Oxidation,dry,954.09074832,O2,30.27,0.214,144,720.384,NOLSM180718,7,18,17-02-2019 PM 9:04:30
1,Oxidation,wet,1032.7200075,H2O,40.95,0.228,114,704.562,NOLSM181719,7,19,17-02-2019 PM 9:04:30
1,Oxidation,dry,1178.6574637,O2,30.51,0.199,24,721.147,NOLSM182720,7,20,17-02-2019 PM 9:04:30
2,Oxidation,dry,1102.427433,O2,31.07,0.208,187,704.535,NOLSM183721,7,21,17-02-2019 PM 9:04:30
2,Oxidation,dry,993.51214509,O2,36.9,0.202,80,715.659,NOLSM184722,7,22,17-02-2019 PM 9:04:30
2,Oxidation,dry,1048.4568703,O2,35.45,0.196,32,711.146,NOLSM185723,7,23,17-02-2019 PM 9:04:30
2,Oxidation,dry,1013.5237454,O2,38.34,0.217,148,715.371,NOLSM186724,7,24,17-02-2019 PM 9:04:30
2,Oxidation,dry,1169.9306805,O2,28.53,0.202,173,718.435,NOLSM187725,7,25,17-02-2019 PM 9:04:30
2,Oxidation,dry,1071.0033373,O2,43.12,0.195,116,711.971,NOLSM188726,7,26,17-02-2019 PM 9:04:30
2,Oxidation,wet,1102.8101268,H2O,38.08,0.212,122,706.134,NOLSM189727,7,27,17-02-2019 PM 9:04:30
2,Oxidation,dry,1174.0130299,O2,37.49,0.212,84,721.304,NOLSM19081,8,1,17-02-2019 PM 9:04:30
2,Oxidation,dry,1165.6177734,O2,22.88,0.199,67,704.568,NOLSM19182,8,2,17-02-2019 PM 9:04:30
3,Oxidation,wet,1014.7956354,H2O,27.37,0.202,146,697.739,NOLSM19283,8,3,17-02-2019 PM 9:04:30
3,Oxidation,dry,1169.6940113,O2,33.16,0.207,28,706.325,NOLSM19384,8,4,17-02-2019 PM 9:04:30
3,Oxidation,dry,1124.7437674,O2,29,0.216,123,693.27,NOLSM19485,8,5,17-02-2019 PM 9:04:30
3,Oxidation,wet,1019.0091796,H2O,31.53,0.222,90,697.074,NOLSM19586,8,6,17-02-2019 PM 9:04:30
3,Oxidation,wet,1173.6725946,H2O,34.34,0.208,64,697.413,NOLSM19687,8,7,17-02-2019 PM 9:04:30
3,Oxidation,dry,1124.8925255,O2,34.65,0.199,100,716.271,NOLSM19788,8,8,17-02-2019 PM 9:04:30
3,Oxidation,dry,1034.3199337,O2,38.61,0.219,109,718.706,NOLSM19889,8,9,17-02-2019 PM 9:04:30
3,Oxidation,dry,1087.3046885,O2,30.16,0.209,163,710.971,NOLSM199810,8,10,17-02-2019 PM 9:04:30
3,Oxidation,wet,1213.6404404,H2O,33.43,0.221,138,708.001,NOLSM200811,8,11,17-02-2019 PM 9:04:30
1,Oxidation,dry,1066.207388,O2,27.5,0.217,78,683.976,NOLSM201812,8,12,17-02-2019 PM 9:04:30
1,Oxidation,dry,1139.6615652,O2,38.15,0.195,124,710.619,NOLSM202813,8,13,17-02-2019 PM 9:04:30
1,Oxidation,dry,948.68616506,O2,29.73,0.205,44,705.763,NOLSM203814,8,14,17-02-2019 PM 9:04:30
1,Oxidation,wet,1123.1508657,H2O,35.57,0.212,79,708.062,NOLSM204815,8,15,17-02-2019 PM 9:04:30
1,Oxidation,wet,1058.9094369,H2O,39.16,0.213,110,690.937,NOLSM205816,8,16,17-02-2019 PM 9:04:30
1,Oxidation,dry,1115.6996049,O2,25.62,0.2,82,716.675,NOLSM206817,8,17,17-02-2019 PM 9:04:30
1,Oxidation,wet,1097.8598172,H2O,34.48,0.219,111,709.689,NOLSM207818,8,18,17-02-2019 PM 9:04:30
1,Oxidation,wet,991.64329611,H2O,31.65,0.226,126,720.765,NOLSM208819,8,19,17-02-2019 PM 9:04:30
2,Oxidation,wet,1231.3684367,H2O,31.72,0.211,59,709.535,NOLSM209820,8,20,17-02-2019 PM 9:04:30
2,Oxidation,dry,1115.1705168,O2,31,0.211,80,705.928,NOLSM210821,8,21,17-02-2019 PM 9:04:30
2,Oxidation,dry,955.89512585,O2,36.92,0.209,120,719.825,NOLSM211822,8,22,17-02-2019 PM 9:04:30
2,Oxidation,wet,1169.8359122,H2O,32.07,0.202,72,700.173,NOLSM212823,8,23,17-02-2019 PM 9:04:30
2,Oxidation,dry,1247.5975019,O2,37.04,0.198,121,700.67,NOLSM213824,8,24,17-02-2019 PM 9:04:30
2,Oxidation,dry,1034.3206588,O2,29.49,0.198,116,708.627,NOLSM214825,8,25,17-02-2019 PM 9:04:30
2,Oxidation,wet,1088.3317188,H2O,35.07,0.223,123,703.902,NOLSM215826,8,26,17-02-2019 PM 9:04:30
2,Oxidation,dry,1071.1599065,O2,34.51,0.192,57,709.961,NOLSM216827,8,27,17-02-2019 PM 9:04:30
3,Oxidation,dry,1016.1821997,O2,32.54,0.2,74,712.606,NOLSM21791,9,1,17-02-2019 PM 9:04:30
3,Oxidation,wet,1066.3652125,H2O,38.17,0.194,65,702.893,NOLSM21892,9,2,17-02-2019 PM 9:04:30
3,Oxidation,wet,1066.6422394,H2O,33.38,0.197,142,704.857,NOLSM21993,9,3,17-02-2019 PM 9:04:30
3,Oxidation,wet,941.30739883,H2O,37.78,0.2,80,714.216,NOLSM22094,9,4,17-02-2019 PM 9:04:30
3,Oxidation,dry,1190.8313529,O2,35.47,0.207,-5,700.396,NOLSM22195,9,5,17-02-2019 PM 9:04:30
3,Oxidation,dry,1339.4766749,O2,31.91,0.199,26,714.998,NOLSM22296,9,6,17-02-2019 PM 9:04:30
3,Oxidation,wet,1132.5750304,H2O,46.63,0.192,104,710.712,NOLSM22397,9,7,17-02-2019 PM 9:04:30
3,Oxidation,dry,1190.7299135,O2,31.48,0.207,50,712.618,NOLSM22498,9,8,17-02-2019 PM 9:04:30
1,Oxidation,dry,1112.4169776,O2,37.9,0.209,202,709.347,NOLSM22599,9,9,17-02-2019 PM 9:04:30
1,Oxidation,wet,990.35940918,H2O,25.35,0.199,84,692.759,NOLSM226910,9,10,17-02-2019 PM 9:04:30
1,Oxidation,dry,988.69884731,O2,30.2,0.218,121,700.321,NOLSM227911,9,11,17-02-2019 PM 9:04:30
1,Oxidation,dry,975.0524691,O2,41.08,0.215,75,708.579,NOLSM228912,9,12,17-02-2019 PM 9:04:30
1,Oxidation,dry,1071.1504861,O2,32.02,0.218,138,702.109,NOLSM229913,9,13,17-02-2019 PM 9:04:30
1,Oxidation,wet,1114.3229322,H2O,29.76,0.209,136,717.471,NOLSM230914,9,14,17-02-2019 PM 9:04:30
1,Oxidation,dry,1161.9657577,O2,32.85,0.209,235,709.599,NOLSM231915,9,15,17-02-2019 PM 9:04:30
1,Oxidation,dry,1121.6385574,O2,32.68,0.214,93,692.436,NOLSM232916,9,16,17-02-2019 PM 9:04:30
1,Oxidation,wet,1134.2846884,H2O,29.79,0.192,101,710.777,NOLSM233917,9,17,17-02-2019 PM 9:04:30
2,Oxidation,wet,978.59909469,H2O,27.5,0.204,116,722.031,NOLSM234918,9,18,17-02-2019 PM 9:04:30
2,Oxidation,wet,901.2769443,H2O,35.23,0.222,42,708.489,NOLSM235919,9,19,17-02-2019 PM 9:04:30
2,Oxidation,wet,1030.2597753,H2O,37.48,0.198,71,716.994,NOLSM236920,9,20,17-02-2019 PM 9:04:30
2,Oxidation,dry,988.92676679,O2,39.3,0.208,122,714.2,NOLSM237921,9,21,17-02-2019 PM 9:04:30
2,Oxidation,wet,1062.2940719,H2O,32.84,0.197,49,707.577,NOLSM238922,9,22,17-02-2019 PM 9:04:30
2,Oxidation,dry,1091.7579434,O2,38.41,0.188,116,708.825,NOLSM239923,9,23,17-02-2019 PM 9:04:30
2,Oxidation,wet,1191.9306557,H2O,38.29,0.214,140,705.931,NOLSM240924,9,24,17-02-2019 PM 9:04:30
2,Oxidation,dry,1121.284393,O2,38.52,0.195,60,710.932,NOLSM241925,9,25,17-02-2019 PM 9:04:30
3,Oxidation,dry,1123.2130093,O2,40,0.207,63,713.965,NOLSM242926,9,26,17-02-2019 PM 9:04:30
3,Oxidation,dry,960.67835648,O2,27.43,0.206,81,712.318,NOLSM243927,9,27,17-02-2019 PM 9:04:30
3,Oxidation,dry,1154.7814882,O2,39.57,0.213,98,706.099,NOLSM244101,10,1,17-02-2019 PM 9:04:30
3,Oxidation,dry,1263.4518722,O2,26.06,0.2,148,704.373,NOLSM245102,10,2,17-02-2019 PM 9:04:30
3,Oxidation,dry,1048.9390979,O2,34.48,0.205,110,705.94,NOLSM246103,10,3,17-02-2019 PM 9:04:30
3,Oxidation,dry,1176.5269061,O2,35.99,0.209,76,712.926,NOLSM247104,10,4,17-02-2019 PM 9:04:30
3,Oxidation,dry,1087.9393199,O2,36.98,0.198,173,727.318,NOLSM248105,10,5,17-02-2019 PM 9:04:30
3,Oxidation,dry,1140.3755408,O2,34.12,0.214,-5,721.3,NOLSM249106,10,6,17-02-2019 PM 9:04:30
1,Oxidation,dry,1154.9725452,O2,35.1,0.206,63,709.964,NOLSM250107,10,7,17-02-2019 PM 9:04:30
1,Oxidation,wet,978.9108347,H2O,41.78,0.209,137,712.447,NOLSM251108,10,8,17-02-2019 PM 9:04:30
1,Oxidation,wet,1129.5856729,H2O,31.43,0.192,167,705.345,NOLSM252109,10,9,17-02-2019 PM 9:04:30
1,Oxidation,wet,962.88700327,H2O,36.59,0.218,60,713.056,NOLSM2531010,10,10,17-02-2019 PM 9:04:30
1,Oxidation,dry,1118.4540425,O2,28.88,0.217,107,711.723,NOLSM2541011,10,11,17-02-2019 PM 9:04:30
1,Oxidation,dry,972.85557509,O2,37.37,0.215,141,701.19,NOLSM2551012,10,12,17-02-2019 PM 9:04:30
1,Oxidation,dry,1115.1566079,O2,33.88,0.2,126,709.78,NOLSM2561013,10,13,17-02-2019 PM 9:04:30
2,Oxidation,dry,961.00982578,O2,29.55,0.2,168,709.653,NOLSM2571014,10,14,17-02-2019 PM 9:04:30
2,Oxidation,dry,1219.8371841,O2,30.97,0.2,69,697.759,NOLSM2581015,10,15,17-02-2019 PM 9:04:30
2,Oxidation,dry,1126.3272733,O2,36.92,0.215,101,702.698,NOLSM2591016,10,16,17-02-2019 PM 9:04:30
2,Oxidation,wet,1104.7358043,H2O,32.91,0.216,197,703.723,NOLSM2601017,10,17,17-02-2019 PM 9:04:30
2,Oxidation,wet,1057.8214734,H2O,26.11,0.202,86,711.826,NOLSM2611018,10,18,17-02-2019 PM 9:04:30
2,Oxidation,wet,1091.3742729,H2O,33.23,0.202,177,703.411,NOLSM2621019,10,19,17-02-2019 PM 9:04:30
2,Oxidation,dry,1138.825357,O2,34.33,0.215,160,701.568,NOLSM2631020,10,20,17-02-2019 PM 9:04:30
2,Oxidation,wet,1009.1398859,H2O,38.11,0.19,64,708.351,NOLSM2641021,10,21,17-02-2019 PM 9:04:30
2,Oxidation,dry,1011.1819749,O2,31.32,0.211,168,702.572,NOLSM2651022,10,22,17-02-2019 PM 9:04:30
3,Oxidation,wet,1040.9858182,H2O,42.72,0.202,89,717.852,NOLSM2661023,10,23,17-02-2019 PM 9:04:30
3,Oxidation,dry,1005.5683734,O2,26.55,0.193,70,696.386,NOLSM2671024,10,24,17-02-2019 PM 9:04:30
3,Oxidation,dry,1188.1823807,O2,34.9,0.219,147,686.747,NOLSM2681025,10,25,17-02-2019 PM 9:04:30
3,Oxidation,dry,1267.4156687,O2,31.08,0.201,52,709.049,NOLSM2691026,10,26,17-02-2019 PM 9:04:30
3,Oxidation,dry,918.24283274,O2,32.28,0.202,116,713.856,NOLSM2701027,10,27,17-02-2019 PM 9:04:30
3,Oxidation,wet,1165.5548423,H2O,40.23,0.194,195,709.964,NOLSM271111,11,1,17-02-2019 PM 9:04:30
3,Oxidation,wet,1033.5357504,H2O,32.28,0.214,86,706.205,NOLSM272112,11,2,17-02-2019 PM 9:04:30
3,Oxidation,wet,1063.2946736,H2O,43.12,0.201,101,707.168,NOLSM273113,11,3,17-02-2019 PM 9:04:30
3,Oxidation,dry,960.02452606,O2,27.12,0.207,20,705.354,NOLSM274114,11,4,17-02-2019 PM 9:04:30
1,Oxidation,dry,984.76270736,O2,33.44,0.207,88,715.179,NOLSM275115,11,5,17-02-2019 PM 9:04:30
1,Oxidation,dry,998.69088337,O2,34.88,0.214,102,691.282,NOLSM276116,11,6,17-02-2019 PM 9:04:30
1,Oxidation,dry,1090.0032962,O2,30.24,0.215,69,709.956,NOLSM277117,11,7,17-02-2019 PM 9:04:30
1,Oxidation,dry,1205.954833,O2,39.31,0.211,122,715.078,NOLSM278118,11,8,17-02-2019 PM 9:04:30
1,Oxidation,wet,1044.3719445,H2O,32.1,0.201,109,697.155,NOLSM279119,11,9,17-02-2019 PM 9:04:30
1,Oxidation,dry,1082.919108,O2,30.32,0.216,95,695.656,NOLSM2801110,11,10,17-02-2019 PM 9:04:30
1,Oxidation,wet,1069.9737757,H2O,38.93,0.198,75,714.254,NOLSM2811111,11,11,17-02-2019 PM 9:04:30
1,Oxidation,dry,1145.8588596,O2,31.02,0.196,132,712.039,NOLSM2821112,11,12,17-02-2019 PM 9:04:30
1,Oxidation,dry,1067.0103999,O2,39.84,0.217,52,708.13,NOLSM2831113,11,13,17-02-2019 PM 9:04:30
2,Oxidation,wet,907.02743333,H2O,36.69,0.188,75,707.061,NOLSM2841114,11,14,17-02-2019 PM 9:04:30
2,Oxidation,dry,1156.4854825,O2,31.72,0.215,112,721.079,NOLSM2851115,11,15,17-02-2019 PM 9:04:30
2,Oxidation,dry,1027.8504465,O2,36.13,0.205,130,717.292,NOLSM2861116,11,16,17-02-2019 PM 9:04:30
2,Oxidation,wet,1091.2986265,H2O,44.82,0.199,141,713.698,NOLSM2871117,11,17,17-02-2019 PM 9:04:30
2,Oxidation,dry,1287.4354369,O2,29.05,0.203,117,714.203,NOLSM2881118,11,18,17-02-2019 PM 9:04:30
2,Oxidation,wet,1045.593616,H2O,34.88,0.213,167,701.713,NOLSM2891119,11,19,17-02-2019 PM 9:04:30
2,Oxidation,dry,1011.2985674,O2,34.98,0.195,99,703.756,NOLSM2901120,11,20,17-02-2019 PM 9:04:30
2,Oxidation,wet,1099.8872528,H2O,29.06,0.207,110,709.465,NOLSM2911121,11,21,17-02-2019 PM 9:04:30
2,Oxidation,dry,1165.8330909,O2,33.34,0.213,110,702.859,NOLSM2921122,11,22,17-02-2019 PM 9:04:30
3,Oxidation,dry,910.90522842,O2,30.61,0.201,74,698.054,NOLSM2931123,11,23,17-02-2019 PM 9:04:30
3,Oxidation,dry,1076.6051267,O2,35.41,0.216,132,710.095,NOLSM2941124,11,24,17-02-2019 PM 9:04:30
3,Oxidation,dry,1016.5095201,O2,34.39,0.217,212,704.659,NOLSM2951125,11,25,17-02-2019 PM 9:04:30
3,Oxidation,dry,1148.1498955,O2,32.8,0.191,14,725.322,NOLSM2961126,11,26,17-02-2019 PM 9:04:30
3,Oxidation,dry,1260.2337276,O2,34.88,0.203,98,698.396,NOLSM2971127,11,27,17-02-2019 PM 9:04:30
3,Oxidation,dry,1021.2452919,O2,28.44,0.209,71,693.753,NOLSM298121,12,1,17-02-2019 PM 9:04:30
3,Oxidation,dry,1101.7906248,O2,29.78,0.2,60,699.262,NOLSM299122,12,2,17-02-2019 PM 9:04:30
1,Oxidation,dry,1003.138319,O2,32.05,0.202,48,701.178,NOLSM300123,12,3,17-02-2019 PM 9:04:30
1,Oxidation,dry,1164.5443147,O2,35.12,0.21,41,701.305,NOLSM301124,12,4,17-02-2019 PM 9:04:30
1,Oxidation,wet,1103.5479449,H2O,33.82,0.21,101,716.988,NOLSM302125,12,5,17-02-2019 PM 9:04:30
1,Oxidation,wet,1070.5545578,H2O,36.96,0.208,100,699.815,NOLSM303126,12,6,17-02-2019 PM 9:04:30
1,Oxidation,wet,1089.5358042,H2O,39.91,0.21,26,712.408,NOLSM304127,12,7,17-02-2019 PM 9:04:30
1,Oxidation,dry,1190.1840662,O2,42.81,0.22,112,714.738,NOLSM305128,12,8,17-02-2019 PM 9:04:30
1,Oxidation,wet,1063.8906915,H2O,38.24,0.212,60,707.086,NOLSM306129,12,9,17-02-2019 PM 9:04:30
1,Oxidation,dry,1100.1615295,O2,34.9,0.21,73,727.656,NOLSM3071210,12,10,17-02-2019 PM 9:04:30
1,Oxidation,dry,1160.3504386,O2,34.56,0.199,18,710.197,NOLSM3081211,12,11,17-02-2019 PM 9:04:30
2,Oxidation,dry,1087.3876758,O2,28.3,0.208,145,716.353,NOLSM3091212,12,12,17-02-2019 PM 9:04:30
2,Oxidation,dry,1054.979632,O2,30,0.198,205,714.699,NOLSM3101213,12,13,17-02-2019 PM 9:04:30
2,Oxidation,wet,1096.8673996,H2O,38.53,0.211,180,720.596,NOLSM3111214,12,14,17-02-2019 PM 9:04:30
2,Oxidation,wet,1001.0189617,H2O,45.09,0.208,134,711.457,NOLSM3121215,12,15,17-02-2019 PM 9:04:30
2,Oxidation,wet,1043.412176,H2O,25.68,0.202,103,719.21,NOLSM3131216,12,16,17-02-2019 PM 9:04:30
2,Oxidation,dry,1229.0975725,O2,41.41,0.212,136,702.521,NOLSM3141217,12,17,17-02-2019 PM 9:04:30
2,Oxidation,dry,1033.0259442,O2,32.76,0.216,89,699.237,NOLSM3151218,12,18,17-02-2019 PM 9:04:30
2,Oxidation,wet,1092.979618,H2O,21.74,0.214,97,704.92,NOLSM3161219,12,19,17-02-2019 PM 9:04:30
3,Oxidation,dry,1114.7404907,O2,34.27,0.21,65,706.38,NOLSM3171220,12,20,17-02-2019 PM 9:04:30
3,Oxidation,dry,1237.4724604,O2,36.21,0.21,231,711.046,NOLSM3181221,12,21,17-02-2019 PM 9:04:30
3,Oxidation,wet,1136.771925,H2O,31.05,0.202,138,709.991,NOLSM3191222,12,22,17-02-2019 PM 9:04:30
3,Oxidation,wet,1187.633139,H2O,36.81,0.214,104,701.424,NOLSM3201223,12,23,17-02-2019 PM 9:04:30
3,Oxidation,dry,1013.9960548,O2,27.21,0.2,90,714.421,NOLSM3211224,12,24,17-02-2019 PM 9:04:30
3,Oxidation,dry,1126.6399345,O2,32.58,0.212,121,708.655,NOLSM3221225,12,25,17-02-2019 PM 9:04:30
3,Oxidation,dry,1054.8430942,O2,40.94,0.218,89,706.587,NOLSM3231226,12,26,17-02-2019 PM 9:04:30
3,Oxidation,wet,1094.729759,H2O,40.24,0.213,45,712.132,NOLSM3241227,12,27,17-02-2019 PM 9:04:30
3,Oxidation,dry,1198.3230888,O2,26.69,0.203,120,705.284,NOLSM325131,13,1,17-02-2019 PM 9:04:30
1,Oxidation,dry,959.17151563,O2,30.86,0.217,137,690.8,NOLSM326132,13,2,17-02-2019 PM 9:04:30
1,Oxidation,wet,1175.5824928,H2O,31.07,0.218,116,702.641,NOLSM327133,13,3,17-02-2019 PM 9:04:30
1,Oxidation,wet,927.5054921,H2O,31.04,0.196,143,704.124,NOLSM328134,13,4,17-02-2019 PM 9:04:30
1,Oxidation,wet,1120.9082533,H2O,31.37,0.215,76,707.911,NOLSM329135,13,5,17-02-2019 PM 9:04:30
1,Oxidation,dry,1310.70949,O2,41.03,0.213,114,712.218,NOLSM330136,13,6,17-02-2019 PM 9:04:30
1,Oxidation,dry,933.36712979,O2,30.24,0.211,116,714.56,NOLSM331137,13,7,17-02-2019 PM 9:04:30
1,Oxidation,wet,1033.4366792,H2O,30.45,0.199,218,700.741,NOLSM332138,13,8,17-02-2019 PM 9:04:30
1,Oxidation,dry,1137.0561896,O2,32.35,0.217,119,715.399,NOLSM333139,13,9,17-02-2019 PM 9:04:30
1,Oxidation,dry,978.14928127,O2,35.26,0.202,-2,687.497,NOLSM3341310,13,10,17-02-2019 PM 9:04:30
2,Oxidation,dry,1077.3299319,O2,35.17,0.195,144,722.57,NOLSM3351311,13,11,17-02-2019 PM 9:04:30
2,Oxidation,wet,1013.4297308,H2O,38.24,0.199,58,721.595,NOLSM3361312,13,12,17-02-2019 PM 9:04:30
2,Oxidation,wet,1014.4280394,H2O,32.81,0.201,144,708.792,NOLSM3371313,13,13,17-02-2019 PM 9:04:30
2,Oxidation,dry,1124.6070131,O2,38.2,0.219,119,702.557,NOLSM3381314,13,14,17-02-2019 PM 9:04:30
2,Oxidation,dry,1144.6811313,O2,26.67,0.198,118,702.259,NOLSM3391315,13,15,17-02-2019 PM 9:04:30
2,Oxidation,wet,1127.5835106,H2O,36.07,0.191,98,715.371,NOLSM3401316,13,16,17-02-2019 PM 9:04:30
2,Oxidation,dry,919.16866089,O2,35.73,0.211,94,708.346,NOLSM3411317,13,17,17-02-2019 PM 9:04:30
2,Oxidation,wet,1238.2060776,H2O,25.39,0.2,174,720.639,NOLSM3421318,13,18,17-02-2019 PM 9:04:30
2,Oxidation,dry,913.97080944,O2,36.43,0.209,70,711.451,NOLSM3431319,13,19,17-02-2019 PM 9:04:30
3,Oxidation,wet,1091.4144972,H2O,37.56,0.208,87,705.974,NOLSM3441320,13,20,17-02-2019 PM 9:04:30
3,Oxidation,dry,1149.0449285,O2,35.42,0.205,113,702.475,NOLSM3451321,13,21,17-02-2019 PM 9:04:30
3,Oxidation,wet,1133.6334412,H2O,26.68,0.204,106,701.78,NOLSM3461322,13,22,17-02-2019 PM 9:04:30
3,Oxidation,wet,1119.2075563,H2O,27.56,0.217,50,711.92,NOLSM3471323,13,23,17-02-2019 PM 9:04:30
3,Oxidation,wet,1263.6929644,H2O,31.61,0.201,112,696.968,NOLSM3481324,13,24,17-02-2019 PM 9:04:30
3,Oxidation,dry,964.1227727,O2,38.72,0.194,78,706.048,NOLSM3491325,13,25,17-02-2019 PM 9:04:30
3,Oxidation,wet,1059.0033518,H2O,32.91,0.197,80,707.196,NOLSM3501326,13,26,17-02-2019 PM 9:04:30
3,Oxidation,dry,1045.9502055,O2,44.94,0.218,89,715.913,NOLSM3511327,13,27,17-02-2019 PM 9:04:30
1,Oxidation,dry,1002.158831,O2,44.83,0.204,136,709.929,NOLSM352141,14,1,17-02-2019 PM 9:04:30
1,Oxidation,wet,1087.5661521,H2O,32.51,0.206,187,711.48,NOLSM353142,14,2,17-02-2019 PM 9:04:30
1,Oxidation,dry,1005.1527749,O2,32.99,0.205,86,704.277,NOLSM354143,14,3,17-02-2019 PM 9:04:30
1,Oxidation,dry,1125.8471579,O2,24.63,0.219,73,703.992,NOLSM355144,14,4,17-02-2019 PM 9:04:30
1,Oxidation,dry,1107.4907338,O2,32.07,0.201,73,722.297,NOLSM356145,14,5,17-02-2019 PM 9:04:30
1,Oxidation,dry,1205.9239677,O2,36.97,0.193,160,706.977,NOLSM357146,14,6,17-02-2019 PM 9:04:30
1,Oxidation,wet,1038.6299379,H2O,35.62,0.214,136,687.846,NOLSM358147,14,7,17-02-2019 PM 9:04:30
1,Oxidation,dry,1091.6092027,O2,35.15,0.211,-6,703.879,NOLSM359148,14,8,17-02-2019 PM 9:04:30
2,Oxidation,dry,1006.2138273,O2,41.81,0.195,146,708.76,NOLSM360149,14,9,17-02-2019 PM 9:04:30
2,Oxidation,dry,1162.2238035,O2,32.99,0.221,90,699.764,NOLSM3611410,14,10,17-02-2019 PM 9:04:30
2,Oxidation,dry,1054.550286,O2,29.68,0.186,95,703.084,NOLSM3621411,14,11,17-02-2019 PM 9:04:30
2,Oxidation,dry,1104.8475756,O2,30.09,0.195,115,697.441,NOLSM3631412,14,12,17-02-2019 PM 9:04:30
2,Oxidation,wet,1105.2587858,H2O,45.75,0.211,56,709.507,NOLSM3641413,14,13,17-02-2019 PM 9:04:30
2,Oxidation,wet,1176.5400752,H2O,21.07,0.213,107,709.609,NOLSM3651414,14,14,17-02-2019 PM 9:04:30
2,Oxidation,dry,1028.7882029,O2,32.17,0.211,44,714.056,NOLSM3661415,14,15,17-02-2019 PM 9:04:30
2,Oxidation,dry,1123.4658621,O2,29.66,0.211,99,721.666,NOLSM3671416,14,16,17-02-2019 PM 9:04:30
2,Oxidation,dry,1064.7034586,O2,41.58,0.213,214,701.383,NOLSM3681417,14,17,17-02-2019 PM 9:04:30
3,Oxidation,wet,1103.9829043,H2O,40.55,0.214,152,720.58,NOLSM3691418,14,18,17-02-2019 PM 9:04:30
3,Oxidation,dry,1053.9157973,O2,32.73,0.203,104,710.123,NOLSM3701419,14,19,17-02-2019 PM 9:04:30
3,Oxidation,dry,1028.3486076,O2,36.93,0.227,75,707.342,NOLSM3711420,14,20,17-02-2019 PM 9:04:30
3,Oxidation,dry,1046.2354985,O2,36.8,0.224,118,699.524,NOLSM3721421,14,21,17-02-2019 PM 9:04:30
3,Oxidation,wet,1219.3871237,H2O,35.97,0.203,127,689.684,NOLSM3731422,14,22,17-02-2019 PM 9:04:30
3,Oxidation,wet,1139.5729454,H2O,38.57,0.214,100,699.636,NOLSM3741423,14,23,17-02-2019 PM 9:04:30
3,Oxidation,dry,1268.9219328,O2,23.7,0.216,156,715.142,NOLSM3751424,14,24,17-02-2019 PM 9:04:30
1,Oxidation,wet,1050.490445,H2O,33.22,0.193,117,726.612,NOLSM3761425,14,25,17-02-2019 PM 9:04:30
1,Oxidation,wet,1080.0871284,H2O,31.04,0.194,128,710.886,NOLSM3771426,14,26,17-02-2019 PM 9:04:30
1,Oxidation,dry,998.89265611,O2,33.45,0.211,168,714.473,NOLSM3781427,14,27,17-02-2019 PM 9:04:30
1,Oxidation,wet,1083.9834116,H2O,39.27,0.217,135,687.582,NOLSM379151,15,1,17-02-2019 PM 9:04:30
1,Oxidation,wet,1086.5661869,H2O,35.16,0.216,93,715.034,NOLSM380152,15,2,17-02-2019 PM 9:04:30
1,Oxidation,dry,1134.1455588,O2,31.99,0.22,103,695.458,NOLSM381153,15,3,17-02-2019 PM 9:04:30
1,Oxidation,dry,965.9786545,O2,45.08,0.205,87,705.094,NOLSM382154,15,4,17-02-2019 PM 9:04:30
1,Oxidation,dry,973.95603302,O2,43.66,0.22,103,706.963,NOLSM383155,15,5,17-02-2019 PM 9:04:30
2,Oxidation,dry,1130.7697162,O2,26.92,0.196,121,726.396,NOLSM384156,15,6,17-02-2019 PM 9:04:30
2,Oxidation,dry,1158.4319555,O2,31.95,0.202,115,712.17,NOLSM385157,15,7,17-02-2019 PM 9:04:30
2,Oxidation,dry,979.65096504,O2,38.88,0.212,129,715.453,NOLSM386158,15,8,17-02-2019 PM 9:04:30
2,Oxidation,wet,1080.6594251,H2O,34.22,0.202,118,710.526,NOLSM387159,15,9,17-02-2019 PM 9:04:30
2,Oxidation,dry,1151.8702036,O2,41.86,0.204,149,703.333,NOLSM3881510,15,10,17-02-2019 PM 9:04:30
2,Oxidation,dry,957.76693303,O2,37.63,0.201,71,704.586,NOLSM3891511,15,11,17-02-2019 PM 9:04:30
2,Oxidation,dry,994.59147935,O2,31.62,0.207,86,711.111,NOLSM3901512,15,12,17-02-2019 PM 9:04:30
2,Oxidation,wet,1109.5569414,H2O,39.16,0.211,157,707.715,NOLSM3911513,15,13,17-02-2019 PM 9:04:30
3,Oxidation,dry,946.9847745,O2,30.39,0.199,74,717.885,NOLSM3921514,15,14,17-02-2019 PM 9:04:30
3,Oxidation,wet,1035.8374174,H2O,32.41,0.218,112,719.155,NOLSM3931515,15,15,17-02-2019 PM 9:04:30
3,Oxidation,wet,1123.5352347,H2O,32.09,0.194,103,708.835,NOLSM3941516,15,16,17-02-2019 PM 9:04:30
3,Oxidation,dry,1008.6959216,O2,28.58,0.212,198,702.21,NOLSM3951517,15,17,17-02-2019 PM 9:04:30
3,Oxidation,wet,1245.4052478,H2O,29.14,0.212,22,716.603,NOLSM3961518,15,18,17-02-2019 PM 9:04:30
3,Oxidation,wet,1086.8511323,H2O,35.67,0.206,87,703.77,NOLSM3971519,15,19,17-02-2019 PM 9:04:30
3,Oxidation,wet,1088.4632984,H2O,33.59,0.208,66,717.257,NOLSM3981520,15,20,17-02-2019 PM 9:04:30
3,Oxidation,wet,1107.0418661,H2O,32.59,0.212,118,719.257,NOLSM3991521,15,21,17-02-2019 PM 9:04:30
1,Oxidation,dry,1253.4212156,O2,35.13,0.207,177,688.973,NOLSM4001522,15,22,17-02-2019 PM 9:04:30
1,Oxidation,dry,1193.1780915,O2,34.26,0.203,70,709.629,NOLSM4011523,15,23,17-02-2019 PM 9:04:30
1,Oxidation,dry,1045.6681153,O2,29.21,0.215,145,708.401,NOLSM4021524,15,24,17-02-2019 PM 9:04:30
1,Oxidation,wet,1178.5072009,H2O,49.17,0.207,74,715.033,NOLSM4031525,15,25,17-02-2019 PM 9:04:30
1,Oxidation,dry,923.5846197,O2,37.17,0.192,75,707.538,NOLSM4041526,15,26,17-02-2019 PM 9:04:30
1,Oxidation,dry,1171.3522331,O2,29.45,0.211,108,700.719,NOLSM4051527,15,27,17-02-2019 PM 9:04:30
1,Oxidation,dry,988.75237674,O2,31.82,0.206,144,699.27,NOLSM406161,16,1,17-02-2019 PM 9:04:30
1,Oxidation,wet,1219.7771187,H2O,31.5,0.213,125,715.864,NOLSM407162,16,2,17-02-2019 PM 9:04:30
2,Oxidation,wet,871.21747171,H2O,40.05,0.21,45,731.855,NOLSM408163,16,3,17-02-2019 PM 9:04:30
2,Oxidation,wet,964.76519082,H2O,30.73,0.202,101,708.933,NOLSM409164,16,4,17-02-2019 PM 9:04:30
2,Oxidation,dry,1044.9237171,O2,29.77,0.202,165,727.813,NOLSM410165,16,5,17-02-2019 PM 9:04:30
2,Oxidation,wet,1070.2316349,H2O,33.67,0.207,191,715.571,NOLSM411166,16,6,17-02-2019 PM 9:04:30
2,Oxidation,wet,979.53605998,H2O,31.86,0.214,145,711.227,NOLSM412167,16,7,17-02-2019 PM 9:04:30
2,Oxidation,wet,1077.0747113,H2O,37.22,0.2,181,700.922,NOLSM413168,16,8,17-02-2019 PM 9:04:30
2,Oxidation,dry,1002.1648959,O2,26.54,0.205,201,704.243,NOLSM414169,16,9,17-02-2019 PM 9:04:30
2,Oxidation,wet,1053.2793223,H2O,33.08,0.22,79,698.757,NOLSM4151610,16,10,17-02-2019 PM 9:04:30
2,Oxidation,dry,883.86054607,O2,38.04,0.2,59,689.56,NOLSM4161611,16,11,17-02-2019 PM 9:04:30
3,Oxidation,dry,1011.9568912,O2,23.54,0.207,89,689.098,NOLSM4171612,16,12,17-02-2019 PM 9:04:30
3,Oxidation,dry,1196.7805485,O2,36.26,0.214,162,708.735,NOLSM4181613,16,13,17-02-2019 PM 9:04:30
3,Oxidation,dry,1191.2654075,O2,40.93,0.219,31,704.397,NOLSM4191614,16,14,17-02-2019 PM 9:04:30
3,Oxidation,dry,1042.761316,O2,33.96,0.213,119,709.226,NOLSM4201615,16,15,17-02-2019 PM 9:04:30
3,Oxidation,dry,1096.3834908,O2,34.52,0.201,96,705.135,NOLSM4211616,16,16,17-02-2019 PM 9:04:30
3,Oxidation,wet,1178.7448193,H2O,33.22,0.204,154,715.384,NOLSM4221617,16,17,17-02-2019 PM 9:04:30
3,Oxidation,dry,984.50194091,O2,42.84,0.207,105,713.258,NOLSM4231618,16,18,17-02-2019 PM 9:04:30
3,Oxidation,dry,1091.0068597,O2,38.09,0.202,92,704.106,NOLSM4241619,16,19,17-02-2019 PM 9:04:30
1,Oxidation,dry,1049.2063452,O2,37.47,0.206,101,710.163,NOLSM4251620,16,20,17-02-2019 PM 9:04:30
1,Oxidation,wet,972.01371761,H2O,28.8,0.209,157,706.425,NOLSM4261621,16,21,17-02-2019 PM 9:04:30
1,Oxidation,dry,984.63759243,O2,36.83,0.218,150,712.521,NOLSM4271622,16,22,17-02-2019 PM 9:04:30
1,Oxidation,wet,1085.2850112,H2O,39.89,0.197,152,704.964,NOLSM4281623,16,23,17-02-2019 PM 9:04:30
1,Oxidation,dry,1126.0509287,O2,39.79,0.21,76,704.293,NOLSM4291624,16,24,17-02-2019 PM 9:04:30
1,Oxidation,wet,1043.3064266,H2O,38.44,0.213,72,703.974,NOLSM4301625,16,25,17-02-2019 PM 9:04:30
1,Oxidation,wet,1223.7010226,H2O,41.16,0.187,76,717.389,NOLSM4311626,16,26,17-02-2019 PM 9:04:30
1,Oxidation,wet,1049.7396482,H2O,37.65,0.208,15,694.251,NOLSM4321627,16,27,17-02-2019 PM 9:04:30
2,Oxidation,dry,1042.2256555,O2,40.92,0.205,36,696.568,NOLSM433171,17,1,17-02-2019 PM 9:04:30
2,Oxidation,dry,1206.1563074,O2,30.34,0.203,50,712.968,NOLSM434172,17,2,17-02-2019 PM 9:04:30
2,Oxidation,wet,1070.9125176,H2O,34.53,0.202,152,705.657,NOLSM435173,17,3,17-02-2019 PM 9:04:30
2,Oxidation,wet,1037.6639462,H2O,30.03,0.194,128,720.82,NOLSM436174,17,4,17-02-2019 PM 9:04:30
2,Oxidation,wet,1059.9256516,H2O,35.89,0.196,184,702.213,NOLSM437175,17,5,17-02-2019 PM 9:04:30
2,Oxidation,dry,1079.1773101,O2,38.25,0.194,87,726.498,NOLSM438176,17,6,17-02-2019 PM 9:04:30
2,Oxidation,dry,956.31482193,O2,34.68,0.205,135,698.961,NOLSM439177,17,7,17-02-2019 PM 9:04:30
2,Oxidation,wet,993.70655818,H2O,33.83,0.224,69,712.825,NOLSM440178,17,8,17-02-2019 PM 9:04:30
3,Oxidation,dry,1183.5383622,O2,33.38,0.219,140,710.234,NOLSM441179,17,9,17-02-2019 PM 9:04:30
3,Oxidation,wet,1027.895912,H2O,30.74,0.208,156,702.48,NOLSM4421710,17,10,17-02-2019 PM 9:04:30
3,Oxidation,dry,1210.2410456,O2,33.7,0.221,179,699.443,NOLSM4431711,17,11,17-02-2019 PM 9:04:30
3,Oxidation,wet,1108.3562713,H2O,40.49,0.196,94,732.934,NOLSM4441712,17,12,17-02-2019 PM 9:04:30
3,Oxidation,wet,1190.9567271,H2O,36.9,0.204,117,698.408,NOLSM4451713,17,13,17-02-2019 PM 9:04:30
3,Oxidation,dry,1188.90217,O2,35.37,0.198,127,703.065,NOLSM4461714,17,14,17-02-2019 PM 9:04:30
3,Oxidation,wet,1011.7493298,H2O,34.45,0.194,101,704.971,NOLSM4471715,17,15,17-02-2019 PM 9:04:30
3,Oxidation,wet,1259.8264246,H2O,37.72,0.206,145,720.692,NOLSM4481716,17,16,17-02-2019 PM 9:04:30
1,Oxidation,dry,1132.4174728,O2,34.57,0.198,103,716.015,NOLSM4491717,17,17,17-02-2019 PM 9:04:30
1,Oxidation,dry,1130.1808322,O2,33.18,0.18,129,716.476,NOLSM4501718,17,18,17-02-2019 PM 9:04:30
1,Oxidation,dry,1081.3557359,O2,35.95,0.217,133,714.01,NOLSM4511719,17,19,17-02-2019 PM 9:04:30
1,Oxidation,dry,1181.7563442,O2,35.61,0.195,146,717.093,NOLSM4521720,17,20,17-02-2019 PM 9:04:30
1,Oxidation,wet,862.01127574,H2O,29.07,0.195,56,703.906,NOLSM4531721,17,21,17-02-2019 PM 9:04:30
1,Oxidation,dry,1067.2816233,O2,40.33,0.196,112,699.474,NOLSM4541722,17,22,17-02-2019 PM 9:04:30
1,Oxidation,dry,1030.2701046,O2,36.79,0.212,181,699.373,NOLSM4551723,17,23,17-02-2019 PM 9:04:30
2,Oxidation,dry,1114.5866082,O2,33.47,0.199,118,690.935,NOLSM4561724,17,24,17-02-2019 PM 9:04:30
2,Oxidation,wet,1096.4115442,H2O,31.53,0.213,154,716.105,NOLSM4571725,17,25,17-02-2019 PM 9:04:30
2,Oxidation,dry,1089.2616674,O2,30.59,0.204,168,700.377,NOLSM4581726,17,26,17-02-2019 PM 9:04:30
2,Oxidation,dry,1142.0060701,O2,27.16,0.229,152,707.673,NOLSM4591727,17,27,17-02-2019 PM 9:04:30
2,Oxidation,dry,870.1430801,O2,22.15,0.188,195,688.458,NOLSM460181,18,1,17-02-2019 PM 9:04:30
2,Oxidation,dry,870.79498925,O2,22.18,0.192,199,690.969,NOLSM461182,18,2,17-02-2019 PM 9:04:30
2,Oxidation,dry,871.00322934,O2,22.18,0.208,215,704.849,NOLSM462183,18,3,17-02-2019 PM 9:04:30
2,Oxidation,dry,871.49975321,O2,22.18,0.211,218,708.054,NOLSM463184,18,4,17-02-2019 PM 9:04:30
3,Oxidation,dry,871.6910602,O2,22.19,0.216,223,712.583,NOLSM464185,18,5,17-02-2019 PM 9:04:30
3,Oxidation,dry,872.09640956,O2,22.18,0.216,223,712.477,NOLSM465186,18,6,17-02-2019 PM 9:04:30
3,Oxidation,dry,871.88032535,O2,22.18,0.216,223,712.484,NOLSM466187,18,7,17-02-2019 PM 9:04:30
3,Oxidation,dry,872.35414545,O2,22.2,0.217,224,713.776,NOLSM467188,18,8,17-02-2019 PM 9:04:30
3,Oxidation,dry,872.41419682,O2,22.2,0.217,224,713.6,NOLSM468189,18,9,17-02-2019 PM 9:04:30
3,Oxidation,dry,872.35536954,O2,22.21,0.216,223,712.25,NOLSM4691810,18,10,17-02-2019 PM 9:04:30
3,Oxidation,dry,872.55656745,O2,22.21,0.216,223,712.442,NOLSM4701811,18,11,17-02-2019 PM 9:04:30
3,Oxidation,dry,872.18361106,O2,22.19,0.216,223,712.213,NOLSM4711812,18,12,17-02-2019 PM 9:04:30
1,Oxidation,dry,872.4719636,O2,22.19,0.217,224,713.713,NOLSM4721813,18,13,17-02-2019 PM 9:04:30
1,Oxidation,dry,872.0302876,O2,22.19,0.217,224,713.21,NOLSM4731814,18,14,17-02-2019 PM 9:04:30
1,Oxidation,dry,872.50880531,O2,22.21,0.217,224,713.755,NOLSM4741815,18,15,17-02-2019 PM 9:04:30
1,Oxidation,dry,872.56577408,O2,22.19,0.218,225,714.696,NOLSM4751816,18,16,17-02-2019 PM 9:04:30
1,Oxidation,dry,872.3695463,O2,22.17,0.217,224,713.465,NOLSM4761817,18,17,17-02-2019 PM 9:04:30
1,Oxidation,dry,872.25270333,O2,22.12,0.216,223,712.843,NOLSM4771818,18,18,17-02-2019 PM 9:04:30
1,Oxidation,dry,871.97502601,O2,22.11,0.217,224,713.454,NOLSM4781819,18,19,17-02-2019 PM 9:04:30
1,Oxidation,dry,871.32012453,O2,22.12,0.217,224,713.224,NOLSM4791820,18,20,17-02-2019 PM 9:04:30
2,Oxidation,dry,871.51564063,O2,22.1,0.218,225,714.11,NOLSM4801821,18,21,17-02-2019 PM 9:04:30
2,Oxidation,dry,871.53129816,O2,22.11,0.217,224,713.825,NOLSM4811822,18,22,17-02-2019 PM 9:04:30
2,Oxidation,dry,872.31374778,O2,22.1,0.219,226,715.172,NOLSM4821823,18,23,17-02-2019 PM 9:04:30
2,Oxidation,dry,871.16391905,O2,22.1,0.216,223,713.038,NOLSM4831824,18,24,17-02-2019 PM 9:04:30
2,Oxidation,dry,871.4705615,O2,22.1,0.216,223,712.958,NOLSM4841825,18,25,17-02-2019 PM 9:04:30
2,Oxidation,dry,871.76830506,O2,22.09,0.217,224,714.001,NOLSM4851826,18,26,17-02-2019 PM 9:04:30
2,Oxidation,dry,871.28766851,O2,22.1,0.217,224,713.848,NOLSM4861827,18,27,17-02-2019 PM 9:04:30
2,Oxidation,dry,872.16752949,O2,22.1,0.219,226,715.199,NOLSM487191,19,1,17-02-2019 PM 9:04:30
2,Oxidation,dry,870.85492249,O2,22.1,0.219,226,715.385,NOLSM488192,19,2,17-02-2019 PM 9:04:30
3,Oxidation,dry,871.32505019,O2,22.11,0.219,226,715.44,NOLSM489193,19,3,17-02-2019 PM 9:04:30
3,Oxidation,dry,871.90263189,O2,22.1,0.22,227,716.953,NOLSM490194,19,4,17-02-2019 PM 9:04:30
3,Oxidation,dry,872.37282303,O2,22.09,0.22,227,716.079,NOLSM491195,19,5,17-02-2019 PM 9:04:30
3,Oxidation,dry,871.87443868,O2,22.08,0.219,226,715.605,NOLSM492196,19,6,17-02-2019 PM 9:04:30
3,Oxidation,dry,871.70721459,O2,22.05,0.217,224,713.967,NOLSM493197,19,7,17-02-2019 PM 9:04:30
3,Oxidation,dry,870.5105735,O2,22.03,0.217,224,713.483,NOLSM494198,19,8,17-02-2019 PM 9:04:30
3,Oxidation,dry,871.45617462,O2,22.04,0.217,224,713.627,NOLSM495199,19,9,17-02-2019 PM 9:04:30
3,Oxidation,dry,871.28892543,O2,22.03,0.218,225,714.956,NOLSM4961910,19,10,17-02-2019 PM 9:04:30
3,Oxidation,dry,872.20621228,O2,22.05,0.217,224,713.64,NOLSM4971911,19,11,17-02-2019 PM 9:04:30
1,Oxidation,dry,871.50211527,O2,22.06,0.216,223,712.976,NOLSM4981912,19,12,17-02-2019 PM 9:04:30
1,Oxidation,dry,871.50470097,O2,22.05,0.219,226,715.564,NOLSM4991913,19,13,17-02-2019 PM 9:04:30
1,Oxidation,dry,871.80098572,O2,22.03,0.219,226,715.604,NOLSM5001914,19,14,17-02-2019 PM 9:04:30
1,Oxidation,dry,870.53538305,O2,22.04,0.218,225,714.557,NOLSM5011915,19,15,17-02-2019 PM 9:04:30
1,Oxidation,dry,871.4795899,O2,22.04,0.22,227,716.48,NOLSM5021916,19,16,17-02-2019 PM 9:04:30
1,Oxidation,dry,871.14314497,O2,21.96,0.22,227,716.51,NOLSM5031917,19,17,17-02-2019 PM 9:04:30
1,Oxidation,dry,871.01062097,O2,21.94,0.22,227,716.331,NOLSM5041918,19,18,17-02-2019 PM 9:04:30
1,Oxidation,dry,871.47482083,O2,22.13,0.213,220,709.949,NOLSM5051919,19,19,17-02-2019 PM 9:04:30
1,Oxidation,dry,871.39598595,O2,22.14,0.213,220,709.495,NOLSM5061920,19,20,17-02-2019 PM 9:04:30
2,Oxidation,dry,872.38893671,O2,22.14,0.213,220,710.112,NOLSM5071921,19,21,17-02-2019 PM 9:04:30
2,Oxidation,dry,872.88028814,O2,22.14,0.215,222,711.589,NOLSM5081922,19,22,17-02-2019 PM 9:04:30
2,Oxidation,dry,871.80845558,O2,22.15,0.213,220,709.742,NOLSM5091923,19,23,17-02-2019 PM 9:04:30
2,Oxidation,dry,872.3073461,O2,22.23,0.213,220,709.498,NOLSM5101924,19,24,17-02-2019 PM 9:04:30
2,Oxidation,dry,871.55135347,O2,22.16,0.212,219,709.085,NOLSM5111925,19,25,17-02-2019 PM 9:04:30
2,Oxidation,dry,872.24084414,O2,22.17,0.214,221,710.536,NOLSM5121926,19,26,17-02-2019 PM 9:04:30
2,Oxidation,dry,871.7324708,O2,22.15,0.21,217,706.929,NOLSM5131927,19,27,17-02-2019 PM 9:04:30
2,Oxidation,dry,871.65186099,O2,22.15,0.21,217,706.65,NOLSM514201,20,1,17-02-2019 PM 9:04:30
3,Oxidation,dry,871.34130369,O2,22.15,0.209,216,705.856,NOLSM515202,20,2,17-02-2019 PM 9:04:30
3,Oxidation,dry,872.00342328,O2,22.15,0.211,218,707.484,NOLSM516203,20,3,17-02-2019 PM 9:04:30
3,Oxidation,dry,871.39330333,O2,22.15,0.21,217,706.93,NOLSM517204,20,4,17-02-2019 PM 9:04:30
3,Oxidation,dry,871.74126662,O2,22.17,0.213,220,709.798,NOLSM518205,20,5,17-02-2019 PM 9:04:30
3,Oxidation,dry,872.03760846,O2,22.17,0.212,219,709.083,NOLSM519206,20,6,17-02-2019 PM 9:04:30
3,Oxidation,dry,871.47797396,O2,22.15,0.213,220,709.835,NOLSM520207,20,7,17-02-2019 PM 9:04:30
3,Oxidation,dry,871.63700975,O2,22.14,0.213,220,709.288,NOLSM521208,20,8,17-02-2019 PM 9:04:30
3,Oxidation,dry,872.25252384,O2,22.16,0.213,220,709.286,NOLSM522209,20,9,17-02-2019 PM 9:04:30
1,Oxidation,dry,872.18789019,O2,22.17,0.214,221,710.471,NOLSM5232010,20,10,17-02-2019 PM 9:04:30
1,Oxidation,dry,871.87633821,O2,22.18,0.214,221,711.086,NOLSM5242011,20,11,17-02-2019 PM 9:04:30
1,Oxidation,dry,872.15129608,O2,22.16,0.215,222,711.327,NOLSM5252012,20,12,17-02-2019 PM 9:04:30
1,Oxidation,dry,872.35149589,O2,22.18,0.213,220,709.459,NOLSM5262013,20,13,17-02-2019 PM 9:04:30
1,Oxidation,dry,871.86829051,O2,22.18,0.214,221,710.33,NOLSM5272014,20,14,17-02-2019 PM 9:04:30
1,Oxidation,dry,871.88747133,O2,22.18,0.215,222,711.374,NOLSM5282015,20,15,17-02-2019 PM 9:04:30
1,Oxidation,dry,872.34676392,O2,22.17,0.216,223,712.339,NOLSM5292016,20,16,17-02-2019 PM 9:04:30
1,Oxidation,dry,871.88710537,O2,22.16,0.216,223,712.491,NOLSM5302017,20,17,17-02-2019 PM 9:04:30
1,Oxidation,dry,872.02274768,O2,22.17,0.215,222,711.695,NOLSM5312018,20,18,17-02-2019 PM 9:04:30
2,Oxidation,dry,871.85757574,O2,22.15,0.215,222,711.527,NOLSM5322019,20,19,17-02-2019 PM 9:04:30
2,Oxidation,dry,872.37015214,O2,22.15,0.215,222,711.963,NOLSM5332020,20,20,17-02-2019 PM 9:04:30
2,Oxidation,dry,871.55553967,O2,22.16,0.215,222,711.736,NOLSM5342021,20,21,17-02-2019 PM 9:04:30
2,Oxidation,dry,871.89502628,O2,22.15,0.216,223,712.87,NOLSM5352022,20,22,17-02-2019 PM 9:04:30
2,Oxidation,dry,871.71331546,O2,22.15,0.215,222,711.696,NOLSM5362023,20,23,17-02-2019 PM 9:04:30
2,Oxidation,dry,871.95457199,O2,22.12,0.215,222,711.642,NOLSM5372024,20,24,17-02-2019 PM 9:04:30
2,Oxidation,dry,871.02012613,O2,22.12,0.215,222,711.194,NOLSM5382025,20,25,17-02-2019 PM 9:04:30
2,Oxidation,dry,871.57254079,O2,22.14,0.216,223,712.558,NOLSM5392026,20,26,17-02-2019 PM 9:04:30
3,Oxidation,dry,872.09571008,O2,22.15,0.217,224,714.02,NOLSM5402027,20,27,17-02-2019 PM 9:04:30
3,Oxidation,dry,872.38198465,O2,22.16,0.216,223,712.87,NOLSM541211,21,1,17-02-2019 PM 9:04:30
3,Oxidation,dry,871.89002411,O2,22.17,0.219,226,716.026,NOLSM542212,21,2,17-02-2019 PM 9:04:30
3,Oxidation,dry,871.78597335,O2,22.17,0.219,226,715.157,NOLSM543213,21,3,17-02-2019 PM 9:04:30
3,Oxidation,dry,871.95621598,O2,22.16,0.217,224,713.608,NOLSM544214,21,4,17-02-2019 PM 9:04:30
3,Oxidation,dry,872.12697923,O2,22.16,0.216,223,712.692,NOLSM545215,21,5,17-02-2019 PM 9:04:30
3,Oxidation,dry,872.0913097,O2,22.17,0.218,225,714.415,NOLSM546216,21,6,17-02-2019 PM 9:04:30
3,Oxidation,dry,872.08619004,O2,22.17,0.219,226,715.404,NOLSM547217,21,7,17-02-2019 PM 9:04:30
3,Oxidation,dry,871.52592468,O2,22.2,0.217,224,713.132,NOLSM548218,21,8,17-02-2019 PM 9:04:30
1,Oxidation,dry,872.20342108,O2,22.18,0.218,225,714.295,NOLSM549219,21,9,17-02-2019 PM 9:04:30
1,Oxidation,dry,871.99665381,O2,22.15,0.213,220,710.114,NOLSM5502110,21,10,17-02-2019 PM 9:04:30
1,Oxidation,dry,871.99766446,O2,22.15,0.214,221,710.617,NOLSM5512111,21,11,17-02-2019 PM 9:04:30
1,Oxidation,dry,871.75161447,O2,22.13,0.215,222,711.632,NOLSM5522112,21,12,17-02-2019 PM 9:04:30
1,Oxidation,dry,871.66782314,O2,22.1,0.213,220,710.084,NOLSM5532113,21,13,17-02-2019 PM 9:04:30
1,Oxidation,dry,871.45147571,O2,22.1,0.213,220,710.093,NOLSM5542114,21,14,17-02-2019 PM 9:04:30
1,Oxidation,dry,871.60297665,O2,22.1,0.213,220,709.915,NOLSM5552115,21,15,17-02-2019 PM 9:04:30
1,Oxidation,dry,871.05709,O2,22.11,0.214,221,710.547,NOLSM5562116,21,16,17-02-2019 PM 9:04:30
2,Oxidation,dry,871.82847636,O2,22.09,0.214,221,711.029,NOLSM5572117,21,17,17-02-2019 PM 9:04:30
2,Oxidation,dry,871.71353217,O2,22.09,0.212,219,709.076,NOLSM5582118,21,18,17-02-2019 PM 9:04:30
2,Oxidation,dry,871.68393992,O2,22.09,0.214,221,710.146,NOLSM5592119,21,19,17-02-2019 PM 9:04:30
2,Oxidation,dry,871.31029625,O2,22.1,0.213,220,709.957,NOLSM5602120,21,20,17-02-2019 PM 9:04:30
2,Oxidation,dry,871.58614566,O2,22.11,0.213,220,709.783,NOLSM5612121,21,21,17-02-2019 PM 9:04:30
2,Oxidation,dry,871.63698501,O2,22.08,0.213,220,709.973,NOLSM5622122,21,22,17-02-2019 PM 9:04:30
2,Oxidation,dry,871.50990903,O2,22.09,0.213,220,709.984,NOLSM5632123,21,23,17-02-2019 PM 9:04:30
2,Oxidation,dry,871.23711727,O2,22.09,0.213,220,709.983,NOLSM5642124,21,24,17-02-2019 PM 9:04:30
3,Oxidation,dry,871.5810826,O2,22.09,0.214,221,710.137,NOLSM5652125,21,25,17-02-2019 PM 9:04:30
3,Oxidation,dry,871.59275647,O2,22.09,0.214,221,710.837,NOLSM5662126,21,26,17-02-2019 PM 9:04:30
3,Oxidation,dry,871.46516,O2,22.1,0.214,221,710.727,NOLSM5672127,21,27,17-02-2019 PM 9:04:30
3,Oxidation,dry,871.39167398,O2,22.11,0.216,223,713.032,NOLSM568221,22,1,17-02-2019 PM 9:04:30
3,Oxidation,dry,871.48375404,O2,22.13,0.215,222,711.612,NOLSM569222,22,2,17-02-2019 PM 9:04:30
3,Oxidation,dry,872.00620318,O2,22.11,0.216,223,712.392,NOLSM570223,22,3,17-02-2019 PM 9:04:30
3,Oxidation,dry,871.26149151,O2,22.11,0.216,223,712.963,NOLSM571224,22,4,17-02-2019 PM 9:04:30
3,Oxidation,dry,871.57165431,O2,22.12,0.217,224,713.24,NOLSM572225,22,5,17-02-2019 PM 9:04:30
3,Oxidation,dry,871.79989255,O2,22.14,0.217,224,713.658,NOLSM573226,22,6,17-02-2019 PM 9:04:30
1,Oxidation,dry,872.06419215,O2,22.14,0.217,224,714.028,NOLSM574227,22,7,17-02-2019 PM 9:04:30
1,Oxidation,dry,871.74507119,O2,22.13,0.217,224,713.609,NOLSM575228,22,8,17-02-2019 PM 9:04:30
1,Oxidation,dry,871.9001335,O2,22.14,0.218,225,714.418,NOLSM576229,22,9,17-02-2019 PM 9:04:30
1,Oxidation,dry,871.6110117,O2,22.15,0.216,223,712.826,NOLSM5772210,22,10,17-02-2019 PM 9:04:30
1,Oxidation,dry,871.55963136,O2,22.15,0.217,224,713.234,NOLSM5782211,22,11,17-02-2019 PM 9:04:30
1,Oxidation,dry,871.70659778,O2,22.17,0.219,226,715.187,NOLSM5792212,22,12,17-02-2019 PM 9:04:30
1,Oxidation,dry,872.18947307,O2,22.16,0.218,225,714.097,NOLSM5802213,22,13,17-02-2019 PM 9:04:30
1,Oxidation,dry,871.69534277,O2,22.15,0.217,224,713.596,NOLSM5812214,22,14,17-02-2019 PM 9:04:30
1,Oxidation,dry,871.81112222,O2,22.14,0.217,224,713.273,NOLSM5822215,22,15,17-02-2019 PM 9:04:30
2,Oxidation,dry,872.90912802,O2,22.23,0.214,221,710.686,NOLSM5832216,22,16,17-02-2019 PM 9:04:30
2,Oxidation,dry,872.41824071,O2,22.24,0.214,221,711.073,NOLSM5842217,22,17,17-02-2019 PM 9:04:30
2,Oxidation,dry,872.59008133,O2,22.25,0.214,221,710.814,NOLSM5852218,22,18,17-02-2019 PM 9:04:30
2,Oxidation,dry,872.53078673,O2,22.24,0.215,222,711.779,NOLSM5862219,22,19,17-02-2019 PM 9:04:30
2,Oxidation,dry,872.28866887,O2,22.23,0.216,223,712.757,NOLSM5872220,22,20,17-02-2019 PM 9:04:30
2,Oxidation,dry,872.13219488,O2,22.22,0.216,223,713.04,NOLSM5882221,22,21,17-02-2019 PM 9:04:30
2,Oxidation,dry,872.22233979,O2,22.21,0.215,222,712.11,NOLSM5892222,22,22,17-02-2019 PM 9:04:30
2,Oxidation,dry,872.61918853,O2,22.21,0.217,224,713.575,NOLSM5902223,22,23,17-02-2019 PM 9:04:30
3,Oxidation,dry,872.08859806,O2,22.18,0.216,223,712.199,NOLSM5912224,22,24,17-02-2019 PM 9:04:30
3,Oxidation,dry,872.09111269,O2,22.15,0.217,224,713.554,NOLSM5922225,22,25,17-02-2019 PM 9:04:30
3,Oxidation,dry,871.90665253,O2,22.14,0.217,224,713.758,NOLSM5932226,22,26,17-02-2019 PM 9:04:30
3,Oxidation,dry,872.10207014,O2,22.15,0.216,223,712.759,NOLSM5942227,22,27,17-02-2019 PM 9:04:30
3,Oxidation,dry,871.82311184,O2,22.18,0.216,223,713.094,NOLSM595231,23,1,17-02-2019 PM 9:04:30
3,Oxidation,dry,872.296457,O2,22.17,0.218,225,714.308,NOLSM596232,23,2,17-02-2019 PM 9:04:30
3,Oxidation,dry,872.22171038,O2,22.19,0.218,225,714.843,NOLSM597233,23,3,17-02-2019 PM 9:04:30
3,Oxidation,dry,872.31949418,O2,22.21,0.218,225,714.77,NOLSM598234,23,4,17-02-2019 PM 9:04:30
3,Oxidation,dry,872.27699481,O2,22.21,0.219,226,715.244,NOLSM599235,23,5,17-02-2019 PM 9:04:30
1,Oxidation,dry,872.64408218,O2,22.21,0.219,226,715.316,NOLSM600236,23,6,17-02-2019 PM 9:04:30
1,Oxidation,dry,872.32428764,O2,22.2,0.218,225,714.519,NOLSM601237,23,7,17-02-2019 PM 9:04:30
1,Oxidation,dry,872.08188283,O2,22.2,0.217,224,713.231,NOLSM602238,23,8,17-02-2019 PM 9:04:30
1,Oxidation,dry,873.03313404,O2,22.26,0.211,218,708.099,NOLSM603239,23,9,17-02-2019 PM 9:04:30
1,Oxidation,dry,872.58468034,O2,22.24,0.209,216,705.959,NOLSM6042310,23,10,17-02-2019 PM 9:04:30
1,Oxidation,dry,871.95729702,O2,22.23,0.21,217,706.485,NOLSM6052311,23,11,17-02-2019 PM 9:04:30
1,Oxidation,dry,872.89159916,O2,22.24,0.209,216,705.983,NOLSM6062312,23,12,17-02-2019 PM 9:04:30
1,Oxidation,dry,872.31454842,O2,22.24,0.208,215,704.746,NOLSM6072313,23,13,17-02-2019 PM 9:04:30
1,Oxidation,dry,873.19467285,O2,22.29,0.209,216,705.816,NOLSM6082314,23,14,17-02-2019 PM 9:04:30
2,Oxidation,dry,872.78659681,O2,22.29,0.21,217,707.218,NOLSM6092315,23,15,17-02-2019 PM 9:04:30
2,Oxidation,dry,872.76375728,O2,22.22,0.21,217,706.868,NOLSM6102316,23,16,17-02-2019 PM 9:04:30
2,Oxidation,dry,872.06359332,O2,22.21,0.209,216,706.445,NOLSM6112317,23,17,17-02-2019 PM 9:04:30
2,Oxidation,dry,871.50839107,O2,22.2,0.207,214,703.86,NOLSM6122318,23,18,17-02-2019 PM 9:04:30
2,Oxidation,dry,872.69734333,O2,22.19,0.208,215,704.941,NOLSM6132319,23,19,17-02-2019 PM 9:04:30
2,Oxidation,dry,872.22894359,O2,22.19,0.207,214,703.94,NOLSM6142320,23,20,17-02-2019 PM 9:04:30
2,Oxidation,dry,872.49128305,O2,22.17,0.209,216,705.549,NOLSM6152321,23,21,17-02-2019 PM 9:04:30
2,Oxidation,dry,872.41406773,O2,22.2,0.209,216,705.637,NOLSM6162322,23,22,17-02-2019 PM 9:04:30
3,Oxidation,dry,872.81736055,O2,22.22,0.212,219,708.419,NOLSM6172323,23,23,17-02-2019 PM 9:04:30
3,Oxidation,dry,872.30018504,O2,22.22,0.21,217,707.023,NOLSM6182324,23,24,17-02-2019 PM 9:04:30
3,Oxidation,dry,873.02545539,O2,22.24,0.212,219,708.778,NOLSM6192325,23,25,17-02-2019 PM 9:04:30
3,Oxidation,dry,873.28311387,O2,22.25,0.212,219,708.823,NOLSM6202326,23,26,17-02-2019 PM 9:04:30
3,Oxidation,dry,873.15877527,O2,22.24,0.213,220,709.902,NOLSM6212327,23,27,17-02-2019 PM 9:04:30
3,Oxidation,dry,873.08486901,O2,22.23,0.212,219,709.099,NOLSM622241,24,1,17-02-2019 PM 9:04:30
3,Oxidation,dry,873.07242298,O2,22.23,0.212,219,709.007,NOLSM623242,24,2,17-02-2019 PM 9:04:30
3,Oxidation,dry,872.5332182,O2,22.24,0.211,218,707.54,NOLSM624243,24,3,17-02-2019 PM 9:04:30
3,Oxidation,dry,873.37611108,O2,22.25,0.211,218,708.313,NOLSM625244,24,4,17-02-2019 PM 9:04:30
1,Oxidation,dry,872.53453257,O2,22.23,0.211,218,707.85,NOLSM626245,24,5,17-02-2019 PM 9:04:30
1,Oxidation,dry,872.55914297,O2,22.22,0.212,219,708.55,NOLSM627246,24,6,17-02-2019 PM 9:04:30
1,Oxidation,dry,872.80739542,O2,22.24,0.211,218,708.201,NOLSM628247,24,7,17-02-2019 PM 9:04:30
1,Oxidation,dry,873.02402053,O2,22.24,0.217,224,713.448,NOLSM629248,24,8,17-02-2019 PM 9:04:30
1,Oxidation,dry,873.18960822,O2,22.22,0.215,222,711.889,NOLSM630249,24,9,17-02-2019 PM 9:04:30
1,Oxidation,dry,872.57410595,O2,22.22,0.215,222,711.589,NOLSM6312410,24,10,17-02-2019 PM 9:04:30
1,Oxidation,dry,872.77118882,O2,22.22,0.215,222,711.408,NOLSM6322411,24,11,17-02-2019 PM 9:04:30
2,Oxidation,dry,872.73802061,O2,22.21,0.215,222,711.541,NOLSM6332412,24,12,17-02-2019 PM 9:04:30
2,Oxidation,dry,872.69705234,O2,22.23,0.213,220,709.592,NOLSM6342413,24,13,17-02-2019 PM 9:04:30
2,Oxidation,dry,872.77673254,O2,22.23,0.213,220,710.17,NOLSM6352414,24,14,17-02-2019 PM 9:04:30
2,Oxidation,dry,873.26196085,O2,22.24,0.213,220,710.145,NOLSM6362415,24,15,17-02-2019 PM 9:04:30
2,Oxidation,dry,872.73430897,O2,22.23,0.212,219,709.285,NOLSM6372416,24,16,17-02-2019 PM 9:04:30
2,Oxidation,dry,872.86793343,O2,22.24,0.213,220,710.068,NOLSM6382417,24,17,17-02-2019 PM 9:04:30
2,Oxidation,dry,872.71428179,O2,22.22,0.214,221,710.381,NOLSM6392418,24,18,17-02-2019 PM 9:04:30
3,Oxidation,dry,871.72417376,O2,22.16,0.212,219,708.853,NOLSM6402419,24,19,17-02-2019 PM 9:04:30
3,Oxidation,dry,871.63669745,O2,22.16,0.213,220,709.539,NOLSM6412420,24,20,17-02-2019 PM 9:04:30
3,Oxidation,dry,872.30561058,O2,22.16,0.213,220,709.879,NOLSM6422421,24,21,17-02-2019 PM 9:04:30
3,Oxidation,dry,871.70737697,O2,22.17,0.214,221,710.548,NOLSM6432422,24,22,17-02-2019 PM 9:04:30
3,Oxidation,dry,872.48189119,O2,22.17,0.215,222,711.942,NOLSM6442423,24,23,17-02-2019 PM 9:04:30
3,Oxidation,dry,872.25348407,O2,22.18,0.215,222,711.872,NOLSM6452424,24,24,17-02-2019 PM 9:04:30
3,Oxidation,dry,872.44698346,O2,22.19,0.214,221,710.775,NOLSM6462425,24,25,17-02-2019 PM 9:04:30
3,Oxidation,dry,873.47053818,O2,22.26,0.225,232,721.722,NOLSM6472426,24,26,17-02-2019 PM 9:04:30
1,Oxidation,dry,873.83772686,O2,22.29,0.226,233,722.271,NOLSM6482427,24,27,17-02-2019 PM 9:04:30
1,Oxidation,dry,872.81119392,O2,22.19,0.223,230,719.379,NOLSM649251,25,1,17-02-2019 PM 9:04:30
1,Oxidation,dry,874.37837591,O2,22.21,0.226,233,722.459,NOLSM650252,25,2,17-02-2019 PM 9:04:30
1,Oxidation,dry,873.26017243,O2,22.21,0.223,230,719.559,NOLSM651253,25,3,17-02-2019 PM 9:04:30
1,Oxidation,dry,873.40485843,O2,22.21,0.223,230,719.317,NOLSM652254,25,4,17-02-2019 PM 9:04:30
1,Oxidation,dry,874.15898036,O2,22.2,0.224,231,720.125,NOLSM653255,25,5,17-02-2019 PM 9:04:30
1,Oxidation,dry,872.71008383,O2,22.35,0.22,227,716.577,NOLSM654256,25,6,17-02-2019 PM 9:04:30
1,Oxidation,dry,874.87330931,O2,22.41,0.227,234,723.192,NOLSM655257,25,7,17-02-2019 PM 9:04:30
1,Oxidation,dry,874.60872528,O2,22.36,0.228,235,724.192,NOLSM656258,25,8,17-02-2019 PM 9:04:30
2,Oxidation,dry,875.02421166,O2,22.33,0.229,236,725.29,NOLSM657259,25,9,17-02-2019 PM 9:04:30
2,Oxidation,dry,873.80176737,O2,22.32,0.226,233,722.888,NOLSM6582510,25,10,17-02-2019 PM 9:04:30
2,Oxidation,dry,874.10207371,O2,22.34,0.227,234,723.381,NOLSM6592511,25,11,17-02-2019 PM 9:04:30
2,Oxidation,dry,875.05305421,O2,22.43,0.226,233,722.703,NOLSM6602512,25,12,17-02-2019 PM 9:04:30
2,Oxidation,dry,875.15217541,O2,22.42,0.227,234,723.896,NOLSM6612513,25,13,17-02-2019 PM 9:04:30
2,Oxidation,dry,875.15575883,O2,22.41,0.228,235,724.612,NOLSM6622514,25,14,17-02-2019 PM 9:04:30
2,Oxidation,dry,874.83729384,O2,22.4,0.227,234,723.873,NOLSM6632515,25,15,17-02-2019 PM 9:04:30
2,Oxidation,dry,874.78910831,O2,22.42,0.226,233,722.593,NOLSM6642516,25,16,17-02-2019 PM 9:04:30
2,Oxidation,dry,875.34325669,O2,22.43,0.225,232,721.472,NOLSM6652517,25,17,17-02-2019 PM 9:04:30
3,Oxidation,dry,874.45625812,O2,22.44,0.223,230,719.897,NOLSM6662518,25,18,17-02-2019 PM 9:04:30
3,Oxidation,dry,874.77578479,O2,22.46,0.223,230,719.597,NOLSM6672519,25,19,17-02-2019 PM 9:04:30
3,Oxidation,dry,874.72944725,O2,22.44,0.223,230,719.49,NOLSM6682520,25,20,17-02-2019 PM 9:04:30
3,Oxidation,dry,874.54713986,O2,22.42,0.223,230,719.948,NOLSM6692521,25,21,17-02-2019 PM 9:04:30
3,Oxidation,dry,874.40681554,O2,22.43,0.221,228,717.634,NOLSM6702522,25,22,17-02-2019 PM 9:04:30
3,Oxidation,dry,874.134752,O2,22.45,0.221,228,718.016,NOLSM6712523,25,23,17-02-2019 PM 9:04:30
3,Oxidation,dry,873.88592519,O2,22.46,0.221,228,717.698,NOLSM6722524,25,24,17-02-2019 PM 9:04:30
3,Oxidation,dry,874.6530759,O2,22.47,0.222,229,718.56,NOLSM6732525,25,25,17-02-2019 PM 9:04:30
1,Oxidation,dry,874.30819934,O2,22.46,0.222,229,719.062,NOLSM6742526,25,26,17-02-2019 PM 9:04:30
1,Oxidation,dry,874.65409871,O2,22.45,0.222,229,718.585,NOLSM6752527,25,27,17-02-2019 PM 9:04:30
1,Oxidation,dry,874.76593545,O2,22.47,0.222,229,719.042,NOLSM676261,26,1,17-02-2019 PM 9:04:30
1,Oxidation,dry,874.92134727,O2,22.48,0.222,229,719.07,NOLSM677262,26,2,17-02-2019 PM 9:04:30
1,Oxidation,dry,874.65678494,O2,22.48,0.224,231,720.337,NOLSM678263,26,3,17-02-2019 PM 9:04:30
1,Oxidation,dry,874.49514003,O2,22.46,0.223,230,720.149,NOLSM679264,26,4,17-02-2019 PM 9:04:30
1,Oxidation,dry,874.64752244,O2,22.48,0.223,230,720.06,NOLSM680265,26,5,17-02-2019 PM 9:04:30
2,Oxidation,dry,874.65000102,O2,22.51,0.223,230,719.864,NOLSM681266,26,6,17-02-2019 PM 9:04:30
2,Oxidation,dry,875.24900533,O2,22.49,0.225,232,721.949,NOLSM682267,26,7,17-02-2019 PM 9:04:30
2,Oxidation,dry,874.97223993,O2,22.48,0.225,232,721.375,NOLSM683268,26,8,17-02-2019 PM 9:04:30
2,Oxidation,dry,874.91062954,O2,22.48,0.225,232,721.646,NOLSM684269,26,9,17-02-2019 PM 9:04:30
2,Oxidation,dry,874.93448898,O2,22.48,0.225,232,721.658,NOLSM6852610,26,10,17-02-2019 PM 9:04:30
2,Oxidation,wet,1272.9442249,H2O,44.95,0.225,32,727.786,NOLSM6862611,26,11,17-02-2019 PM 9:04:30
2,Oxidation,wet,1279.5743018,H2O,45.02,0.225,32,725.688,NOLSM6872612,26,12,17-02-2019 PM 9:04:30
2,Oxidation,wet,1278.1512038,H2O,44.99,0.225,32,714.309,NOLSM6882613,26,13,17-02-2019 PM 9:04:30
2,Oxidation,wet,1272.0187588,H2O,44.97,0.225,32,725.202,NOLSM6892614,26,14,17-02-2019 PM 9:04:30
3,Oxidation,wet,1273.6738901,H2O,44.96,0.225,32,727.572,NOLSM6902615,26,15,17-02-2019 PM 9:04:30
3,Oxidation,wet,1274.307552,H2O,44.97,0.225,32,729.613,NOLSM6912616,26,16,17-02-2019 PM 9:04:30
3,Oxidation,wet,1275.4558785,H2O,44.99,0.224,31,718.579,NOLSM6922617,26,17,17-02-2019 PM 9:04:30
3,Oxidation,wet,1269.8399659,H2O,45.03,0.225,32,711.095,NOLSM6932618,26,18,17-02-2019 PM 9:04:30
3,Oxidation,wet,1268.4965518,H2O,45.01,0.224,31,725.309,NOLSM6942619,26,19,17-02-2019 PM 9:04:30
3,Oxidation,wet,1272.2343191,H2O,44.98,0.227,34,725.928,NOLSM6952620,26,20,17-02-2019 PM 9:04:30
3,Oxidation,wet,1281.9045767,H2O,44.96,0.226,33,722.571,NOLSM6962621,26,21,17-02-2019 PM 9:04:30
3,Oxidation,wet,1278.7812559,H2O,44.97,0.225,32,716.389,NOLSM6972622,26,22,17-02-2019 PM 9:04:30
3,Oxidation,wet,1272.2887792,H2O,44.96,0.225,32,712.382,NOLSM6982623,26,23,17-02-2019 PM 9:04:30
1,Oxidation,wet,1277.8484273,H2O,45.01,0.225,32,721.441,NOLSM6992624,26,24,17-02-2019 PM 9:04:30
1,Oxidation,wet,1282.6158735,H2O,44.95,0.225,32,725.621,NOLSM7002625,26,25,17-02-2019 PM 9:04:30
1,Oxidation,wet,1276.4270829,H2O,44.94,0.224,31,715.821,NOLSM7012626,26,26,17-02-2019 PM 9:04:30
1,Oxidation,wet,1281.1101198,H2O,44.94,0.225,32,724.281,NOLSM7022627,26,27,17-02-2019 PM 9:04:30
1,Oxidation,wet,1277.4946607,H2O,44.91,0.223,30,722.888,NOLSM703271,27,1,17-02-2019 PM 9:04:30
1,Oxidation,wet,1273.8982222,H2O,44.97,0.221,28,718.015,NOLSM704272,27,2,17-02-2019 PM 9:04:30
1,Oxidation,wet,1274.4422029,H2O,44.97,0.224,31,718.058,NOLSM705273,27,3,17-02-2019 PM 9:04:30
1,Oxidation,wet,1276.432217,H2O,44.89,0.223,30,721.87,NOLSM706274,27,4,17-02-2019 PM 9:04:30
1,Oxidation,wet,1277.655913,H2O,44.99,0.22,27,718.198,NOLSM707275,27,5,17-02-2019 PM 9:04:30
2,Oxidation,wet,1285.0382854,H2O,45.03,0.22,27,713.546,NOLSM708276,27,6,17-02-2019 PM 9:04:30
2,Oxidation,wet,1268.4538442,H2O,45.04,0.22,27,711.421,NOLSM709277,27,7,17-02-2019 PM 9:04:30
2,Oxidation,wet,1271.7326716,H2O,45.02,0.217,24,711.592,NOLSM710278,27,8,17-02-2019 PM 9:04:30
2,Oxidation,wet,1269.3002401,H2O,45.03,0.216,23,712.814,NOLSM711279,27,9,17-02-2019 PM 9:04:30
2,Oxidation,wet,1279.21923,H2O,45.05,0.216,23,717.163,NOLSM7122710,27,10,17-02-2019 PM 9:04:30
2,Oxidation,wet,1278.2747045,H2O,45.09,0.216,23,712.164,NOLSM7132711,27,11,17-02-2019 PM 9:04:30
2,Oxidation,wet,1279.1983197,H2O,45.18,0.217,24,710.377,NOLSM7142712,27,12,17-02-2019 PM 9:04:30
2,Oxidation,wet,1281.471833,H2O,45.2,0.218,25,715.375,NOLSM7152713,27,13,17-02-2019 PM 9:04:30
2,Oxidation,wet,1276.6584036,H2O,45.21,0.218,25,710.587,NOLSM7162714,27,14,17-02-2019 PM 9:04:30
3,Oxidation,wet,1274.2334709,H2O,45.11,0.218,25,715.218,NOLSM7172715,27,15,17-02-2019 PM 9:04:30
3,Oxidation,wet,1269.7671754,H2O,45.08,0.218,25,717.232,NOLSM7182716,27,16,17-02-2019 PM 9:04:30
3,Oxidation,wet,1279.0497353,H2O,45.11,0.218,25,710.706,NOLSM7192717,27,17,17-02-2019 PM 9:04:30
3,Oxidation,wet,1272.1821576,H2O,45.12,0.218,25,718.782,NOLSM7202718,27,18,17-02-2019 PM 9:04:30
3,Oxidation,wet,1277.0826654,H2O,45.09,0.22,27,718.57,NOLSM7212719,27,19,17-02-2019 PM 9:04:30
3,Oxidation,wet,1276.8710849,H2O,45.12,0.221,28,719.687,NOLSM7222720,27,20,17-02-2019 PM 9:04:30
1,Oxidation,wet,1275.5826693,H2O,45.18,0.222,29,721.081,NOLSM7232721,27,21,17-02-2019 PM 9:04:30
1,Oxidation,wet,1277.551834,H2O,45.19,0.222,29,717.858,NOLSM7242722,27,22,17-02-2019 PM 9:04:30
1,Oxidation,wet,1277.7814702,H2O,45.12,0.222,29,718.895,NOLSM7252723,27,23,17-02-2019 PM 9:04:30
1,Oxidation,wet,1277.1782512,H2O,45.13,0.223,30,718.567,NOLSM7262724,27,24,17-02-2019 PM 9:04:30
1,Oxidation,wet,1270.3423481,H2O,45.11,0.223,30,724.096,NOLSM7272725,27,25,17-02-2019 PM 9:04:30
1,Oxidation,wet,1273.844301,H2O,45.15,0.223,30,719.496,NOLSM7282726,27,26,17-02-2019 PM 9:04:30
1,Oxidation,wet,1270.9933412,H2O,45.16,0.223,30,716.874,NOLSM7292727,27,27,17-02-2019 PM 9:04:30
1,Oxidation,wet,1278.5025804,H2O,45.12,0.224,31,722.525,NOLSM730281,28,1,17-02-2019 PM 9:04:30
1,Oxidation,wet,1278.5999316,H2O,45.16,0.224,31,723.08,NOLSM731282,28,2,17-02-2019 PM 9:04:30
2,Oxidation,wet,1278.8357592,H2O,45.19,0.225,32,719.235,NOLSM732283,28,3,17-02-2019 PM 9:04:30
2,Oxidation,wet,1281.9241074,H2O,45.2,0.225,32,724.821,NOLSM733284,28,4,17-02-2019 PM 9:04:30
2,Oxidation,wet,1276.061577,H2O,45.22,0.223,30,718.628,NOLSM734285,28,5,17-02-2019 PM 9:04:30
2,Oxidation,wet,1276.3955004,H2O,45.25,0.225,32,720.697,NOLSM735286,28,6,17-02-2019 PM 9:04:30
2,Oxidation,wet,1275.2006133,H2O,45.26,0.225,32,719.265,NOLSM736287,28,7,17-02-2019 PM 9:04:30
2,Oxidation,wet,1278.9800751,H2O,45.26,0.225,32,715.88,NOLSM737288,28,8,17-02-2019 PM 9:04:30
2,Oxidation,wet,1282.139237,H2O,45.21,0.225,32,726.383,NOLSM738289,28,9,17-02-2019 PM 9:04:30
2,Oxidation,wet,1274.5250015,H2O,45.22,0.224,31,720.264,NOLSM7392810,28,10,17-02-2019 PM 9:04:30
2,Oxidation,wet,1273.8637359,H2O,45.22,0.225,32,717.763,NOLSM7402811,28,11,17-02-2019 PM 9:04:30
3,Oxidation,wet,1283.9851071,H2O,45.28,0.225,32,724.499,NOLSM7412812,28,12,17-02-2019 PM 9:04:30
3,Oxidation,wet,1283.3630391,H2O,45.26,0.226,33,727.814,NOLSM7422813,28,13,17-02-2019 PM 9:04:30
3,Oxidation,wet,1274.8036515,H2O,45.24,0.226,33,722.683,NOLSM7432814,28,14,17-02-2019 PM 9:04:30
3,Oxidation,wet,1278.6174272,H2O,45.35,0.226,33,727.582,NOLSM7442815,28,15,17-02-2019 PM 9:04:30
3,Oxidation,wet,1277.4935337,H2O,45.31,0.226,33,726.818,NOLSM7452816,28,16,17-02-2019 PM 9:04:30
3,Oxidation,wet,1269.2360096,H2O,45.34,0.225,32,713.605,NOLSM7462817,28,17,17-02-2019 PM 9:04:30
3,Oxidation,wet,1274.6674893,H2O,45.47,0.224,31,726.633,NOLSM7472818,28,18,17-02-2019 PM 9:04:30
3,Oxidation,wet,1282.9336088,H2O,45.52,0.224,31,719.265,NOLSM7482819,28,19,17-02-2019 PM 9:04:30
3,Oxidation,wet,1275.5891139,H2O,45.44,0.226,33,722.546,NOLSM7492820,28,20,17-02-2019 PM 9:04:30
1,Oxidation,wet,1282.8167358,H2O,45.44,0.226,33,728.731,NOLSM7502821,28,21,17-02-2019 PM 9:04:30
1,Oxidation,wet,1270.2389555,H2O,45.43,0.225,32,728.858,NOLSM7512822,28,22,17-02-2019 PM 9:04:30
1,Oxidation,wet,1279.0427149,H2O,45.46,0.222,29,713.971,NOLSM7522823,28,23,17-02-2019 PM 9:04:30
1,Oxidation,wet,1283.2036181,H2O,45.66,0.222,29,721.066,NOLSM7532824,28,24,17-02-2019 PM 9:04:30
1,Oxidation,wet,1280.8740904,H2O,45.89,0.223,30,729.198,NOLSM7542825,28,25,17-02-2019 PM 9:04:30
1,Oxidation,wet,1280.1021674,H2O,45.86,0.226,33,721.514,NOLSM7552826,28,26,17-02-2019 PM 9:04:30
1,Oxidation,wet,1281.3044213,H2O,45.75,0.225,32,721.329,NOLSM7562827,28,27,17-02-2019 PM 9:04:30
1,Oxidation,wet,1275.5657003,H2O,45.74,0.222,29,716.87,NOLSM757291,29,1,17-02-2019 PM 9:04:30
2,Oxidation,wet,1276.0602743,H2O,45.76,0.223,30,720.769,NOLSM758292,29,2,17-02-2019 PM 9:04:30
2,Oxidation,wet,1283.8679192,H2O,45.89,0.222,29,721.954,NOLSM759293,29,3,17-02-2019 PM 9:04:30
2,Oxidation,wet,1273.783436,H2O,45.88,0.223,30,712.621,NOLSM760294,29,4,17-02-2019 PM 9:04:30
2,Oxidation,wet,1272.5648581,H2O,45.85,0.223,30,716.794,NOLSM761295,29,5,17-02-2019 PM 9:04:30
2,Oxidation,wet,1268.3337811,H2O,44.53,0.191,-2,686.53,NOLSM762296,29,6,17-02-2019 PM 9:04:30
2,Oxidation,wet,1274.7521889,H2O,44.62,0.187,-6,691.168,NOLSM763297,29,7,17-02-2019 PM 9:04:30
2,Oxidation,wet,1268.1209086,H2O,44.64,0.203,10,710.04,NOLSM764298,29,8,17-02-2019 PM 9:04:30
2,Oxidation,wet,1269.5212442,H2O,44.54,0.213,20,709.047,NOLSM765299,29,9,17-02-2019 PM 9:04:30
2,Oxidation,wet,1267.4059178,H2O,44.53,0.219,26,723.555,NOLSM7662910,29,10,17-02-2019 PM 9:04:30
3,Oxidation,wet,1279.5358433,H2O,44.49,0.218,25,720.167,NOLSM7672911,29,11,17-02-2019 PM 9:04:30
3,Oxidation,wet,1272.8484718,H2O,44.51,0.217,24,708.6,NOLSM7682912,29,12,17-02-2019 PM 9:04:30
3,Oxidation,wet,1275.1114032,H2O,44.57,0.217,24,715.256,NOLSM7692913,29,13,17-02-2019 PM 9:04:30
3,Oxidation,wet,1269.3646801,H2O,44.56,0.218,25,711.702,NOLSM7702914,29,14,17-02-2019 PM 9:04:30
3,Oxidation,wet,1275.8518961,H2O,44.55,0.218,25,715.973,NOLSM7712915,29,15,17-02-2019 PM 9:04:30
3,Oxidation,wet,1271.2796217,H2O,44.48,0.218,25,717.236,NOLSM7722916,29,16,17-02-2019 PM 9:04:30
3,Oxidation,wet,1269.0316635,H2O,44.48,0.217,24,712.928,NOLSM7732917,29,17,17-02-2019 PM 9:04:30
3,Oxidation,wet,1277.2932185,H2O,44.58,0.216,23,714.822,NOLSM7742918,29,18,17-02-2019 PM 9:04:30
1,Oxidation,wet,1269.0927996,H2O,44.59,0.217,24,721.528,NOLSM7752919,29,19,17-02-2019 PM 9:04:30
1,Oxidation,wet,1274.338129,H2O,44.53,0.218,25,715.249,NOLSM7762920,29,20,17-02-2019 PM 9:04:30
1,Oxidation,wet,1277.1252873,H2O,44.53,0.219,26,713.007,NOLSM7772921,29,21,17-02-2019 PM 9:04:30
1,Oxidation,wet,1273.4665605,H2O,44.62,0.218,25,714.238,NOLSM7782922,29,22,17-02-2019 PM 9:04:30
1,Oxidation,wet,1277.0741506,H2O,44.72,0.218,25,714.974,NOLSM7792923,29,23,17-02-2019 PM 9:04:30
1,Oxidation,wet,1273.4780702,H2O,44.78,0.218,25,715.226,NOLSM7802924,29,24,17-02-2019 PM 9:04:30
1,Oxidation,wet,1273.731235,H2O,44.68,0.218,25,724.374,NOLSM7812925,29,25,17-02-2019 PM 9:04:30
2,Oxidation,wet,1277.8583965,H2O,44.64,0.218,25,719.23,NOLSM7822926,29,26,17-02-2019 PM 9:04:30
2,Oxidation,wet,1272.1509469,H2O,44.53,0.215,22,713.79,NOLSM7832927,29,27,17-02-2019 PM 9:04:30
2,Oxidation,wet,1277.5858852,H2O,44.61,0.217,24,713.559,NOLSM784301,30,1,17-02-2019 PM 9:04:30
2,Oxidation,wet,1269.5530495,H2O,44.58,0.218,25,716.184,NOLSM785302,30,2,17-02-2019 PM 9:04:30
2,Oxidation,wet,1282.3930143,H2O,44.58,0.218,25,719.658,NOLSM786303,30,3,17-02-2019 PM 9:04:30
2,Oxidation,wet,1269.4754103,H2O,44.59,0.215,22,717.264,NOLSM787304,30,4,17-02-2019 PM 9:04:30
2,Oxidation,wet,1265.7099966,H2O,44.57,0.216,23,718.321,NOLSM788305,30,5,17-02-2019 PM 9:04:30
2,Oxidation,wet,1271.0293713,H2O,44.59,0.216,23,712.492,NOLSM789306,30,6,17-02-2019 PM 9:04:30
2,Oxidation,wet,1277.113934,H2O,44.59,0.217,24,708.404,NOLSM790307,30,7,17-02-2019 PM 9:04:30
3,Oxidation,wet,1278.4419088,H2O,44.59,0.217,24,720.945,NOLSM791308,30,8,17-02-2019 PM 9:04:30
3,Oxidation,wet,1268.3700627,H2O,44.55,0.215,22,713.334,NOLSM792309,30,9,17-02-2019 PM 9:04:30
3,Oxidation,wet,1271.8214885,H2O,44.57,0.216,23,716.68,NOLSM7933010,30,10,17-02-2019 PM 9:04:30
3,Oxidation,wet,1279.9405055,H2O,44.57,0.216,23,717.314,NOLSM7943011,30,11,17-02-2019 PM 9:04:30
3,Oxidation,wet,1275.0640876,H2O,44.62,0.216,23,716.545,NOLSM7953012,30,12,17-02-2019 PM 9:04:30
3,Oxidation,wet,1274.0025147,H2O,44.63,0.219,26,712.706,NOLSM7963013,30,13,17-02-2019 PM 9:04:30
3,Oxidation,wet,1280.5877181,H2O,44.55,0.219,26,716.92,NOLSM7973014,30,14,17-02-2019 PM 9:04:30
3,Oxidation,wet,1274.885849,H2O,44.57,0.215,22,716.828,NOLSM7983015,30,15,17-02-2019 PM 9:04:30
1,Oxidation,wet,1278.7669619,H2O,44.56,0.216,23,707.057,NOLSM7993016,30,16,17-02-2019 PM 9:04:30
1,Oxidation,wet,1278.8005772,H2O,44.53,0.213,20,717.059,NOLSM8003017,30,17,17-02-2019 PM 9:04:30
1,Oxidation,wet,1273.8183795,H2O,44.56,0.213,20,711.639,NOLSM8013018,30,18,17-02-2019 PM 9:04:30
1,Oxidation,wet,1271.5300041,H2O,44.58,0.211,18,707.582,NOLSM8023019,30,19,17-02-2019 PM 9:04:30
1,Oxidation,wet,1272.5312736,H2O,44.6,0.216,23,707.619,NOLSM8033020,30,20,17-02-2019 PM 9:04:30
1,Oxidation,wet,1275.4250116,H2O,44.56,0.215,22,713.867,NOLSM8043021,30,21,17-02-2019 PM 9:04:30
1,Oxidation,wet,1271.349047,H2O,44.59,0.213,20,705.557,NOLSM8053022,30,22,17-02-2019 PM 9:04:30
1,Oxidation,wet,1271.7108041,H2O,44.65,0.211,18,707.754,NOLSM8063023,30,23,17-02-2019 PM 9:04:30
2,Oxidation,wet,1275.0145916,H2O,44.62,0.211,18,702.472,NOLSM8073024,30,24,17-02-2019 PM 9:04:30
2,Oxidation,wet,1263.230499,H2O,44.58,0.212,19,711.749,NOLSM8083025,30,25,17-02-2019 PM 9:04:30
2,Oxidation,wet,1280.0773037,H2O,44.58,0.216,23,709.301,NOLSM8093026,30,26,17-02-2019 PM 9:04:30
2,Oxidation,wet,1279.3858513,H2O,44.6,0.212,19,714.972,NOLSM8103027,30,27,17-02-2019 PM 9:04:30
2,Oxidation,wet,1276.974453,H2O,44.59,0.214,21,717.232,NOLSM811311,31,1,17-02-2019 PM 9:04:30
2,Oxidation,wet,1267.8030238,H2O,44.6,0.213,20,707.918,NOLSM812312,31,2,17-02-2019 PM 9:04:30
2,Oxidation,wet,1276.3829265,H2O,44.64,0.21,17,711.148,NOLSM813313,31,3,17-02-2019 PM 9:04:30
2,Oxidation,wet,1274.4334318,H2O,44.58,0.212,19,704.451,NOLSM814314,31,4,17-02-2019 PM 9:04:30
2,Oxidation,wet,1268.3592178,H2O,44.61,0.207,14,695.764,NOLSM815315,31,5,17-02-2019 PM 9:04:30
3,Oxidation,wet,1278.1764913,H2O,44.56,0.212,19,712.119,NOLSM816316,31,6,17-02-2019 PM 9:04:30
3,Oxidation,wet,1276.2313626,H2O,44.6,0.212,19,705.747,NOLSM817317,31,7,17-02-2019 PM 9:04:30
3,Oxidation,wet,1268.7248215,H2O,44.63,0.21,17,710.77,NOLSM818318,31,8,17-02-2019 PM 9:04:30
3,Oxidation,wet,1280.5166176,H2O,44.65,0.211,18,710.646,NOLSM819319,31,9,17-02-2019 PM 9:04:30
3,Oxidation,wet,1273.8458977,H2O,44.62,0.21,17,713.87,NOLSM8203110,31,10,17-02-2019 PM 9:04:30
3,Oxidation,wet,1271.4419741,H2O,44.61,0.212,19,707.448,NOLSM8213111,31,11,17-02-2019 PM 9:04:30
3,Oxidation,wet,1273.8498733,H2O,44.69,0.212,19,705.854,NOLSM8223112,31,12,17-02-2019 PM 9:04:30
1,Oxidation,wet,1270.7090198,H2O,44.72,0.211,18,710.602,NOLSM8233113,31,13,17-02-2019 PM 9:04:30
1,Oxidation,wet,1271.7405482,H2O,44.79,0.214,21,703.646,NOLSM8243114,31,14,17-02-2019 PM 9:04:30
1,Oxidation,wet,1266.6609039,H2O,44.75,0.213,20,699.176,NOLSM8253115,31,15,17-02-2019 PM 9:04:30
1,Oxidation,wet,1272.9785386,H2O,44.75,0.214,21,711.691,NOLSM8263116,31,16,17-02-2019 PM 9:04:30
1,Oxidation,wet,1271.1295456,H2O,44.82,0.213,20,701.201,NOLSM8273117,31,17,17-02-2019 PM 9:04:30
1,Oxidation,wet,1268.5750739,H2O,44.9,0.214,21,712.627,NOLSM8283118,31,18,17-02-2019 PM 9:04:30
1,Oxidation,wet,1282.3030701,H2O,45.03,0.215,22,716.564,NOLSM8293119,31,19,17-02-2019 PM 9:04:30
1,Oxidation,wet,1270.2021537,H2O,44.94,0.215,22,702.181,NOLSM8303120,31,20,17-02-2019 PM 9:04:30
2,Oxidation,wet,1272.8421253,H2O,44.92,0.215,22,715.357,NOLSM8313121,31,21,17-02-2019 PM 9:04:30
2,Oxidation,wet,1267.8467226,H2O,44.84,0.217,24,703.95,NOLSM8323122,31,22,17-02-2019 PM 9:04:30
2,Oxidation,wet,1275.752707,H2O,44.84,0.217,24,715.335,NOLSM8333123,31,23,17-02-2019 PM 9:04:30
2,Oxidation,wet,1273.4137287,H2O,44.87,0.219,26,717.937,NOLSM8343124,31,24,17-02-2019 PM 9:04:30
2,Oxidation,wet,1273.038761,H2O,44.97,0.22,27,713.61,NOLSM8353125,31,25,17-02-2019 PM 9:04:30
2,Oxidation,wet,1280.1071199,H2O,44.98,0.218,25,720.436,NOLSM8363126,31,26,17-02-2019 PM 9:04:30
2,Oxidation,wet,1270.9004648,H2O,44.8,0.219,26,711.993,NOLSM8373127,31,27,17-02-2019 PM 9:04:30
2,Oxidation,wet,1275.8892284,H2O,44.85,0.215,22,717.559,NOLSM838321,32,1,17-02-2019 PM 9:04:30
2,Oxidation,wet,1273.1391664,H2O,44.98,0.218,25,723.533,NOLSM839322,32,2,17-02-2019 PM 9:04:30
3,Oxidation,wet,1279.0457647,H2O,45.14,0.219,26,720.668,NOLSM840323,32,3,17-02-2019 PM 9:04:30
3,Oxidation,wet,1275.6055035,H2O,45.07,0.219,26,722.091,NOLSM841324,32,4,17-02-2019 PM 9:04:30
3,Oxidation,wet,1274.027776,H2O,45.1,0.22,27,720.444,NOLSM842325,32,5,17-02-2019 PM 9:04:30
3,Oxidation,wet,1269.4540033,H2O,44.96,0.217,24,706.242,NOLSM843326,32,6,17-02-2019 PM 9:04:30
3,Oxidation,wet,1273.6989079,H2O,44.9,0.216,23,712.373,NOLSM844327,32,7,17-02-2019 PM 9:04:30
3,Oxidation,wet,1272.2167336,H2O,45.16,0.214,21,710.456,NOLSM845328,32,8,17-02-2019 PM 9:04:30
3,Oxidation,wet,1280.6879731,H2O,45.19,0.214,21,708.586,NOLSM846329,32,9,17-02-2019 PM 9:04:30
3,Oxidation,wet,1275.1533489,H2O,45.08,0.215,22,712.936,NOLSM8473210,32,10,17-02-2019 PM 9:04:30
3,Oxidation,wet,1275.1825024,H2O,45.1,0.214,21,715.498,NOLSM8483211,32,11,17-02-2019 PM 9:04:30
1,Oxidation,wet,1268.1054265,H2O,45.07,0.215,22,707.179,NOLSM8493212,32,12,17-02-2019 PM 9:04:30
1,Oxidation,wet,1279.1605628,H2O,45.12,0.214,21,712.946,NOLSM8503213,32,13,17-02-2019 PM 9:04:30
1,Oxidation,wet,1272.8049479,H2O,45.34,0.213,20,711.987,NOLSM8513214,32,14,17-02-2019 PM 9:04:30
1,Oxidation,wet,1278.0970853,H2O,45.26,0.215,22,716.238,NOLSM8523215,32,15,17-02-2019 PM 9:04:30
