lithography_Chamber,Line_CD,Lamp,UV_type,Wavelength,Resolution,Energy_Exposure,No_Die,Lot_Num,Wafer_Num,Datetime
1,30.959,Hg-Arc,H,405,516.657,109.769,NOLSM111,1,1,17-02-2019 PM 9:04:30
2,29.653,Hg-Arc,H,405,501.894,107.102,NOLSM212,1,2,17-02-2019 PM 9:04:30
3,28.063,Hg-Arc,I,365,506.75,110.471,NOLSM313,1,3,17-02-2019 PM 9:04:30
1,31.556,Hg-Arc,I,365,537.603,107.072,NOLSM414,1,4,17-02-2019 PM 9:04:30
2,31.969,Hg-Arc,I,365,560.574,108.073,NOLSM515,1,5,17-02-2019 PM 9:04:30
3,51.096,Hg-Arc,H,405,500.892,106.951,NOLSM616,1,6,17-02-2019 PM 9:04:30
2,24.552,Hg-Arc,I,365,516.947,108.505,NOLSM717,1,7,17-02-2019 PM 9:04:30
3,33.839,Hg-Arc,G,436,492.095,106.183,NOLSM818,1,8,17-02-2019 PM 9:04:30
1,61.905,Hg-Arc,H,405,506.182,108.96,NOLSM919,1,9,17-02-2019 PM 9:04:30
2,41.35,Hg-Arc,H,405,499.553,109.605,NOLSM10110,1,10,17-02-2019 PM 9:04:30
3,54.613,Hg-Arc,G,436,525.22,107.543,NOLSM11111,1,11,17-02-2019 PM 9:04:30
1,31.272,Hg-Arc,G,436,488.636,111.101,NOLSM12112,1,12,17-02-2019 PM 9:04:30
2,23.663,Hg-Arc,H,405,478.444,107.19,NOLSM13113,1,13,17-02-2019 PM 9:04:30
3,27.333,Hg-Arc,G,436,516.803,110.24,NOLSM14114,1,14,17-02-2019 PM 9:04:30
1,16.467,Hg-Arc,H,405,529.182,109.976,NOLSM15115,1,15,17-02-2019 PM 9:04:30
2,43.554,Hg-Arc,H,405,472.687,110.358,NOLSM16116,1,16,17-02-2019 PM 9:04:30
3,41.893,Hg-Arc,I,365,561.777,107.42,NOLSM17117,1,17,17-02-2019 PM 9:04:30
1,30.437,Hg-Arc,I,365,523.658,108.685,NOLSM18118,1,18,17-02-2019 PM 9:04:30
2,61.431,Hg-Arc,H,405,514.519,106.424,NOLSM19119,1,19,17-02-2019 PM 9:04:30
3,47.652,Hg-Arc,H,405,534.147,109.963,NOLSM20120,1,20,17-02-2019 PM 9:04:30
1,28.492,Hg-Arc,I,365,499.558,109.557,NOLSM21121,1,21,17-02-2019 PM 9:04:30
2,38.292,Hg-Arc,G,436,537.389,107.999,NOLSM22122,1,22,17-02-2019 PM 9:04:30
3,52.821,Hg-Arc,I,365,532.275,109.351,NOLSM23123,1,23,17-02-2019 PM 9:04:30
1,37.522,Hg-Arc,H,405,514.823,108.116,NOLSM24124,1,24,17-02-2019 PM 9:04:30
2,27.664,Hg-Arc,G,436,494.166,111.283,NOLSM25125,1,25,17-02-2019 PM 9:04:30
3,49.36,Hg-Arc,G,436,533.105,106.293,NOLSM26126,1,26,17-02-2019 PM 9:04:30
1,40.752,Hg-Arc,G,436,518.976,109.532,NOLSM27127,1,27,17-02-2019 PM 9:04:30
2,43.579,Hg-Arc,H,405,472.853,106.798,NOLSM2821,2,1,17-02-2019 PM 9:04:30
3,44.797,Hg-Arc,G,436,534.455,109.373,NOLSM2922,2,2,17-02-2019 PM 9:04:30
1,42.474,Hg-Arc,G,436,541.607,107.068,NOLSM3023,2,3,17-02-2019 PM 9:04:30
3,46.074,Hg-Arc,H,405,542.378,107.179,NOLSM3124,2,4,17-02-2019 PM 9:04:30
1,63.17,Hg-Arc,H,405,510.897,108.38,NOLSM3225,2,5,17-02-2019 PM 9:04:30
3,34.847,Hg-Arc,H,405,518.154,106.26,NOLSM3326,2,6,17-02-2019 PM 9:04:30
1,34.181,Hg-Arc,H,405,541.412,111.001,NOLSM3427,2,7,17-02-2019 PM 9:04:30
2,24.236,Hg-Arc,G,436,520.185,107.77,NOLSM3528,2,8,17-02-2019 PM 9:04:30
3,64.634,Hg-Arc,I,365,495.864,108.077,NOLSM3629,2,9,17-02-2019 PM 9:04:30
1,34.175,Hg-Arc,G,436,546.682,108.891,NOLSM37210,2,10,17-02-2019 PM 9:04:30
2,43.434,Hg-Arc,G,436,501.061,106.848,NOLSM38211,2,11,17-02-2019 PM 9:04:30
3,43.808,Hg-Arc,H,405,539.401,108.757,NOLSM39212,2,12,17-02-2019 PM 9:04:30
1,50.402,Hg-Arc,H,405,503.268,107.918,NOLSM40213,2,13,17-02-2019 PM 9:04:30
2,59.605,Hg-Arc,G,436,550.733,107.356,NOLSM41214,2,14,17-02-2019 PM 9:04:30
3,50.867,Hg-Arc,G,436,509.452,107.074,NOLSM42215,2,15,17-02-2019 PM 9:04:30
1,30.188,Hg-Arc,I,365,536.552,109.892,NOLSM43216,2,16,17-02-2019 PM 9:04:30
2,51.146,Hg-Arc,G,436,516.135,108.357,NOLSM44217,2,17,17-02-2019 PM 9:04:30
3,51.079,Hg-Arc,G,436,540.772,108.067,NOLSM45218,2,18,17-02-2019 PM 9:04:30
1,34.118,Hg-Arc,G,436,556.889,107.878,NOLSM46219,2,19,17-02-2019 PM 9:04:30
2,29.099,Hg-Arc,G,436,533.306,108.546,NOLSM47220,2,20,17-02-2019 PM 9:04:30
3,58.236,Hg-Arc,H,405,518.361,109.099,NOLSM48221,2,21,17-02-2019 PM 9:04:30
1,50.242,Hg-Arc,H,405,511.164,107.421,NOLSM49222,2,22,17-02-2019 PM 9:04:30
2,48.317,Hg-Arc,G,436,534.801,108.139,NOLSM50223,2,23,17-02-2019 PM 9:04:30
3,47.379,Hg-Arc,I,365,500.101,108.25,NOLSM51224,2,24,17-02-2019 PM 9:04:30
1,49.091,Hg-Arc,G,436,511.047,109.34,NOLSM52225,2,25,17-02-2019 PM 9:04:30
2,41.355,Hg-Arc,I,365,522.118,108.789,NOLSM53226,2,26,17-02-2019 PM 9:04:30
3,46.285,Hg-Arc,G,436,499.689,107.465,NOLSM54227,2,27,17-02-2019 PM 9:04:30
1,50.959,Hg-Arc,G,436,472.77,106.535,NOLSM5531,3,1,17-02-2019 PM 9:04:30
2,19.489,Hg-Arc,I,365,482.452,105.898,NOLSM5632,3,2,17-02-2019 PM 9:04:30
3,37.595,Hg-Arc,H,405,543.115,109.933,NOLSM5733,3,3,17-02-2019 PM 9:04:30
2,57.632,Hg-Arc,H,405,512.14,109.163,NOLSM5834,3,4,17-02-2019 PM 9:04:30
3,32.502,Hg-Arc,I,365,543.874,108.191,NOLSM5935,3,5,17-02-2019 PM 9:04:30
1,35.409,Hg-Arc,G,436,524.282,107.729,NOLSM6036,3,6,17-02-2019 PM 9:04:30
2,34.851,Hg-Arc,G,436,508.594,106.532,NOLSM6137,3,7,17-02-2019 PM 9:04:30
3,61.732,Hg-Arc,H,405,524.493,108.888,NOLSM6238,3,8,17-02-2019 PM 9:04:30
2,35.644,Hg-Arc,H,405,514.515,107.198,NOLSM6339,3,9,17-02-2019 PM 9:04:30
3,54.002,Hg-Arc,G,436,510.573,106.878,NOLSM64310,3,10,17-02-2019 PM 9:04:30
1,63.039,Hg-Arc,G,436,520.438,110.255,NOLSM65311,3,11,17-02-2019 PM 9:04:30
2,32.483,Hg-Arc,H,405,510.172,107.626,NOLSM66312,3,12,17-02-2019 PM 9:04:30
3,53.019,Hg-Arc,H,405,461.128,108.465,NOLSM67313,3,13,17-02-2019 PM 9:04:30
1,42.139,Hg-Arc,H,405,508.149,109.544,NOLSM68314,3,14,17-02-2019 PM 9:04:30
3,26.621,Hg-Arc,G,436,524.401,107.535,NOLSM69315,3,15,17-02-2019 PM 9:04:30
1,45.388,Hg-Arc,I,365,499.581,108.73,NOLSM70316,3,16,17-02-2019 PM 9:04:30
2,33.597,Hg-Arc,H,405,527.63,108.659,NOLSM71317,3,17,17-02-2019 PM 9:04:30
3,48.717,Hg-Arc,I,365,545.807,108.75,NOLSM72318,3,18,17-02-2019 PM 9:04:30
1,36.431,Hg-Arc,G,436,549.985,110.406,NOLSM73319,3,19,17-02-2019 PM 9:04:30
3,52.151,Hg-Arc,G,436,496.8,109.647,NOLSM74320,3,20,17-02-2019 PM 9:04:30
1,48.202,Hg-Arc,G,436,496.772,105.679,NOLSM75321,3,21,17-02-2019 PM 9:04:30
3,63.105,Hg-Arc,I,365,511.754,106.842,NOLSM76322,3,22,17-02-2019 PM 9:04:30
1,54.202,Hg-Arc,I,365,517.116,109.774,NOLSM77323,3,23,17-02-2019 PM 9:04:30
2,44.627,Hg-Arc,G,436,504.57,110.116,NOLSM78324,3,24,17-02-2019 PM 9:04:30
3,53.589,Hg-Arc,H,405,493.32,110.347,NOLSM79325,3,25,17-02-2019 PM 9:04:30
1,38.084,Hg-Arc,H,405,551.658,109.48,NOLSM80326,3,26,17-02-2019 PM 9:04:30
2,37.861,Hg-Arc,H,405,496.671,108.417,NOLSM81327,3,27,17-02-2019 PM 9:04:30
3,53.342,Hg-Arc,H,405,505.765,110.496,NOLSM8241,4,1,17-02-2019 PM 9:04:30
1,31.877,Hg-Arc,H,405,561.132,106.356,NOLSM8342,4,2,17-02-2019 PM 9:04:30
2,34.537,Hg-Arc,G,436,498.878,107.259,NOLSM8443,4,3,17-02-2019 PM 9:04:30
3,40.392,Hg-Arc,H,405,530.042,107.832,NOLSM8544,4,4,17-02-2019 PM 9:04:30
1,55.102,Hg-Arc,H,405,523.904,104.924,NOLSM8645,4,5,17-02-2019 PM 9:04:30
2,42.673,Hg-Arc,H,405,519.77,108.385,NOLSM8746,4,6,17-02-2019 PM 9:04:30
3,39.994,Hg-Arc,I,365,573.108,107.338,NOLSM8847,4,7,17-02-2019 PM 9:04:30
2,53.953,Hg-Arc,G,436,510.206,106.294,NOLSM8948,4,8,17-02-2019 PM 9:04:30
3,39.513,Hg-Arc,H,405,528.284,110.137,NOLSM9049,4,9,17-02-2019 PM 9:04:30
1,60.292,Hg-Arc,H,405,499.72,105.615,NOLSM91410,4,10,17-02-2019 PM 9:04:30
2,39.894,Hg-Arc,G,436,478.819,109.143,NOLSM92411,4,11,17-02-2019 PM 9:04:30
3,46.067,Hg-Arc,I,365,493.601,107.349,NOLSM93412,4,12,17-02-2019 PM 9:04:30
1,39.017,Hg-Arc,H,405,502.903,106.812,NOLSM94413,4,13,17-02-2019 PM 9:04:30
2,53.58,Hg-Arc,H,405,536.199,105.884,NOLSM95414,4,14,17-02-2019 PM 9:04:30
3,22.465,Hg-Arc,H,405,489.102,110.385,NOLSM96415,4,15,17-02-2019 PM 9:04:30
1,57.174,Hg-Arc,I,365,538.272,107.553,NOLSM97416,4,16,17-02-2019 PM 9:04:30
3,31.144,Hg-Arc,G,436,491.954,108.461,NOLSM98417,4,17,17-02-2019 PM 9:04:30
1,53.63,Hg-Arc,H,405,489.477,106.659,NOLSM99418,4,18,17-02-2019 PM 9:04:30
2,38.097,Hg-Arc,H,405,507.892,108.504,NOLSM100419,4,19,17-02-2019 PM 9:04:30
3,35.821,Hg-Arc,G,436,506.668,109.795,NOLSM101420,4,20,17-02-2019 PM 9:04:30
1,49.151,Hg-Arc,I,365,519.983,106.731,NOLSM102421,4,21,17-02-2019 PM 9:04:30
2,35.215,Hg-Arc,H,405,538.703,109.041,NOLSM103422,4,22,17-02-2019 PM 9:04:30
3,48.353,Hg-Arc,G,436,545.009,109.881,NOLSM104423,4,23,17-02-2019 PM 9:04:30
2,41.355,Hg-Arc,G,436,510.479,105.87,NOLSM105424,4,24,17-02-2019 PM 9:04:30
3,40.31,Hg-Arc,G,436,520.21,107.258,NOLSM106425,4,25,17-02-2019 PM 9:04:30
1,37.515,Hg-Arc,I,365,492.446,108.763,NOLSM107426,4,26,17-02-2019 PM 9:04:30
2,46.075,Hg-Arc,G,436,494.534,109.104,NOLSM108427,4,27,17-02-2019 PM 9:04:30
3,23.208,Hg-Arc,G,436,518.141,111.269,NOLSM10951,5,1,17-02-2019 PM 9:04:30
2,54.338,Hg-Arc,I,365,503.62,109.516,NOLSM11052,5,2,17-02-2019 PM 9:04:30
3,21.793,Hg-Arc,I,365,577.168,108.003,NOLSM11153,5,3,17-02-2019 PM 9:04:30
1,44.624,Hg-Arc,G,436,533.649,107.582,NOLSM11254,5,4,17-02-2019 PM 9:04:30
2,47.453,Hg-Arc,H,405,518.448,107.283,NOLSM11355,5,5,17-02-2019 PM 9:04:30
3,27.299,Hg-Arc,I,365,520.567,106.797,NOLSM11456,5,6,17-02-2019 PM 9:04:30
1,33.684,Hg-Arc,I,365,500.336,108.757,NOLSM11557,5,7,17-02-2019 PM 9:04:30
2,54.952,Hg-Arc,I,365,489.645,107.222,NOLSM11658,5,8,17-02-2019 PM 9:04:30
3,56.691,Hg-Arc,H,405,498.478,109.438,NOLSM11759,5,9,17-02-2019 PM 9:04:30
1,40.55,Hg-Arc,G,436,548.142,108.609,NOLSM118510,5,10,17-02-2019 PM 9:04:30
2,63.703,Hg-Arc,I,365,508.108,108.03,NOLSM119511,5,11,17-02-2019 PM 9:04:30
3,45.908,Hg-Arc,I,365,495.644,110.294,NOLSM120512,5,12,17-02-2019 PM 9:04:30
1,32.526,Hg-Arc,H,405,513.586,104.707,NOLSM121513,5,13,17-02-2019 PM 9:04:30
2,28.975,Hg-Arc,G,436,528.057,108.473,NOLSM122514,5,14,17-02-2019 PM 9:04:30
3,30.132,Hg-Arc,I,365,505.191,108.774,NOLSM123515,5,15,17-02-2019 PM 9:04:30
1,47.893,Hg-Arc,H,405,513.879,106.167,NOLSM124516,5,16,17-02-2019 PM 9:04:30
2,53.539,Hg-Arc,I,365,541.012,107.664,NOLSM125517,5,17,17-02-2019 PM 9:04:30
3,49.319,Hg-Arc,I,365,502.299,107.25,NOLSM126518,5,18,17-02-2019 PM 9:04:30
1,56.109,Hg-Arc,I,365,496.44,108.236,NOLSM127519,5,19,17-02-2019 PM 9:04:30
2,14.844,Hg-Arc,H,405,523.143,105.975,NOLSM128520,5,20,17-02-2019 PM 9:04:30
3,45.605,Hg-Arc,I,365,535.391,108.121,NOLSM129521,5,21,17-02-2019 PM 9:04:30
1,29.622,Hg-Arc,H,405,582.878,109.443,NOLSM130522,5,22,17-02-2019 PM 9:04:30
2,23.274,Hg-Arc,H,405,526.716,105.333,NOLSM131523,5,23,17-02-2019 PM 9:04:30
3,46.035,Hg-Arc,G,436,492.66,109.224,NOLSM132524,5,24,17-02-2019 PM 9:04:30
1,41.096,Hg-Arc,H,405,523.452,106.604,NOLSM133525,5,25,17-02-2019 PM 9:04:30
2,33.021,Hg-Arc,I,365,514.377,108.223,NOLSM134526,5,26,17-02-2019 PM 9:04:30
3,30.746,Hg-Arc,G,436,522.227,106.178,NOLSM135527,5,27,17-02-2019 PM 9:04:30
1,51.045,Hg-Arc,I,365,536.793,107.575,NOLSM13661,6,1,17-02-2019 PM 9:04:30
2,59.607,Hg-Arc,H,405,495.138,107.421,NOLSM13762,6,2,17-02-2019 PM 9:04:30
3,37.382,Hg-Arc,I,365,492.349,106.902,NOLSM13863,6,3,17-02-2019 PM 9:04:30
1,35.856,Hg-Arc,I,365,549.509,108.781,NOLSM13964,6,4,17-02-2019 PM 9:04:30
2,40.635,Hg-Arc,G,436,507.58,104.691,NOLSM14065,6,5,17-02-2019 PM 9:04:30
3,48.011,Hg-Arc,G,436,517.508,107.628,NOLSM14166,6,6,17-02-2019 PM 9:04:30
1,57.117,Hg-Arc,G,436,521.413,108.063,NOLSM14267,6,7,17-02-2019 PM 9:04:30
2,39.188,Hg-Arc,I,365,522.262,107.057,NOLSM14368,6,8,17-02-2019 PM 9:04:30
3,45.88,Hg-Arc,G,436,483.277,108.275,NOLSM14469,6,9,17-02-2019 PM 9:04:30
1,51.169,Hg-Arc,H,405,530.076,110.154,NOLSM145610,6,10,17-02-2019 PM 9:04:30
2,46.793,Hg-Arc,G,436,528.894,104.87,NOLSM146611,6,11,17-02-2019 PM 9:04:30
3,50.69,Hg-Arc,H,405,454.442,107.687,NOLSM147612,6,12,17-02-2019 PM 9:04:30
1,6.197,Hg-Arc,H,405,490.508,109.468,NOLSM148613,6,13,17-02-2019 PM 9:04:30
2,53.823,Hg-Arc,G,436,528.768,110.415,NOLSM149614,6,14,17-02-2019 PM 9:04:30
3,45.692,Hg-Arc,I,365,509.816,108.946,NOLSM150615,6,15,17-02-2019 PM 9:04:30
1,37.213,Hg-Arc,G,436,509.415,107.561,NOLSM151616,6,16,17-02-2019 PM 9:04:30
2,47.187,Hg-Arc,H,405,516.877,109.055,NOLSM152617,6,17,17-02-2019 PM 9:04:30
3,33.933,Hg-Arc,G,436,537.942,109.296,NOLSM153618,6,18,17-02-2019 PM 9:04:30
1,31.45,Hg-Arc,G,436,528.79,107.562,NOLSM154619,6,19,17-02-2019 PM 9:04:30
2,33.772,Hg-Arc,G,436,524.495,109.621,NOLSM155620,6,20,17-02-2019 PM 9:04:30
3,33.146,Hg-Arc,H,405,554.141,106.551,NOLSM156621,6,21,17-02-2019 PM 9:04:30
2,47.645,Hg-Arc,H,405,505.045,107.389,NOLSM157622,6,22,17-02-2019 PM 9:04:30
3,56.532,Hg-Arc,G,436,511.826,108.456,NOLSM158623,6,23,17-02-2019 PM 9:04:30
1,68.056,Hg-Arc,G,436,500.912,107.193,NOLSM159624,6,24,17-02-2019 PM 9:04:30
2,43.378,Hg-Arc,H,405,542.537,108.586,NOLSM160625,6,25,17-02-2019 PM 9:04:30
3,26.238,Hg-Arc,H,405,526.796,109.346,NOLSM161626,6,26,17-02-2019 PM 9:04:30
1,55.854,Hg-Arc,H,405,517.972,107.295,NOLSM162627,6,27,17-02-2019 PM 9:04:30
2,36.797,Hg-Arc,H,405,517.864,105.323,NOLSM16371,7,1,17-02-2019 PM 9:04:30
3,51.17,Hg-Arc,I,365,483.867,106.947,NOLSM16472,7,2,17-02-2019 PM 9:04:30
1,41.177,Hg-Arc,G,436,516.912,106.861,NOLSM16573,7,3,17-02-2019 PM 9:04:30
2,35.781,Hg-Arc,H,405,489.751,105.888,NOLSM16674,7,4,17-02-2019 PM 9:04:30
3,41.965,Hg-Arc,H,405,523.853,105.717,NOLSM16775,7,5,17-02-2019 PM 9:04:30
1,35.574,Hg-Arc,H,405,490.915,109.575,NOLSM16876,7,6,17-02-2019 PM 9:04:30
2,32.462,Hg-Arc,I,365,547.14,109.492,NOLSM16977,7,7,17-02-2019 PM 9:04:30
3,56.549,Hg-Arc,H,405,541.991,107.625,NOLSM17078,7,8,17-02-2019 PM 9:04:30
1,42.664,Hg-Arc,I,365,483.197,111.116,NOLSM17179,7,9,17-02-2019 PM 9:04:30
2,46.774,Hg-Arc,H,405,529.58,107.433,NOLSM172710,7,10,17-02-2019 PM 9:04:30
1,33.609,Hg-Arc,H,405,500.199,107.786,NOLSM173711,7,11,17-02-2019 PM 9:04:30
2,39.549,Hg-Arc,I,365,504.607,108.511,NOLSM174712,7,12,17-02-2019 PM 9:04:30
3,36.083,Hg-Arc,I,365,481.768,106.239,NOLSM175713,7,13,17-02-2019 PM 9:04:30
1,44.608,Hg-Arc,H,405,533.321,107.513,NOLSM176714,7,14,17-02-2019 PM 9:04:30
3,42.265,Hg-Arc,G,436,513.857,106.96,NOLSM177715,7,15,17-02-2019 PM 9:04:30
1,58.485,Hg-Arc,H,405,490.119,107.934,NOLSM178716,7,16,17-02-2019 PM 9:04:30
3,40.862,Hg-Arc,I,365,512.337,109.647,NOLSM179717,7,17,17-02-2019 PM 9:04:30
1,12.635,Hg-Arc,G,436,507.826,103.407,NOLSM180718,7,18,17-02-2019 PM 9:04:30
2,39.491,Hg-Arc,I,365,498.218,107.116,NOLSM181719,7,19,17-02-2019 PM 9:04:30
3,40.003,Hg-Arc,H,405,486.925,108.228,NOLSM182720,7,20,17-02-2019 PM 9:04:30
1,48.496,Hg-Arc,G,436,478.867,108.068,NOLSM183721,7,21,17-02-2019 PM 9:04:30
2,60.983,Hg-Arc,I,365,524.896,108.843,NOLSM184722,7,22,17-02-2019 PM 9:04:30
3,46.862,Hg-Arc,I,365,504.806,108.156,NOLSM185723,7,23,17-02-2019 PM 9:04:30
1,41.583,Hg-Arc,I,365,548.78,107.644,NOLSM186724,7,24,17-02-2019 PM 9:04:30
2,38.5,Hg-Arc,H,405,512.505,107.739,NOLSM187725,7,25,17-02-2019 PM 9:04:30
3,34.302,Hg-Arc,I,365,539.554,106.868,NOLSM188726,7,26,17-02-2019 PM 9:04:30
1,42.127,Hg-Arc,I,365,494.199,109.12,NOLSM189727,7,27,17-02-2019 PM 9:04:30
2,47.002,Hg-Arc,G,436,561.787,107.763,NOLSM19081,8,1,17-02-2019 PM 9:04:30
3,33.488,Hg-Arc,I,365,517.433,109.42,NOLSM19182,8,2,17-02-2019 PM 9:04:30
1,41.141,Hg-Arc,I,365,501.93,106.093,NOLSM19283,8,3,17-02-2019 PM 9:04:30
2,17.674,Hg-Arc,H,405,496.14,107.139,NOLSM19384,8,4,17-02-2019 PM 9:04:30
3,32.638,Hg-Arc,H,405,502.919,107.975,NOLSM19485,8,5,17-02-2019 PM 9:04:30
1,38.117,Hg-Arc,H,405,515.126,108.196,NOLSM19586,8,6,17-02-2019 PM 9:04:30
2,51.562,Hg-Arc,I,365,493.986,110.285,NOLSM19687,8,7,17-02-2019 PM 9:04:30
3,62.295,Hg-Arc,I,365,516.22,108.112,NOLSM19788,8,8,17-02-2019 PM 9:04:30
1,25.349,Hg-Arc,G,436,501.722,109.607,NOLSM19889,8,9,17-02-2019 PM 9:04:30
2,41.313,Hg-Arc,H,405,523.504,104.712,NOLSM199810,8,10,17-02-2019 PM 9:04:30
3,44.48,Hg-Arc,H,405,534.419,109.304,NOLSM200811,8,11,17-02-2019 PM 9:04:30
1,54.595,Hg-Arc,G,436,540.067,106.494,NOLSM201812,8,12,17-02-2019 PM 9:04:30
2,38.862,Hg-Arc,G,436,547.004,107.442,NOLSM202813,8,13,17-02-2019 PM 9:04:30
3,50.672,Hg-Arc,I,365,517.648,107.582,NOLSM203814,8,14,17-02-2019 PM 9:04:30
1,40.704,Hg-Arc,G,436,521.522,108.033,NOLSM204815,8,15,17-02-2019 PM 9:04:30
3,54.497,Hg-Arc,H,405,524.248,107.738,NOLSM205816,8,16,17-02-2019 PM 9:04:30
1,44.973,Hg-Arc,G,436,536.493,108.19,NOLSM206817,8,17,17-02-2019 PM 9:04:30
2,46.204,Hg-Arc,I,365,518.728,105.775,NOLSM207818,8,18,17-02-2019 PM 9:04:30
3,36.332,Hg-Arc,G,436,509.585,107.265,NOLSM208819,8,19,17-02-2019 PM 9:04:30
1,35.481,Hg-Arc,G,436,509.365,106.466,NOLSM209820,8,20,17-02-2019 PM 9:04:30
3,35.155,Hg-Arc,I,365,462.733,107.413,NOLSM210821,8,21,17-02-2019 PM 9:04:30
1,52.371,Hg-Arc,H,405,508.484,110.106,NOLSM211822,8,22,17-02-2019 PM 9:04:30
2,56.286,Hg-Arc,H,405,512.801,107.542,NOLSM212823,8,23,17-02-2019 PM 9:04:30
3,46.062,Hg-Arc,G,436,526.065,108.374,NOLSM213824,8,24,17-02-2019 PM 9:04:30
1,57.38,Hg-Arc,H,405,566.582,107.714,NOLSM214825,8,25,17-02-2019 PM 9:04:30
2,55.931,Hg-Arc,H,405,517.039,109.633,NOLSM215826,8,26,17-02-2019 PM 9:04:30
3,45.616,Hg-Arc,G,436,532.286,110.366,NOLSM216827,8,27,17-02-2019 PM 9:04:30
1,36.677,Hg-Arc,H,405,516.539,108.451,NOLSM21791,9,1,17-02-2019 PM 9:04:30
2,38.872,Hg-Arc,H,405,514.981,108.11,NOLSM21892,9,2,17-02-2019 PM 9:04:30
3,37.774,Hg-Arc,I,365,531.362,107.916,NOLSM21993,9,3,17-02-2019 PM 9:04:30
1,32.526,Hg-Arc,G,436,505.873,106.326,NOLSM22094,9,4,17-02-2019 PM 9:04:30
2,44.015,Hg-Arc,G,436,522.623,108.139,NOLSM22195,9,5,17-02-2019 PM 9:04:30
3,53.602,Hg-Arc,G,436,515.357,109.81,NOLSM22296,9,6,17-02-2019 PM 9:04:30
1,27.048,Hg-Arc,G,436,473.289,109.915,NOLSM22397,9,7,17-02-2019 PM 9:04:30
3,39.324,Hg-Arc,G,436,521.735,106.117,NOLSM22498,9,8,17-02-2019 PM 9:04:30
1,39.92,Hg-Arc,H,405,551.343,108.192,NOLSM22599,9,9,17-02-2019 PM 9:04:30
2,42.219,Hg-Arc,I,365,567.679,108.401,NOLSM226910,9,10,17-02-2019 PM 9:04:30
3,42.606,Hg-Arc,H,405,539.304,106.154,NOLSM227911,9,11,17-02-2019 PM 9:04:30
1,52.749,Hg-Arc,I,365,527.721,108.309,NOLSM228912,9,12,17-02-2019 PM 9:04:30
2,43.085,Hg-Arc,G,436,543.492,110.247,NOLSM229913,9,13,17-02-2019 PM 9:04:30
3,41.051,Hg-Arc,I,365,526.931,108.188,NOLSM230914,9,14,17-02-2019 PM 9:04:30
1,8.101,Hg-Arc,G,436,518.953,104.841,NOLSM231915,9,15,17-02-2019 PM 9:04:30
2,37.621,Hg-Arc,I,365,506.438,108.554,NOLSM232916,9,16,17-02-2019 PM 9:04:30
3,29.674,Hg-Arc,I,365,522.334,110.295,NOLSM233917,9,17,17-02-2019 PM 9:04:30
1,23.908,Hg-Arc,I,365,559.406,105.773,NOLSM234918,9,18,17-02-2019 PM 9:04:30
2,45.092,Hg-Arc,G,436,536.702,108.011,NOLSM235919,9,19,17-02-2019 PM 9:04:30
3,47.213,Hg-Arc,I,365,505.439,106.893,NOLSM236920,9,20,17-02-2019 PM 9:04:30
1,34.189,Hg-Arc,H,405,539.84,108.305,NOLSM237921,9,21,17-02-2019 PM 9:04:30
2,29.479,Hg-Arc,I,365,514.096,108.048,NOLSM238922,9,22,17-02-2019 PM 9:04:30
3,41.357,Hg-Arc,G,436,491.845,106.955,NOLSM239923,9,23,17-02-2019 PM 9:04:30
2,33.765,Hg-Arc,G,436,497.538,106.38,NOLSM240924,9,24,17-02-2019 PM 9:04:30
3,30.109,Hg-Arc,G,436,521.898,108.368,NOLSM241925,9,25,17-02-2019 PM 9:04:30
1,76.265,Hg-Arc,H,405,495.546,109.119,NOLSM242926,9,26,17-02-2019 PM 9:04:30
2,35.639,Hg-Arc,G,436,522.312,105.299,NOLSM243927,9,27,17-02-2019 PM 9:04:30
3,26.432,Hg-Arc,I,365,509.749,107.158,NOLSM244101,10,1,17-02-2019 PM 9:04:30
1,54.979,Hg-Arc,H,405,522.991,105.169,NOLSM245102,10,2,17-02-2019 PM 9:04:30
2,55.422,Hg-Arc,I,365,508.516,108.184,NOLSM246103,10,3,17-02-2019 PM 9:04:30
3,29.244,Hg-Arc,G,436,547.841,108.25,NOLSM247104,10,4,17-02-2019 PM 9:04:30
1,50.394,Hg-Arc,I,365,547.035,107.931,NOLSM248105,10,5,17-02-2019 PM 9:04:30
3,51.27,Hg-Arc,G,436,520.716,110.015,NOLSM249106,10,6,17-02-2019 PM 9:04:30
1,51.851,Hg-Arc,H,405,541.92,108.137,NOLSM250107,10,7,17-02-2019 PM 9:04:30
2,38.047,Hg-Arc,G,436,463.791,109.986,NOLSM251108,10,8,17-02-2019 PM 9:04:30
3,37.215,Hg-Arc,I,365,487.721,107.267,NOLSM252109,10,9,17-02-2019 PM 9:04:30
1,51.577,Hg-Arc,G,436,479.551,108.604,NOLSM2531010,10,10,17-02-2019 PM 9:04:30
3,27.992,Hg-Arc,G,436,512.787,106.226,NOLSM2541011,10,11,17-02-2019 PM 9:04:30
2,36.035,Hg-Arc,I,365,506.585,108.335,NOLSM2551012,10,12,17-02-2019 PM 9:04:30
3,31.509,Hg-Arc,G,436,536.321,107.524,NOLSM2561013,10,13,17-02-2019 PM 9:04:30
1,28.607,Hg-Arc,H,405,527.475,109.189,NOLSM2571014,10,14,17-02-2019 PM 9:04:30
2,73.546,Hg-Arc,G,436,543.897,106.833,NOLSM2581015,10,15,17-02-2019 PM 9:04:30
3,32.665,Hg-Arc,G,436,499.615,108.84,NOLSM2591016,10,16,17-02-2019 PM 9:04:30
1,41.314,Hg-Arc,H,405,515.713,107.707,NOLSM2601017,10,17,17-02-2019 PM 9:04:30
2,42.035,Hg-Arc,I,365,546.76,106.076,NOLSM2611018,10,18,17-02-2019 PM 9:04:30
3,49.29,Hg-Arc,I,365,509.17,106.669,NOLSM2621019,10,19,17-02-2019 PM 9:04:30
1,42.863,Hg-Arc,G,436,549.22,108.891,NOLSM2631020,10,20,17-02-2019 PM 9:04:30
2,35.661,Hg-Arc,H,405,541.521,107.139,NOLSM2641021,10,21,17-02-2019 PM 9:04:30
3,47.221,Hg-Arc,I,365,488.418,108.545,NOLSM2651022,10,22,17-02-2019 PM 9:04:30
1,27.843,Hg-Arc,I,365,509.296,105.783,NOLSM2661023,10,23,17-02-2019 PM 9:04:30
2,49.763,Hg-Arc,G,436,483.359,108.489,NOLSM2671024,10,24,17-02-2019 PM 9:04:30
3,53.987,Hg-Arc,H,405,467.615,107.491,NOLSM2681025,10,25,17-02-2019 PM 9:04:30
1,44.442,Hg-Arc,H,405,522.505,108.651,NOLSM2691026,10,26,17-02-2019 PM 9:04:30
2,37.182,Hg-Arc,I,365,506.664,106.635,NOLSM2701027,10,27,17-02-2019 PM 9:04:30
3,53.526,Hg-Arc,I,365,542.894,107.902,NOLSM271111,11,1,17-02-2019 PM 9:04:30
1,48.212,Hg-Arc,I,365,508.51,105.12,NOLSM272112,11,2,17-02-2019 PM 9:04:30
2,46.978,Hg-Arc,G,436,506.444,108.97,NOLSM273113,11,3,17-02-2019 PM 9:04:30
3,42.556,Hg-Arc,H,405,508.79,109.151,NOLSM274114,11,4,17-02-2019 PM 9:04:30
1,38.38,Hg-Arc,G,436,524.177,108.534,NOLSM275115,11,5,17-02-2019 PM 9:04:30
2,25.99,Hg-Arc,G,436,534.804,106.888,NOLSM276116,11,6,17-02-2019 PM 9:04:30
3,65.839,Hg-Arc,G,436,534.333,106.351,NOLSM277117,11,7,17-02-2019 PM 9:04:30
1,60.483,Hg-Arc,I,365,498.167,107.404,NOLSM278118,11,8,17-02-2019 PM 9:04:30
2,28.979,Hg-Arc,G,436,537.426,109.393,NOLSM279119,11,9,17-02-2019 PM 9:04:30
3,37.104,Hg-Arc,G,436,493.509,108.848,NOLSM2801110,11,10,17-02-2019 PM 9:04:30
1,46.509,Hg-Arc,G,436,539.552,109.177,NOLSM2811111,11,11,17-02-2019 PM 9:04:30
2,43.753,Hg-Arc,G,436,517.583,110.892,NOLSM2821112,11,12,17-02-2019 PM 9:04:30
3,58.4,Hg-Arc,I,365,487.158,107.998,NOLSM2831113,11,13,17-02-2019 PM 9:04:30
1,45.592,Hg-Arc,I,365,524.503,109.333,NOLSM2841114,11,14,17-02-2019 PM 9:04:30
2,47.68,Hg-Arc,H,405,490.725,108.962,NOLSM2851115,11,15,17-02-2019 PM 9:04:30
3,39.839,Hg-Arc,I,365,527.02,109.077,NOLSM2861116,11,16,17-02-2019 PM 9:04:30
1,27.638,Hg-Arc,H,405,539.192,110.508,NOLSM2871117,11,17,17-02-2019 PM 9:04:30
2,30.322,Hg-Arc,I,365,539.812,106.617,NOLSM2881118,11,18,17-02-2019 PM 9:04:30
3,45.983,Hg-Arc,H,405,500.071,107.785,NOLSM2891119,11,19,17-02-2019 PM 9:04:30
1,56.112,Hg-Arc,I,365,507.95,108.475,NOLSM2901120,11,20,17-02-2019 PM 9:04:30
2,50.79,Hg-Arc,I,365,527.145,106.434,NOLSM2911121,11,21,17-02-2019 PM 9:04:30
3,47.355,Hg-Arc,I,365,510.544,109.542,NOLSM2921122,11,22,17-02-2019 PM 9:04:30
1,18.067,Hg-Arc,I,365,545.635,108.637,NOLSM2931123,11,23,17-02-2019 PM 9:04:30
3,40.82,Hg-Arc,H,405,513.115,107.708,NOLSM2941124,11,24,17-02-2019 PM 9:04:30
1,34.1,Hg-Arc,G,436,507.65,107.986,NOLSM2951125,11,25,17-02-2019 PM 9:04:30
2,45.621,Hg-Arc,I,365,550.249,108.288,NOLSM2961126,11,26,17-02-2019 PM 9:04:30
3,55.477,Hg-Arc,H,405,513.69,109.019,NOLSM2971127,11,27,17-02-2019 PM 9:04:30
1,41.736,Hg-Arc,G,436,491.54,107.128,NOLSM298121,12,1,17-02-2019 PM 9:04:30
3,41.161,Hg-Arc,H,405,485.58,107.948,NOLSM299122,12,2,17-02-2019 PM 9:04:30
1,45.332,Hg-Arc,I,365,491.681,106.757,NOLSM300123,12,3,17-02-2019 PM 9:04:30
2,42.471,Hg-Arc,I,365,522.076,111.245,NOLSM301124,12,4,17-02-2019 PM 9:04:30
3,49.083,Hg-Arc,G,436,459.566,107.687,NOLSM302125,12,5,17-02-2019 PM 9:04:30
1,49.974,Hg-Arc,G,436,537.539,105.516,NOLSM303126,12,6,17-02-2019 PM 9:04:30
2,43.981,Hg-Arc,G,436,531,109.16,NOLSM304127,12,7,17-02-2019 PM 9:04:30
3,51.177,Hg-Arc,G,436,507.591,105.355,NOLSM305128,12,8,17-02-2019 PM 9:04:30
1,37.43,Hg-Arc,I,365,511.038,105.919,NOLSM306129,12,9,17-02-2019 PM 9:04:30
2,36.584,Hg-Arc,G,436,526.47,107.959,NOLSM3071210,12,10,17-02-2019 PM 9:04:30
3,37.552,Hg-Arc,H,405,506.096,105.545,NOLSM3081211,12,11,17-02-2019 PM 9:04:30
1,29.309,Hg-Arc,I,365,506.667,106.702,NOLSM3091212,12,12,17-02-2019 PM 9:04:30
2,30.279,Hg-Arc,H,405,519.881,106.815,NOLSM3101213,12,13,17-02-2019 PM 9:04:30
1,45.892,Hg-Arc,I,365,527.932,106.282,NOLSM3111214,12,14,17-02-2019 PM 9:04:30
2,65.823,Hg-Arc,H,405,520.804,105.95,NOLSM3121215,12,15,17-02-2019 PM 9:04:30
3,57.72,Hg-Arc,G,436,502.315,109.019,NOLSM3131216,12,16,17-02-2019 PM 9:04:30
1,55.55,Hg-Arc,I,365,495.916,108.102,NOLSM3141217,12,17,17-02-2019 PM 9:04:30
2,44.226,Hg-Arc,G,436,543.174,107.308,NOLSM3151218,12,18,17-02-2019 PM 9:04:30
3,40.441,Hg-Arc,G,436,548.068,108.873,NOLSM3161219,12,19,17-02-2019 PM 9:04:30
1,38.767,Hg-Arc,H,405,522.04,106.626,NOLSM3171220,12,20,17-02-2019 PM 9:04:30
2,35.101,Hg-Arc,G,436,536.467,106.338,NOLSM3181221,12,21,17-02-2019 PM 9:04:30
3,45.415,Hg-Arc,H,405,529.092,109.39,NOLSM3191222,12,22,17-02-2019 PM 9:04:30
1,30.468,Hg-Arc,G,436,551.646,108.471,NOLSM3201223,12,23,17-02-2019 PM 9:04:30
2,44.727,Hg-Arc,H,405,502.298,107.983,NOLSM3211224,12,24,17-02-2019 PM 9:04:30
3,47.106,Hg-Arc,H,405,531.463,110.232,NOLSM3221225,12,25,17-02-2019 PM 9:04:30
1,21.01,Hg-Arc,I,365,505.352,107.184,NOLSM3231226,12,26,17-02-2019 PM 9:04:30
2,38.434,Hg-Arc,I,365,513.177,108.535,NOLSM3241227,12,27,17-02-2019 PM 9:04:30
3,41.676,Hg-Arc,I,365,505.388,109.628,NOLSM325131,13,1,17-02-2019 PM 9:04:30
1,53.612,Hg-Arc,H,405,541.732,104.917,NOLSM326132,13,2,17-02-2019 PM 9:04:30
2,47.598,Hg-Arc,I,365,532.2,106.632,NOLSM327133,13,3,17-02-2019 PM 9:04:30
3,32.843,Hg-Arc,G,436,537.729,108.785,NOLSM328134,13,4,17-02-2019 PM 9:04:30
1,57.37,Hg-Arc,H,405,522.143,109.913,NOLSM329135,13,5,17-02-2019 PM 9:04:30
2,4.562,Hg-Arc,I,365,539.753,107.797,NOLSM330136,13,6,17-02-2019 PM 9:04:30
3,59.616,Hg-Arc,I,365,482.812,107.033,NOLSM331137,13,7,17-02-2019 PM 9:04:30
1,26.803,Hg-Arc,G,436,526.283,105.824,NOLSM332138,13,8,17-02-2019 PM 9:04:30
2,23.234,Hg-Arc,I,365,507.655,105.088,NOLSM333139,13,9,17-02-2019 PM 9:04:30
3,59.996,Hg-Arc,G,436,508.986,106.837,NOLSM3341310,13,10,17-02-2019 PM 9:04:30
1,54.021,Hg-Arc,G,436,492.678,110.934,NOLSM3351311,13,11,17-02-2019 PM 9:04:30
2,20.588,Hg-Arc,G,436,547.415,110.832,NOLSM3361312,13,12,17-02-2019 PM 9:04:30
3,49.682,Hg-Arc,H,405,511.504,104.978,NOLSM3371313,13,13,17-02-2019 PM 9:04:30
1,36.541,Hg-Arc,H,405,511.294,107.77,NOLSM3381314,13,14,17-02-2019 PM 9:04:30
2,33.036,Hg-Arc,G,436,515.668,109.616,NOLSM3391315,13,15,17-02-2019 PM 9:04:30
3,46.903,Hg-Arc,I,365,532.252,105.132,NOLSM3401316,13,16,17-02-2019 PM 9:04:30
1,66.532,Hg-Arc,H,405,509.393,108.43,NOLSM3411317,13,17,17-02-2019 PM 9:04:30
2,33.205,Hg-Arc,G,436,551.527,109.55,NOLSM3421318,13,18,17-02-2019 PM 9:04:30
3,42.216,Hg-Arc,I,365,512.091,108.576,NOLSM3431319,13,19,17-02-2019 PM 9:04:30
1,55.47,Hg-Arc,H,405,515.702,108.514,NOLSM3441320,13,20,17-02-2019 PM 9:04:30
3,58.434,Hg-Arc,H,405,492.517,108.301,NOLSM3451321,13,21,17-02-2019 PM 9:04:30
1,46.924,Hg-Arc,I,365,520.06,108.3,NOLSM3461322,13,22,17-02-2019 PM 9:04:30
2,43.02,Hg-Arc,I,365,498.906,109.672,NOLSM3471323,13,23,17-02-2019 PM 9:04:30
3,39.639,Hg-Arc,I,365,519.143,108.319,NOLSM3481324,13,24,17-02-2019 PM 9:04:30
1,48.829,Hg-Arc,H,405,512.364,109.219,NOLSM3491325,13,25,17-02-2019 PM 9:04:30
2,51.041,Hg-Arc,I,365,522.393,110.411,NOLSM3501326,13,26,17-02-2019 PM 9:04:30
3,49.273,Hg-Arc,H,405,508.958,108.273,NOLSM3511327,13,27,17-02-2019 PM 9:04:30
1,27.462,Hg-Arc,G,436,521.612,108.679,NOLSM352141,14,1,17-02-2019 PM 9:04:30
2,44.609,Hg-Arc,H,405,526.271,106.244,NOLSM353142,14,2,17-02-2019 PM 9:04:30
3,29.386,Hg-Arc,I,365,543.086,109.029,NOLSM354143,14,3,17-02-2019 PM 9:04:30
1,56.894,Hg-Arc,I,365,513.425,109.311,NOLSM355144,14,4,17-02-2019 PM 9:04:30
2,61.517,Hg-Arc,H,405,544.004,105.044,NOLSM356145,14,5,17-02-2019 PM 9:04:30
3,26.046,Hg-Arc,I,365,521.06,108.97,NOLSM357146,14,6,17-02-2019 PM 9:04:30
2,43.331,Hg-Arc,H,405,527.072,108.099,NOLSM358147,14,7,17-02-2019 PM 9:04:30
3,22.994,Hg-Arc,G,436,528.805,107.31,NOLSM359148,14,8,17-02-2019 PM 9:04:30
1,59.329,Hg-Arc,H,405,529.451,107.358,NOLSM360149,14,9,17-02-2019 PM 9:04:30
2,24.228,Hg-Arc,H,405,476.574,108.983,NOLSM3611410,14,10,17-02-2019 PM 9:04:30
3,53.648,Hg-Arc,H,405,527.294,106.787,NOLSM3621411,14,11,17-02-2019 PM 9:04:30
1,33.961,Hg-Arc,G,436,527.222,105.326,NOLSM3631412,14,12,17-02-2019 PM 9:04:30
2,48.94,Hg-Arc,H,405,500.856,107.066,NOLSM3641413,14,13,17-02-2019 PM 9:04:30
3,40.812,Hg-Arc,G,436,489.18,107.391,NOLSM3651414,14,14,17-02-2019 PM 9:04:30
1,38.259,Hg-Arc,G,436,539.594,106.346,NOLSM3661415,14,15,17-02-2019 PM 9:04:30
2,59.087,Hg-Arc,I,365,572.47,109.009,NOLSM3671416,14,16,17-02-2019 PM 9:04:30
3,33.691,Hg-Arc,H,405,541.227,108.846,NOLSM3681417,14,17,17-02-2019 PM 9:04:30
1,32.647,Hg-Arc,G,436,508.153,109.164,NOLSM3691418,14,18,17-02-2019 PM 9:04:30
2,56.475,Hg-Arc,H,405,479.665,106.777,NOLSM3701419,14,19,17-02-2019 PM 9:04:30
3,17.852,Hg-Arc,G,436,471.726,111.519,NOLSM3711420,14,20,17-02-2019 PM 9:04:30
1,43.094,Hg-Arc,I,365,537.083,107.613,NOLSM3721421,14,21,17-02-2019 PM 9:04:30
2,55.39,Hg-Arc,H,405,518.087,107.484,NOLSM3731422,14,22,17-02-2019 PM 9:04:30
1,33.589,Hg-Arc,G,436,525.359,106.322,NOLSM3741423,14,23,17-02-2019 PM 9:04:30
3,39.028,Hg-Arc,G,436,510.969,106.311,NOLSM3751424,14,24,17-02-2019 PM 9:04:30
1,36.623,Hg-Arc,G,436,496.314,112.069,NOLSM3761425,14,25,17-02-2019 PM 9:04:30
2,44.947,Hg-Arc,H,405,512.789,111.526,NOLSM3771426,14,26,17-02-2019 PM 9:04:30
3,50.402,Hg-Arc,I,365,529.001,107.578,NOLSM3781427,14,27,17-02-2019 PM 9:04:30
1,42.835,Hg-Arc,I,365,548.796,106.907,NOLSM379151,15,1,17-02-2019 PM 9:04:30
2,45.173,Hg-Arc,H,405,533.002,109.443,NOLSM380152,15,2,17-02-2019 PM 9:04:30
3,56.223,Hg-Arc,I,365,526.859,108.358,NOLSM381153,15,3,17-02-2019 PM 9:04:30
1,50.152,Hg-Arc,I,365,510.635,108.664,NOLSM382154,15,4,17-02-2019 PM 9:04:30
3,45.961,Hg-Arc,H,405,497.687,108.858,NOLSM383155,15,5,17-02-2019 PM 9:04:30
1,49.155,Hg-Arc,G,436,545.411,109.447,NOLSM384156,15,6,17-02-2019 PM 9:04:30
3,36.855,Hg-Arc,H,405,549.877,107.83,NOLSM385157,15,7,17-02-2019 PM 9:04:30
1,30.556,Hg-Arc,H,405,500.373,108.374,NOLSM386158,15,8,17-02-2019 PM 9:04:30
2,40.801,Hg-Arc,H,405,530.116,108.501,NOLSM387159,15,9,17-02-2019 PM 9:04:30
3,24.677,Hg-Arc,H,405,500.466,105.36,NOLSM3881510,15,10,17-02-2019 PM 9:04:30
1,29.033,Hg-Arc,G,436,492.319,108.251,NOLSM3891511,15,11,17-02-2019 PM 9:04:30
2,37.352,Hg-Arc,H,405,554.659,108.363,NOLSM3901512,15,12,17-02-2019 PM 9:04:30
3,55.804,Hg-Arc,G,436,483.726,109.701,NOLSM3911513,15,13,17-02-2019 PM 9:04:30
1,49.652,Hg-Arc,I,365,538.94,106.935,NOLSM3921514,15,14,17-02-2019 PM 9:04:30
3,45.387,Hg-Arc,H,405,540.042,107.838,NOLSM3931515,15,15,17-02-2019 PM 9:04:30
1,31.283,Hg-Arc,I,365,525.219,107.912,NOLSM3941516,15,16,17-02-2019 PM 9:04:30
2,46.514,Hg-Arc,G,436,506.17,107.899,NOLSM3951517,15,17,17-02-2019 PM 9:04:30
3,37.378,Hg-Arc,G,436,526.174,107.429,NOLSM3961518,15,18,17-02-2019 PM 9:04:30
1,33.004,Hg-Arc,H,405,514.699,109.571,NOLSM3971519,15,19,17-02-2019 PM 9:04:30
2,41.801,Hg-Arc,I,365,476.826,106.082,NOLSM3981520,15,20,17-02-2019 PM 9:04:30
3,25.265,Hg-Arc,I,365,516.324,108.213,NOLSM3991521,15,21,17-02-2019 PM 9:04:30
1,51.723,Hg-Arc,I,365,516.223,107.833,NOLSM4001522,15,22,17-02-2019 PM 9:04:30
2,45.432,Hg-Arc,H,405,494.743,107.334,NOLSM4011523,15,23,17-02-2019 PM 9:04:30
3,39.255,Hg-Arc,G,436,528.74,106.719,NOLSM4021524,15,24,17-02-2019 PM 9:04:30
1,41.238,Hg-Arc,H,405,519.44,109.177,NOLSM4031525,15,25,17-02-2019 PM 9:04:30
3,58.745,Hg-Arc,I,365,461.885,104.821,NOLSM4041526,15,26,17-02-2019 PM 9:04:30
1,30.214,Hg-Arc,G,436,491.186,109.592,NOLSM4051527,15,27,17-02-2019 PM 9:04:30
2,39.985,Hg-Arc,G,436,530.61,107.085,NOLSM406161,16,1,17-02-2019 PM 9:04:30
3,48.249,Hg-Arc,H,405,500.183,108.653,NOLSM407162,16,2,17-02-2019 PM 9:04:30
1,42.936,Hg-Arc,I,365,545.072,104.708,NOLSM408163,16,3,17-02-2019 PM 9:04:30
2,38.106,Hg-Arc,H,405,522.79,106.614,NOLSM409164,16,4,17-02-2019 PM 9:04:30
3,36.575,Hg-Arc,I,365,525.581,104.163,NOLSM410165,16,5,17-02-2019 PM 9:04:30
1,51.663,Hg-Arc,H,405,506.682,107.533,NOLSM411166,16,6,17-02-2019 PM 9:04:30
2,37.821,Hg-Arc,H,405,487.27,109.052,NOLSM412167,16,7,17-02-2019 PM 9:04:30
3,66.126,Hg-Arc,H,405,513.148,108.349,NOLSM413168,16,8,17-02-2019 PM 9:04:30
1,57.007,Hg-Arc,H,405,515.931,108.045,NOLSM414169,16,9,17-02-2019 PM 9:04:30
2,32.167,Hg-Arc,I,365,507.827,108.004,NOLSM4151610,16,10,17-02-2019 PM 9:04:30
3,46.377,Hg-Arc,H,405,548.349,108.44,NOLSM4161611,16,11,17-02-2019 PM 9:04:30
1,59.863,Hg-Arc,G,436,493.791,107.877,NOLSM4171612,16,12,17-02-2019 PM 9:04:30
2,25.889,Hg-Arc,I,365,494.437,105.993,NOLSM4181613,16,13,17-02-2019 PM 9:04:30
3,38.539,Hg-Arc,H,405,503.504,108.845,NOLSM4191614,16,14,17-02-2019 PM 9:04:30
1,51.232,Hg-Arc,H,405,493.864,107.915,NOLSM4201615,16,15,17-02-2019 PM 9:04:30
2,39.851,Hg-Arc,I,365,528.065,109.695,NOLSM4211616,16,16,17-02-2019 PM 9:04:30
1,50.826,Hg-Arc,H,405,534.358,108.793,NOLSM4221617,16,17,17-02-2019 PM 9:04:30
2,49.345,Hg-Arc,G,436,495.078,108.097,NOLSM4231618,16,18,17-02-2019 PM 9:04:30
3,35.634,Hg-Arc,I,365,564.311,111.485,NOLSM4241619,16,19,17-02-2019 PM 9:04:30
1,50.479,Hg-Arc,G,436,519.377,110.08,NOLSM4251620,16,20,17-02-2019 PM 9:04:30
3,34.859,Hg-Arc,G,436,504.217,108.15,NOLSM4261621,16,21,17-02-2019 PM 9:04:30
1,51.655,Hg-Arc,I,365,516.554,105.018,NOLSM4271622,16,22,17-02-2019 PM 9:04:30
2,36.495,Hg-Arc,G,436,509.257,107.71,NOLSM4281623,16,23,17-02-2019 PM 9:04:30
3,48.696,Hg-Arc,I,365,510.567,106.485,NOLSM4291624,16,24,17-02-2019 PM 9:04:30
1,47.593,Hg-Arc,G,436,520.056,106.538,NOLSM4301625,16,25,17-02-2019 PM 9:04:30
2,53.031,Hg-Arc,H,405,514.878,108.659,NOLSM4311626,16,26,17-02-2019 PM 9:04:30
3,34.3,Hg-Arc,G,436,513.615,107.107,NOLSM4321627,16,27,17-02-2019 PM 9:04:30
1,23.043,Hg-Arc,G,436,513.678,107.949,NOLSM433171,17,1,17-02-2019 PM 9:04:30
2,38.023,Hg-Arc,H,405,509.248,108.548,NOLSM434172,17,2,17-02-2019 PM 9:04:30
3,36.419,Hg-Arc,H,405,519.114,108.49,NOLSM435173,17,3,17-02-2019 PM 9:04:30
1,28.535,Hg-Arc,G,436,536.646,105.915,NOLSM436174,17,4,17-02-2019 PM 9:04:30
2,37.686,Hg-Arc,G,436,539.95,106.798,NOLSM437175,17,5,17-02-2019 PM 9:04:30
3,41.601,Hg-Arc,H,405,527.173,109.228,NOLSM438176,17,6,17-02-2019 PM 9:04:30
2,58.935,Hg-Arc,G,436,570.914,109.229,NOLSM439177,17,7,17-02-2019 PM 9:04:30
3,44.672,Hg-Arc,H,405,523.307,110.261,NOLSM440178,17,8,17-02-2019 PM 9:04:30
1,39.912,Hg-Arc,G,436,513.312,109.45,NOLSM441179,17,9,17-02-2019 PM 9:04:30
3,50.011,Hg-Arc,G,436,543.388,107.633,NOLSM4421710,17,10,17-02-2019 PM 9:04:30
1,48.865,Hg-Arc,H,405,530.579,108.551,NOLSM4431711,17,11,17-02-2019 PM 9:04:30
2,22.793,Hg-Arc,G,436,441.717,109.461,NOLSM4441712,17,12,17-02-2019 PM 9:04:30
3,47.065,Hg-Arc,H,405,507.012,108.97,NOLSM4451713,17,13,17-02-2019 PM 9:04:30
1,48.164,Hg-Arc,G,436,502.75,109.052,NOLSM4461714,17,14,17-02-2019 PM 9:04:30
2,17.523,Hg-Arc,H,405,513.628,107.348,NOLSM4471715,17,15,17-02-2019 PM 9:04:30
3,26.198,Hg-Arc,I,365,476.939,108.243,NOLSM4481716,17,16,17-02-2019 PM 9:04:30
1,57.004,Hg-Arc,G,436,510.869,108.924,NOLSM4491717,17,17,17-02-2019 PM 9:04:30
3,56.015,Hg-Arc,H,405,476.612,108.359,NOLSM4501718,17,18,17-02-2019 PM 9:04:30
1,22.418,Hg-Arc,I,365,503.756,105.207,NOLSM4511719,17,19,17-02-2019 PM 9:04:30
3,29.962,Hg-Arc,G,436,534.287,109.531,NOLSM4521720,17,20,17-02-2019 PM 9:04:30
1,28.301,Hg-Arc,H,405,547.91,108.014,NOLSM4531721,17,21,17-02-2019 PM 9:04:30
2,41.796,Hg-Arc,I,365,496.304,108.198,NOLSM4541722,17,22,17-02-2019 PM 9:04:30
3,48.865,Hg-Arc,G,436,495.075,107.279,NOLSM4551723,17,23,17-02-2019 PM 9:04:30
1,56.005,Hg-Arc,I,365,534.682,107.168,NOLSM4561724,17,24,17-02-2019 PM 9:04:30
3,30.795,Hg-Arc,H,405,515.659,107.437,NOLSM4571725,17,25,17-02-2019 PM 9:04:30
1,31.074,Hg-Arc,I,365,529.606,108.445,NOLSM4581726,17,26,17-02-2019 PM 9:04:30
2,37.972,Hg-Arc,G,436,486.392,108.301,NOLSM4591727,17,27,17-02-2019 PM 9:04:30
3,25.657,Hg-Arc,G,436,542.767,106.535,NOLSM460181,18,1,17-02-2019 PM 9:04:30
1,22.358,Hg-Arc,G,436,559.309,107.851,NOLSM461182,18,2,17-02-2019 PM 9:04:30
2,19.378,Hg-Arc,G,436,554.537,107.31,NOLSM462183,18,3,17-02-2019 PM 9:04:30
3,29.366,Hg-Arc,G,436,557.108,107.699,NOLSM463184,18,4,17-02-2019 PM 9:04:30
1,13.721,Hg-Arc,G,436,553.497,107.293,NOLSM464185,18,5,17-02-2019 PM 9:04:30
2,19.727,Hg-Arc,G,436,552.958,107.638,NOLSM465186,18,6,17-02-2019 PM 9:04:30
3,29.578,Hg-Arc,G,436,550.899,108.359,NOLSM466187,18,7,17-02-2019 PM 9:04:30
1,17.244,Hg-Arc,G,436,548.49,107.84,NOLSM467188,18,8,17-02-2019 PM 9:04:30
2,17.474,Hg-Arc,G,436,547.287,107.46,NOLSM468189,18,9,17-02-2019 PM 9:04:30
1,23.018,Hg-Arc,G,436,548.646,108.197,NOLSM4691810,18,10,17-02-2019 PM 9:04:30
2,24.328,Hg-Arc,G,436,555.085,108.275,NOLSM4701811,18,11,17-02-2019 PM 9:04:30
3,31.553,Hg-Arc,G,436,552.418,108.825,NOLSM4711812,18,12,17-02-2019 PM 9:04:30
1,36.742,Hg-Arc,G,436,556.431,108.883,NOLSM4721813,18,13,17-02-2019 PM 9:04:30
2,29.197,Hg-Arc,G,436,551.224,108.837,NOLSM4731814,18,14,17-02-2019 PM 9:04:30
3,36.652,Hg-Arc,G,436,556.698,109.502,NOLSM4741815,18,15,17-02-2019 PM 9:04:30
1,38,Hg-Arc,G,436,555.801,108.991,NOLSM4751816,18,16,17-02-2019 PM 9:04:30
3,31.46,Hg-Arc,G,436,550.755,108.858,NOLSM4761817,18,17,17-02-2019 PM 9:04:30
1,32.782,Hg-Arc,G,436,546.804,108.846,NOLSM4771818,18,18,17-02-2019 PM 9:04:30
2,29.906,Hg-Arc,G,436,550.457,108.913,NOLSM4781819,18,19,17-02-2019 PM 9:04:30
3,35.244,Hg-Arc,G,436,552.697,109.409,NOLSM4791820,18,20,17-02-2019 PM 9:04:30
1,39.437,Hg-Arc,G,436,546.286,109.337,NOLSM4801821,18,21,17-02-2019 PM 9:04:30
2,42.086,Hg-Arc,G,436,543.498,110.06,NOLSM4811822,18,22,17-02-2019 PM 9:04:30
3,31.482,Hg-Arc,G,436,544.819,109.031,NOLSM4821823,18,23,17-02-2019 PM 9:04:30
1,43.236,Hg-Arc,G,436,559.819,109.34,NOLSM4831824,18,24,17-02-2019 PM 9:04:30
2,35.818,Hg-Arc,G,436,560.269,109.205,NOLSM4841825,18,25,17-02-2019 PM 9:04:30
3,34.683,Hg-Arc,G,436,552.795,109.331,NOLSM4851826,18,26,17-02-2019 PM 9:04:30
1,45.552,Hg-Arc,G,436,552.984,109.671,NOLSM4861827,18,27,17-02-2019 PM 9:04:30
2,38.42,Hg-Arc,G,436,552.143,109.603,NOLSM487191,19,1,17-02-2019 PM 9:04:30
3,40.362,Hg-Arc,G,436,554.379,109.975,NOLSM488192,19,2,17-02-2019 PM 9:04:30
1,49.535,Hg-Arc,G,436,539.611,110.531,NOLSM489193,19,3,17-02-2019 PM 9:04:30
2,48.873,Hg-Arc,G,436,543.765,110.704,NOLSM490194,19,4,17-02-2019 PM 9:04:30
3,38.145,Hg-Arc,G,436,557.198,109.671,NOLSM491195,19,5,17-02-2019 PM 9:04:30
1,40.408,Hg-Arc,G,436,559.368,109.111,NOLSM492196,19,6,17-02-2019 PM 9:04:30
2,24.251,Hg-Arc,G,436,551.846,108.36,NOLSM493197,19,7,17-02-2019 PM 9:04:30
3,30.525,Hg-Arc,G,436,551.722,108.611,NOLSM494198,19,8,17-02-2019 PM 9:04:30
1,36.502,Hg-Arc,G,436,553.742,108.924,NOLSM495199,19,9,17-02-2019 PM 9:04:30
2,24.124,Hg-Arc,G,436,553.393,108.303,NOLSM4961910,19,10,17-02-2019 PM 9:04:30
3,29.507,Hg-Arc,G,436,555.049,108.042,NOLSM4971911,19,11,17-02-2019 PM 9:04:30
1,37.901,Hg-Arc,G,436,558.813,108.924,NOLSM4981912,19,12,17-02-2019 PM 9:04:30
2,34.094,Hg-Arc,G,436,554.717,109.182,NOLSM4991913,19,13,17-02-2019 PM 9:04:30
3,29.246,Hg-Arc,G,436,549.091,108.335,NOLSM5001914,19,14,17-02-2019 PM 9:04:30
1,43.378,Hg-Arc,G,436,553.48,109.471,NOLSM5011915,19,15,17-02-2019 PM 9:04:30
2,42.33,Hg-Arc,G,436,553.143,109.929,NOLSM5021916,19,16,17-02-2019 PM 9:04:30
3,38.55,Hg-Arc,G,436,555.78,109.747,NOLSM5031917,19,17,17-02-2019 PM 9:04:30
1,39.991,Hg-Arc,G,436,558.537,109.093,NOLSM5041918,19,18,17-02-2019 PM 9:04:30
2,19.408,Hg-Arc,G,436,550.221,107.745,NOLSM5051919,19,19,17-02-2019 PM 9:04:30
3,28.894,Hg-Arc,G,436,546.867,108.327,NOLSM5061920,19,20,17-02-2019 PM 9:04:30
1,39.421,Hg-Arc,G,436,553.719,109.144,NOLSM5071921,19,21,17-02-2019 PM 9:04:30
2,19.43,Hg-Arc,G,436,553.769,107.464,NOLSM5081922,19,22,17-02-2019 PM 9:04:30
3,28.585,Hg-Arc,G,436,548.822,108.066,NOLSM5091923,19,23,17-02-2019 PM 9:04:30
2,25.438,Hg-Arc,G,436,552.475,108.465,NOLSM5101924,19,24,17-02-2019 PM 9:04:30
3,32.084,Hg-Arc,G,436,544.71,109.136,NOLSM5111925,19,25,17-02-2019 PM 9:04:30
1,14.799,Hg-Arc,G,436,546.757,107.732,NOLSM5121926,19,26,17-02-2019 PM 9:04:30
2,17.83,Hg-Arc,G,436,550.156,107.203,NOLSM5131927,19,27,17-02-2019 PM 9:04:30
3,30.393,Hg-Arc,G,436,565.422,106.942,NOLSM514201,20,1,17-02-2019 PM 9:04:30
1,23.104,Hg-Arc,G,436,562.43,107.824,NOLSM515202,20,2,17-02-2019 PM 9:04:30
2,16.981,Hg-Arc,G,436,547.869,107.096,NOLSM516203,20,3,17-02-2019 PM 9:04:30
3,32.751,Hg-Arc,G,436,549.126,109.133,NOLSM517204,20,4,17-02-2019 PM 9:04:30
1,30.79,Hg-Arc,G,436,552.745,108.555,NOLSM518205,20,5,17-02-2019 PM 9:04:30
2,25.231,Hg-Arc,G,436,549.41,108.518,NOLSM519206,20,6,17-02-2019 PM 9:04:30
1,31.899,Hg-Arc,G,436,562.959,108.407,NOLSM520207,20,7,17-02-2019 PM 9:04:30
2,28.066,Hg-Arc,G,436,543.316,108.888,NOLSM521208,20,8,17-02-2019 PM 9:04:30
3,29.83,Hg-Arc,G,436,548.989,108.531,NOLSM522209,20,9,17-02-2019 PM 9:04:30
1,38.256,Hg-Arc,G,436,542.454,109.373,NOLSM5232010,20,10,17-02-2019 PM 9:04:30
2,32.194,Hg-Arc,G,436,546.144,109.183,NOLSM5242011,20,11,17-02-2019 PM 9:04:30
3,30.328,Hg-Arc,G,436,560.847,107.964,NOLSM5252012,20,12,17-02-2019 PM 9:04:30
1,37.438,Hg-Arc,G,436,551.252,109.051,NOLSM5262013,20,13,17-02-2019 PM 9:04:30
2,32.18,Hg-Arc,G,436,547.369,109.161,NOLSM5272014,20,14,17-02-2019 PM 9:04:30
3,35.603,Hg-Arc,G,436,546.557,109.587,NOLSM5282015,20,15,17-02-2019 PM 9:04:30
1,46.454,Hg-Arc,G,436,553.258,109.746,NOLSM5292016,20,16,17-02-2019 PM 9:04:30
2,34.835,Hg-Arc,G,436,547.627,109.378,NOLSM5302017,20,17,17-02-2019 PM 9:04:30
3,34.207,Hg-Arc,G,436,547.84,109.377,NOLSM5312018,20,18,17-02-2019 PM 9:04:30
1,42.31,Hg-Arc,G,436,557.006,109.311,NOLSM5322019,20,19,17-02-2019 PM 9:04:30
2,32.788,Hg-Arc,G,436,542.295,109.295,NOLSM5332020,20,20,17-02-2019 PM 9:04:30
3,36.083,Hg-Arc,G,436,543.142,109.724,NOLSM5342021,20,21,17-02-2019 PM 9:04:30
1,36.508,Hg-Arc,G,436,545.692,109.136,NOLSM5352022,20,22,17-02-2019 PM 9:04:30
2,36.34,Hg-Arc,G,436,556.01,109.347,NOLSM5362023,20,23,17-02-2019 PM 9:04:30
3,30.242,Hg-Arc,G,436,548.256,108.67,NOLSM5372024,20,24,17-02-2019 PM 9:04:30
2,33.182,Hg-Arc,G,436,548.616,109.223,NOLSM5382025,20,25,17-02-2019 PM 9:04:30
3,37.54,Hg-Arc,G,436,544.81,109.858,NOLSM5392026,20,26,17-02-2019 PM 9:04:30
1,43.585,Hg-Arc,G,436,543.356,109.779,NOLSM5402027,20,27,17-02-2019 PM 9:04:30
2,47.83,Hg-Arc,G,436,548.32,110.53,NOLSM541211,21,1,17-02-2019 PM 9:04:30
3,37.494,Hg-Arc,G,436,541.911,109.924,NOLSM542212,21,2,17-02-2019 PM 9:04:30
1,45.14,Hg-Arc,G,436,542.695,109.945,NOLSM543213,21,3,17-02-2019 PM 9:04:30
2,39.937,Hg-Arc,G,436,547.454,109.814,NOLSM544214,21,4,17-02-2019 PM 9:04:30
3,45.357,Hg-Arc,G,436,532.047,111.247,NOLSM545215,21,5,17-02-2019 PM 9:04:30
1,54.056,Hg-Arc,G,436,537.644,111.176,NOLSM546216,21,6,17-02-2019 PM 9:04:30
2,42.706,Hg-Arc,G,436,542.278,110.133,NOLSM547217,21,7,17-02-2019 PM 9:04:30
3,48.753,Hg-Arc,G,436,546.736,111.052,NOLSM548218,21,8,17-02-2019 PM 9:04:30
1,31.512,Hg-Arc,G,436,544.737,108.828,NOLSM549219,21,9,17-02-2019 PM 9:04:30
2,39.583,Hg-Arc,G,436,547.376,109.784,NOLSM5502110,21,10,17-02-2019 PM 9:04:30
3,34.607,Hg-Arc,G,436,543.418,109.532,NOLSM5512111,21,11,17-02-2019 PM 9:04:30
1,36.939,Hg-Arc,G,436,545.707,109.167,NOLSM5522112,21,12,17-02-2019 PM 9:04:30
3,32.311,Hg-Arc,G,436,542.1,109.241,NOLSM5532113,21,13,17-02-2019 PM 9:04:30
1,40.276,Hg-Arc,G,436,544.474,109.461,NOLSM5542114,21,14,17-02-2019 PM 9:04:30
2,30.716,Hg-Arc,G,436,540.64,109.151,NOLSM5552115,21,15,17-02-2019 PM 9:04:30
3,37.029,Hg-Arc,G,436,539.235,109.942,NOLSM5562116,21,16,17-02-2019 PM 9:04:30
1,30.263,Hg-Arc,G,436,554.023,108.49,NOLSM5572117,21,17,17-02-2019 PM 9:04:30
2,29.346,Hg-Arc,G,436,548.455,108.904,NOLSM5582118,21,18,17-02-2019 PM 9:04:30
3,30.558,Hg-Arc,G,436,544.367,108.869,NOLSM5592119,21,19,17-02-2019 PM 9:04:30
2,30.501,Hg-Arc,G,436,558.871,108.776,NOLSM5602120,21,20,17-02-2019 PM 9:04:30
3,31.024,Hg-Arc,G,436,552.429,108.708,NOLSM5612121,21,21,17-02-2019 PM 9:04:30
1,22.161,Hg-Arc,G,436,546.001,108.235,NOLSM5622122,21,22,17-02-2019 PM 9:04:30
2,26.662,Hg-Arc,G,436,551.305,108.609,NOLSM5632123,21,23,17-02-2019 PM 9:04:30
3,30.218,Hg-Arc,G,436,555.997,108.305,NOLSM5642124,21,24,17-02-2019 PM 9:04:30
1,31.786,Hg-Arc,G,436,551.176,108.66,NOLSM5652125,21,25,17-02-2019 PM 9:04:30
2,25.02,Hg-Arc,G,436,550.435,108.473,NOLSM5662126,21,26,17-02-2019 PM 9:04:30
3,34.196,Hg-Arc,G,436,563.401,108.962,NOLSM5672127,21,27,17-02-2019 PM 9:04:30
1,30.232,Hg-Arc,G,436,556.036,108.441,NOLSM568221,22,1,17-02-2019 PM 9:04:30
2,26.925,Hg-Arc,G,436,547.665,108.71,NOLSM569222,22,2,17-02-2019 PM 9:04:30
3,31.411,Hg-Arc,G,436,550.573,108.854,NOLSM570223,22,3,17-02-2019 PM 9:04:30
1,37.292,Hg-Arc,G,436,553.147,108.995,NOLSM571224,22,4,17-02-2019 PM 9:04:30
2,30.239,Hg-Arc,G,436,553.558,108.878,NOLSM572225,22,5,17-02-2019 PM 9:04:30
3,32.761,Hg-Arc,G,436,558.225,108.876,NOLSM573226,22,6,17-02-2019 PM 9:04:30
1,17.203,Hg-Arc,G,436,537.11,108.302,NOLSM574227,22,7,17-02-2019 PM 9:04:30
2,28.684,Hg-Arc,G,436,551.091,108.795,NOLSM575228,22,8,17-02-2019 PM 9:04:30
3,29.181,Hg-Arc,G,436,551.105,108.185,NOLSM576229,22,9,17-02-2019 PM 9:04:30
1,26.682,Hg-Arc,G,436,554.306,108.257,NOLSM5772210,22,10,17-02-2019 PM 9:04:30
2,33.873,Hg-Arc,G,436,547.305,109.303,NOLSM5782211,22,11,17-02-2019 PM 9:04:30
3,29.884,Hg-Arc,G,436,548.76,108.556,NOLSM5792212,22,12,17-02-2019 PM 9:04:30
1,19.704,Hg-Arc,G,436,552.565,107.864,NOLSM5802213,22,13,17-02-2019 PM 9:04:30
2,21.393,Hg-Arc,G,436,557.195,107.739,NOLSM5812214,22,14,17-02-2019 PM 9:04:30
3,28.17,Hg-Arc,G,436,548.946,107.813,NOLSM5822215,22,15,17-02-2019 PM 9:04:30
1,40.534,Hg-Arc,G,436,551.142,109.291,NOLSM5832216,22,16,17-02-2019 PM 9:04:30
2,25.47,Hg-Arc,G,436,548.765,108.555,NOLSM5842217,22,17,17-02-2019 PM 9:04:30
3,29.089,Hg-Arc,G,436,549.782,108.233,NOLSM5852218,22,18,17-02-2019 PM 9:04:30
1,32.562,Hg-Arc,G,436,555.955,108.597,NOLSM5862219,22,19,17-02-2019 PM 9:04:30
2,24.515,Hg-Arc,G,436,545.424,108.536,NOLSM5872220,22,20,17-02-2019 PM 9:04:30
3,31.187,Hg-Arc,G,436,565.117,108.029,NOLSM5882221,22,21,17-02-2019 PM 9:04:30
2,23.719,Hg-Arc,G,436,559.336,108.042,NOLSM5892222,22,22,17-02-2019 PM 9:04:30
3,28.795,Hg-Arc,G,436,551.584,107.943,NOLSM5902223,22,23,17-02-2019 PM 9:04:30
1,29.508,Hg-Arc,G,436,555.3,108.411,NOLSM5912224,22,24,17-02-2019 PM 9:04:30
2,25.944,Hg-Arc,G,436,559.348,108.321,NOLSM5922225,22,25,17-02-2019 PM 9:04:30
3,29.002,Hg-Arc,G,436,553.441,107.886,NOLSM5932226,22,26,17-02-2019 PM 9:04:30
1,20.288,Hg-Arc,G,436,552.481,107.906,NOLSM5942227,22,27,17-02-2019 PM 9:04:30
2,25.966,Hg-Arc,G,436,556.551,108.409,NOLSM595231,23,1,17-02-2019 PM 9:04:30
3,31.529,Hg-Arc,G,436,560.362,108.501,NOLSM596232,23,2,17-02-2019 PM 9:04:30
1,29.444,Hg-Arc,G,436,548.929,108.572,NOLSM597233,23,3,17-02-2019 PM 9:04:30
2,26.803,Hg-Arc,G,436,554.883,108.537,NOLSM598234,23,4,17-02-2019 PM 9:04:30
3,29.287,Hg-Arc,G,436,543.68,108.596,NOLSM599235,23,5,17-02-2019 PM 9:04:30
1,30.914,Hg-Arc,G,436,546.453,108.736,NOLSM600236,23,6,17-02-2019 PM 9:04:30
2,30.059,Hg-Arc,G,436,553.464,108.864,NOLSM601237,23,7,17-02-2019 PM 9:04:30
3,32.765,Hg-Arc,G,436,559.533,108.831,NOLSM602238,23,8,17-02-2019 PM 9:04:30
1,49.812,Hg-Arc,G,436,542.479,110.419,NOLSM603239,23,9,17-02-2019 PM 9:04:30
2,45.462,Hg-Arc,G,436,545.682,110.338,NOLSM6042310,23,10,17-02-2019 PM 9:04:30
3,42.44,Hg-Arc,G,436,547.698,110.332,NOLSM6052311,23,11,17-02-2019 PM 9:04:30
1,49.83,Hg-Arc,G,436,548.749,110.185,NOLSM6062312,23,12,17-02-2019 PM 9:04:30
2,45.629,Hg-Arc,G,436,557.687,110.149,NOLSM6072313,23,13,17-02-2019 PM 9:04:30
3,37.814,Hg-Arc,G,436,542.705,109.941,NOLSM6082314,23,14,17-02-2019 PM 9:04:30
1,38.76,Hg-Arc,G,436,543.717,109.367,NOLSM6092315,23,15,17-02-2019 PM 9:04:30
2,35.724,Hg-Arc,G,436,552.836,109.359,NOLSM6102316,23,16,17-02-2019 PM 9:04:30
3,34.701,Hg-Arc,G,436,550.608,109.383,NOLSM6112317,23,17,17-02-2019 PM 9:04:30
2,37.626,Hg-Arc,G,436,559.091,109.39,NOLSM6122318,23,18,17-02-2019 PM 9:04:30
3,55.04,Hg-Arc,H,405,510.691,109.307,NOLSM6132319,23,19,17-02-2019 PM 9:04:30
1,47.455,Hg-Arc,H,405,503.094,109.195,NOLSM6142320,23,20,17-02-2019 PM 9:04:30
2,48.975,Hg-Arc,H,405,516.917,109.359,NOLSM6152321,23,21,17-02-2019 PM 9:04:30
3,53.36,Hg-Arc,H,405,505.848,109.766,NOLSM6162322,23,22,17-02-2019 PM 9:04:30
1,45.079,Hg-Arc,H,405,504.537,109.778,NOLSM6172323,23,23,17-02-2019 PM 9:04:30
2,46.403,Hg-Arc,H,405,506.203,110.012,NOLSM6182324,23,24,17-02-2019 PM 9:04:30
3,55.019,Hg-Arc,H,405,507.611,110.257,NOLSM6192325,23,25,17-02-2019 PM 9:04:30
1,45.496,Hg-Arc,H,405,502.756,110.147,NOLSM6202326,23,26,17-02-2019 PM 9:04:30
2,43.429,Hg-Arc,H,405,494.07,110.168,NOLSM6212327,23,27,17-02-2019 PM 9:04:30
3,52.835,Hg-Arc,H,405,503.96,109.546,NOLSM622241,24,1,17-02-2019 PM 9:04:30
1,49.03,Hg-Arc,H,405,516.232,109.044,NOLSM623242,24,2,17-02-2019 PM 9:04:30
2,49.301,Hg-Arc,H,405,505.089,109.058,NOLSM624243,24,3,17-02-2019 PM 9:04:30
3,53.793,Hg-Arc,H,405,502.762,109.073,NOLSM625244,24,4,17-02-2019 PM 9:04:30
1,48.297,Hg-Arc,H,405,503.169,109.068,NOLSM626245,24,5,17-02-2019 PM 9:04:30
3,53.493,Hg-Arc,H,405,498.389,109.016,NOLSM627246,24,6,17-02-2019 PM 9:04:30
1,48.595,Hg-Arc,H,405,510.306,109.055,NOLSM628247,24,7,17-02-2019 PM 9:04:30
3,55.968,Hg-Arc,H,405,509.604,110.289,NOLSM629248,24,8,17-02-2019 PM 9:04:30
1,46.246,Hg-Arc,H,405,510.506,109.876,NOLSM630249,24,9,17-02-2019 PM 9:04:30
2,50.42,Hg-Arc,H,405,508.17,110.493,NOLSM6312410,24,10,17-02-2019 PM 9:04:30
3,50.833,Hg-Arc,H,405,494.681,110.65,NOLSM6322411,24,11,17-02-2019 PM 9:04:30
1,47.903,Hg-Arc,H,405,514.739,109.223,NOLSM6332412,24,12,17-02-2019 PM 9:04:30
3,54.367,Hg-Arc,H,405,508.309,109.296,NOLSM6342413,24,13,17-02-2019 PM 9:04:30
1,48.128,Hg-Arc,H,405,508.704,109.117,NOLSM6352414,24,14,17-02-2019 PM 9:04:30
2,48.257,Hg-Arc,H,405,499.89,109.157,NOLSM6362415,24,15,17-02-2019 PM 9:04:30
3,56.745,Hg-Arc,H,405,507.749,108.508,NOLSM6372416,24,16,17-02-2019 PM 9:04:30
2,47.979,Hg-Arc,H,405,501.808,109.211,NOLSM6382417,24,17,17-02-2019 PM 9:04:30
3,57.05,Hg-Arc,H,405,508.53,108.452,NOLSM6392418,24,18,17-02-2019 PM 9:04:30
1,49.564,Hg-Arc,H,405,514.864,108.944,NOLSM6402419,24,19,17-02-2019 PM 9:04:30
3,55.576,Hg-Arc,H,405,511.264,109.011,NOLSM6412420,24,20,17-02-2019 PM 9:04:30
1,48.845,Hg-Arc,H,405,513.053,109.038,NOLSM6422421,24,21,17-02-2019 PM 9:04:30
2,48.324,Hg-Arc,H,405,513.13,109.912,NOLSM6432422,24,22,17-02-2019 PM 9:04:30
3,53.728,Hg-Arc,H,405,505.909,109.309,NOLSM6442423,24,23,17-02-2019 PM 9:04:30
1,47.749,Hg-Arc,H,405,509.381,109.183,NOLSM6452424,24,24,17-02-2019 PM 9:04:30
2,50.093,Hg-Arc,H,405,512.074,109.011,NOLSM6462425,24,25,17-02-2019 PM 9:04:30
3,61.368,Hg-Arc,H,405,519.636,107.591,NOLSM6472426,24,26,17-02-2019 PM 9:04:30
1,57.386,Hg-Arc,H,405,518.219,107.789,NOLSM6482427,24,27,17-02-2019 PM 9:04:30
2,57.403,Hg-Arc,H,405,512.261,108.107,NOLSM649251,25,1,17-02-2019 PM 9:04:30
3,69.025,Hg-Arc,H,405,504.412,106.524,NOLSM650252,25,2,17-02-2019 PM 9:04:30
1,64.644,Hg-Arc,H,405,504.392,106.671,NOLSM651253,25,3,17-02-2019 PM 9:04:30
2,67.347,Hg-Arc,H,405,504.214,106.714,NOLSM652254,25,4,17-02-2019 PM 9:04:30
3,71.766,Hg-Arc,H,405,506.76,105.504,NOLSM653255,25,5,17-02-2019 PM 9:04:30
1,62.728,Hg-Arc,H,405,503.366,106.95,NOLSM654256,25,6,17-02-2019 PM 9:04:30
2,57.834,Hg-Arc,H,405,515.079,108.066,NOLSM655257,25,7,17-02-2019 PM 9:04:30
3,58.547,Hg-Arc,H,405,505.267,108.184,NOLSM656258,25,8,17-02-2019 PM 9:04:30
1,54.484,Hg-Arc,H,405,514.351,108.195,NOLSM657259,25,9,17-02-2019 PM 9:04:30
2,57.49,Hg-Arc,H,405,505.616,108.079,NOLSM6582510,25,10,17-02-2019 PM 9:04:30
3,58.063,Hg-Arc,H,405,512.695,108.272,NOLSM6592511,25,11,17-02-2019 PM 9:04:30
1,50.02,Hg-Arc,H,405,509.081,108.833,NOLSM6602512,25,12,17-02-2019 PM 9:04:30
2,48.183,Hg-Arc,H,405,514.696,109.543,NOLSM6612513,25,13,17-02-2019 PM 9:04:30
3,53.61,Hg-Arc,H,405,506.237,109.439,NOLSM6622514,25,14,17-02-2019 PM 9:04:30
1,50.972,Hg-Arc,H,405,517.785,108.759,NOLSM6632515,25,15,17-02-2019 PM 9:04:30
2,52.501,Hg-Arc,H,405,520.299,108.751,NOLSM6642516,25,16,17-02-2019 PM 9:04:30
3,59.303,Hg-Arc,H,405,521.322,108.191,NOLSM6652517,25,17,17-02-2019 PM 9:04:30
1,50.741,Hg-Arc,H,405,511.704,108.741,NOLSM6662518,25,18,17-02-2019 PM 9:04:30
2,53.886,Hg-Arc,H,405,515.112,108.533,NOLSM6672519,25,19,17-02-2019 PM 9:04:30
3,57.694,Hg-Arc,H,405,517.704,109.56,NOLSM6682520,25,20,17-02-2019 PM 9:04:30
1,49.549,Hg-Arc,H,405,506.229,108.891,NOLSM6692521,25,21,17-02-2019 PM 9:04:30
2,50.569,Hg-Arc,H,405,517.177,109.006,NOLSM6702522,25,22,17-02-2019 PM 9:04:30
3,56.486,Hg-Arc,H,405,514.541,108.966,NOLSM6712523,25,23,17-02-2019 PM 9:04:30
1,49.37,Hg-Arc,H,405,512.262,108.95,NOLSM6722524,25,24,17-02-2019 PM 9:04:30
3,56.147,Hg-Arc,H,405,513.714,109.59,NOLSM6732525,25,25,17-02-2019 PM 9:04:30
1,45.919,Hg-Arc,H,405,509.917,109.675,NOLSM6742526,25,26,17-02-2019 PM 9:04:30
3,56.018,Hg-Arc,H,405,513.127,109.679,NOLSM6752527,25,27,17-02-2019 PM 9:04:30
1,46.51,Hg-Arc,H,405,513.166,109.705,NOLSM676261,26,1,17-02-2019 PM 9:04:30
3,55.266,Hg-Arc,H,405,508.251,110.249,NOLSM677262,26,2,17-02-2019 PM 9:04:30
1,51.201,Hg-Arc,H,405,518.033,110.26,NOLSM678263,26,3,17-02-2019 PM 9:04:30
2,48.472,Hg-Arc,H,405,508.752,110.231,NOLSM679264,26,4,17-02-2019 PM 9:04:30
3,57.166,Hg-Arc,H,405,511.851,110.369,NOLSM680265,26,5,17-02-2019 PM 9:04:30
1,54.164,Hg-Arc,H,405,513.493,110.857,NOLSM681266,26,6,17-02-2019 PM 9:04:30
2,56.267,Hg-Arc,H,405,512.855,110.866,NOLSM682267,26,7,17-02-2019 PM 9:04:30
3,58.781,Hg-Arc,H,405,512.409,110.764,NOLSM683268,26,8,17-02-2019 PM 9:04:30
1,52.511,Hg-Arc,H,405,508.852,110.863,NOLSM684269,26,9,17-02-2019 PM 9:04:30
2,52.717,Hg-Arc,H,405,506.429,110.82,NOLSM6852610,26,10,17-02-2019 PM 9:04:30
3,57.235,Hg-Arc,H,405,508.916,110.701,NOLSM6862611,26,11,17-02-2019 PM 9:04:30
1,54.258,Hg-Arc,H,405,514.94,110.788,NOLSM6872612,26,12,17-02-2019 PM 9:04:30
2,56.404,Hg-Arc,H,405,515.305,110.746,NOLSM6882613,26,13,17-02-2019 PM 9:04:30
3,57.353,Hg-Arc,H,405,509.664,110.657,NOLSM6892614,26,14,17-02-2019 PM 9:04:30
1,50.005,Hg-Arc,H,405,508.186,110.568,NOLSM6902615,26,15,17-02-2019 PM 9:04:30
2,50.959,Hg-Arc,H,405,509.796,110.469,NOLSM6912616,26,16,17-02-2019 PM 9:04:30
3,59.032,Hg-Arc,H,405,516.204,110.436,NOLSM6922617,26,17,17-02-2019 PM 9:04:30
1,50.527,Hg-Arc,H,405,514.286,110.36,NOLSM6932618,26,18,17-02-2019 PM 9:04:30
2,60.929,Hg-Arc,H,405,513.875,111.466,NOLSM6942619,26,19,17-02-2019 PM 9:04:30
3,52.751,Hg-Arc,H,405,499.603,110.59,NOLSM6952620,26,20,17-02-2019 PM 9:04:30
1,48.958,Hg-Arc,H,405,507.852,110.453,NOLSM6962621,26,21,17-02-2019 PM 9:04:30
2,46.75,Hg-Arc,H,405,503.27,110.296,NOLSM6972622,26,22,17-02-2019 PM 9:04:30
3,52.937,Hg-Arc,H,405,503.04,110.208,NOLSM6982623,26,23,17-02-2019 PM 9:04:30
1,47.183,Hg-Arc,H,405,512.581,109.978,NOLSM6992624,26,24,17-02-2019 PM 9:04:30
2,46.103,Hg-Arc,H,405,505.509,109.978,NOLSM7002625,26,25,17-02-2019 PM 9:04:30
3,53.813,Hg-Arc,H,405,505.441,109.221,NOLSM7012626,26,26,17-02-2019 PM 9:04:30
1,46.438,Hg-Arc,H,405,507.155,109.398,NOLSM7022627,26,27,17-02-2019 PM 9:04:30
2,,Hg-Arc,H,405,,,NOLSM703271,27,1,17-02-2019 PM 9:04:30
3,50.69,Hg-Arc,H,405,495.893,109.608,NOLSM704272,27,2,17-02-2019 PM 9:04:30
1,45.881,Hg-Arc,H,405,501.478,110.278,NOLSM705273,27,3,17-02-2019 PM 9:04:30
2,46.634,Hg-Arc,H,405,508.483,109.768,NOLSM706274,27,4,17-02-2019 PM 9:04:30
3,58.646,Hg-Arc,H,405,507.993,108.156,NOLSM707275,27,5,17-02-2019 PM 9:04:30
1,53.889,Hg-Arc,H,405,511.276,108.262,NOLSM708276,27,6,17-02-2019 PM 9:04:30
2,58.581,Hg-Arc,H,405,506.76,107.953,NOLSM709277,27,7,17-02-2019 PM 9:04:30
3,62.855,Hg-Arc,H,405,523.396,107.284,NOLSM710278,27,8,17-02-2019 PM 9:04:30
1,60.637,Hg-Arc,H,405,516.498,107.306,NOLSM711279,27,9,17-02-2019 PM 9:04:30
2,64.86,Hg-Arc,H,405,521.642,107.241,NOLSM7122710,27,10,17-02-2019 PM 9:04:30
3,62.975,Hg-Arc,H,405,521.579,107.288,NOLSM7132711,27,11,17-02-2019 PM 9:04:30
1,60.745,Hg-Arc,H,405,521.477,107.325,NOLSM7142712,27,12,17-02-2019 PM 9:04:30
2,54.352,Hg-Arc,H,405,509.597,108.454,NOLSM7152713,27,13,17-02-2019 PM 9:04:30
3,58.799,Hg-Arc,H,405,520.005,108.315,NOLSM7162714,27,14,17-02-2019 PM 9:04:30
1,58.058,Hg-Arc,H,405,520.787,107.713,NOLSM7172715,27,15,17-02-2019 PM 9:04:30
3,60.924,Hg-Arc,H,405,521.375,107.676,NOLSM7182716,27,16,17-02-2019 PM 9:04:30
1,62.882,Hg-Arc,H,405,507.903,106.946,NOLSM7192717,27,17,17-02-2019 PM 9:04:30
2,55.138,Hg-Arc,H,405,509.286,108.361,NOLSM7202718,27,18,17-02-2019 PM 9:04:30
1,57.793,Hg-Arc,H,405,516.043,107.711,NOLSM7212719,27,19,17-02-2019 PM 9:04:30
3,60.378,Hg-Arc,H,405,520.129,107.796,NOLSM7222720,27,20,17-02-2019 PM 9:04:30
1,53.136,Hg-Arc,H,405,508.784,108.361,NOLSM7232721,27,21,17-02-2019 PM 9:04:30
2,60.551,Hg-Arc,H,405,520.598,107.767,NOLSM7242722,27,22,17-02-2019 PM 9:04:30
3,60.87,Hg-Arc,H,405,516.572,107.709,NOLSM7252723,27,23,17-02-2019 PM 9:04:30
1,56.873,Hg-Arc,H,405,505.309,107.784,NOLSM7262724,27,24,17-02-2019 PM 9:04:30
2,60.919,Hg-Arc,H,405,519.998,107.722,NOLSM7272725,27,25,17-02-2019 PM 9:04:30
3,60.877,Hg-Arc,H,405,519.03,107.689,NOLSM7282726,27,26,17-02-2019 PM 9:04:30
1,54.172,Hg-Arc,H,405,513.006,108.231,NOLSM7292727,27,27,17-02-2019 PM 9:04:30
2,52.115,Hg-Arc,H,405,518.52,108.787,NOLSM730281,28,1,17-02-2019 PM 9:04:30
3,54.149,Hg-Arc,H,405,501.252,108.945,NOLSM731282,28,2,17-02-2019 PM 9:04:30
1,55.039,Hg-Arc,H,405,505.911,108.057,NOLSM732283,28,3,17-02-2019 PM 9:04:30
2,53.721,Hg-Arc,H,405,521.053,108.59,NOLSM733284,28,4,17-02-2019 PM 9:04:30
3,57.992,Hg-Arc,H,405,518.858,108.69,NOLSM734285,28,5,17-02-2019 PM 9:04:30
1,47.802,Hg-Arc,H,405,514.913,109.247,NOLSM735286,28,6,17-02-2019 PM 9:04:30
2,48.059,Hg-Arc,H,405,510.959,109.347,NOLSM736287,28,7,17-02-2019 PM 9:04:30
3,43.899,Hg-Arc,I,365,464.994,109.971,NOLSM737288,28,8,17-02-2019 PM 9:04:30
1,54.947,Hg-Arc,I,365,478.745,109.048,NOLSM738289,28,9,17-02-2019 PM 9:04:30
2,45.406,Hg-Arc,I,365,472.416,108.769,NOLSM7392810,28,10,17-02-2019 PM 9:04:30
3,41.928,Hg-Arc,I,365,474.589,108.643,NOLSM7402811,28,11,17-02-2019 PM 9:04:30
1,48.646,Hg-Arc,I,365,473.707,108.626,NOLSM7412812,28,12,17-02-2019 PM 9:04:30
2,46.855,Hg-Arc,I,365,478.684,108.5,NOLSM7422813,28,13,17-02-2019 PM 9:04:30
3,38.535,Hg-Arc,I,365,466.091,108.45,NOLSM7432814,28,14,17-02-2019 PM 9:04:30
1,46.565,Hg-Arc,I,365,475.186,108.282,NOLSM7442815,28,15,17-02-2019 PM 9:04:30
2,39.769,Hg-Arc,I,365,467.049,108.361,NOLSM7452816,28,16,17-02-2019 PM 9:04:30
3,38.212,Hg-Arc,I,365,470.372,107.954,NOLSM7462817,28,17,17-02-2019 PM 9:04:30
1,43.699,Hg-Arc,I,365,474.855,107.961,NOLSM7472818,28,18,17-02-2019 PM 9:04:30
2,35.76,Hg-Arc,I,365,464.567,107.98,NOLSM7482819,28,19,17-02-2019 PM 9:04:30
3,40.919,Hg-Arc,I,365,479.261,107.893,NOLSM7492820,28,20,17-02-2019 PM 9:04:30
1,45.597,Hg-Arc,I,365,478.54,107.908,NOLSM7502821,28,21,17-02-2019 PM 9:04:30
2,24.261,Hg-Arc,I,365,464.043,106.186,NOLSM7512822,28,22,17-02-2019 PM 9:04:30
3,36.631,Hg-Arc,I,365,478.127,106.857,NOLSM7522823,28,23,17-02-2019 PM 9:04:30
1,30.602,Hg-Arc,I,365,466.585,106.898,NOLSM7532824,28,24,17-02-2019 PM 9:04:30
2,40.624,Hg-Arc,I,365,471.588,108.046,NOLSM7542825,28,25,17-02-2019 PM 9:04:30
3,37.584,Hg-Arc,I,365,465.359,108.265,NOLSM7552826,28,26,17-02-2019 PM 9:04:30
2,24.633,Hg-Arc,I,365,465.004,106.136,NOLSM7562827,28,27,17-02-2019 PM 9:04:30
3,35.7,Hg-Arc,I,365,474.987,106.911,NOLSM757291,29,1,17-02-2019 PM 9:04:30
1,39.348,Hg-Arc,I,365,479.437,106.964,NOLSM758292,29,2,17-02-2019 PM 9:04:30
2,30.315,Hg-Arc,I,365,464.943,107.066,NOLSM759293,29,3,17-02-2019 PM 9:04:30
3,35.121,Hg-Arc,I,365,472.991,106.953,NOLSM760294,29,4,17-02-2019 PM 9:04:30
1,33.399,Hg-Arc,I,365,476.077,106.394,NOLSM761295,29,5,17-02-2019 PM 9:04:30
2,23.047,Hg-Arc,I,365,466.954,105.637,NOLSM762296,29,6,17-02-2019 PM 9:04:30
3,29.141,Hg-Arc,I,365,470.815,105.863,NOLSM763297,29,7,17-02-2019 PM 9:04:30
1,32.198,Hg-Arc,I,365,480.696,105.669,NOLSM764298,29,8,17-02-2019 PM 9:04:30
2,20.124,Hg-Arc,I,365,469.636,104.745,NOLSM765299,29,9,17-02-2019 PM 9:04:30
3,25.046,Hg-Arc,I,365,474.479,104.604,NOLSM7662910,29,10,17-02-2019 PM 9:04:30
1,18.951,Hg-Arc,I,365,466.898,104.45,NOLSM7672911,29,11,17-02-2019 PM 9:04:30
2,17.932,Hg-Arc,I,365,467.53,104.529,NOLSM7682912,29,12,17-02-2019 PM 9:04:30
3,23.805,Hg-Arc,I,365,468.908,104.882,NOLSM7692913,29,13,17-02-2019 PM 9:04:30
1,34.443,Hg-Arc,I,365,484.872,105.558,NOLSM7702914,29,14,17-02-2019 PM 9:04:30
2,28.852,Hg-Arc,I,365,469.146,106.354,NOLSM7712915,29,15,17-02-2019 PM 9:04:30
1,29.796,Hg-Arc,I,365,473.629,106.058,NOLSM7722916,29,16,17-02-2019 PM 9:04:30
2,19.976,Hg-Arc,I,365,463.711,105.467,NOLSM7732917,29,17,17-02-2019 PM 9:04:30
3,36.248,Hg-Arc,I,365,480.324,106.577,NOLSM7742918,29,18,17-02-2019 PM 9:04:30
1,35.278,Hg-Arc,I,365,470.662,107.212,NOLSM7752919,29,19,17-02-2019 PM 9:04:30
2,42.665,Hg-Arc,I,365,484.878,107.193,NOLSM7762920,29,20,17-02-2019 PM 9:04:30
3,38.165,Hg-Arc,I,365,483.527,106.763,NOLSM7772921,29,21,17-02-2019 PM 9:04:30
1,34.689,Hg-Arc,I,365,474.257,106.786,NOLSM7782922,29,22,17-02-2019 PM 9:04:30
3,35.697,Hg-Arc,I,365,478.308,106.622,NOLSM7792923,29,23,17-02-2019 PM 9:04:30
1,39.629,Hg-Arc,I,365,486.337,106.24,NOLSM7802924,29,24,17-02-2019 PM 9:04:30
3,32.166,Hg-Arc,I,365,474.619,106.161,NOLSM7812925,29,25,17-02-2019 PM 9:04:30
1,20.921,Hg-Arc,I,365,466.058,105.087,NOLSM7822926,29,26,17-02-2019 PM 9:04:30
2,31.927,Hg-Arc,I,365,481.671,105.572,NOLSM7832927,29,27,17-02-2019 PM 9:04:30
3,33.419,Hg-Arc,I,365,478.63,106.083,NOLSM784301,30,1,17-02-2019 PM 9:04:30
1,29.806,Hg-Arc,I,365,473.637,106.059,NOLSM785302,30,2,17-02-2019 PM 9:04:30
2,24.694,Hg-Arc,I,365,474.724,105.028,NOLSM786303,30,3,17-02-2019 PM 9:04:30
3,27.774,Hg-Arc,I,365,476.321,105.053,NOLSM787304,30,4,17-02-2019 PM 9:04:30
1,23.196,Hg-Arc,I,365,474.334,104.697,NOLSM788305,30,5,17-02-2019 PM 9:04:30
2,25.474,Hg-Arc,I,365,470.978,105.589,NOLSM789306,30,6,17-02-2019 PM 9:04:30
3,32.474,Hg-Arc,I,365,482.559,105.531,NOLSM790307,30,7,17-02-2019 PM 9:04:30
1,23.28,Hg-Arc,I,365,465.642,105.675,NOLSM791308,30,8,17-02-2019 PM 9:04:30
3,26.13,Hg-Arc,I,365,472.762,105.026,NOLSM792309,30,9,17-02-2019 PM 9:04:30
1,25.252,Hg-Arc,I,365,474.542,105.109,NOLSM7933010,30,10,17-02-2019 PM 9:04:30
2,16.863,Hg-Arc,I,365,461.4,105.119,NOLSM7943011,30,11,17-02-2019 PM 9:04:30
3,33.163,Hg-Arc,I,365,478.497,106.038,NOLSM7953012,30,12,17-02-2019 PM 9:04:30
1,27.45,Hg-Arc,I,365,470.408,105.989,NOLSM7963013,30,13,17-02-2019 PM 9:04:30
2,21.918,Hg-Arc,I,365,470.267,105.03,NOLSM7973014,30,14,17-02-2019 PM 9:04:30
3,24.929,Hg-Arc,I,365,468.539,105.178,NOLSM7983015,30,15,17-02-2019 PM 9:04:30
1,23.964,Hg-Arc,I,365,476.357,104.632,NOLSM7993016,30,16,17-02-2019 PM 9:04:30
2,17.483,Hg-Arc,I,365,467.074,104.482,NOLSM8003017,30,17,17-02-2019 PM 9:04:30
3,24.19,Hg-Arc,I,365,473.322,104.514,NOLSM8013018,30,18,17-02-2019 PM 9:04:30
1,28.003,Hg-Arc,I,365,484.377,104.522,NOLSM8023019,30,19,17-02-2019 PM 9:04:30
3,32.571,Hg-Arc,I,365,471.127,106.557,NOLSM8033020,30,20,17-02-2019 PM 9:04:30
1,27.001,Hg-Arc,I,365,474.712,105.431,NOLSM8043021,30,21,17-02-2019 PM 9:04:30
2,26.405,Hg-Arc,I,365,473.305,105.487,NOLSM8053022,30,22,17-02-2019 PM 9:04:30
3,33.584,Hg-Arc,I,365,485.04,105.565,NOLSM8063023,30,23,17-02-2019 PM 9:04:30
1,27.444,Hg-Arc,I,365,474.416,105.548,NOLSM8073024,30,24,17-02-2019 PM 9:04:30
2,39.593,Hg-Arc,I,365,471.247,107.904,NOLSM8083025,30,25,17-02-2019 PM 9:04:30
3,32.371,Hg-Arc,I,365,475.791,106.102,NOLSM8093026,30,26,17-02-2019 PM 9:04:30
1,44.268,Hg-Arc,I,365,488.862,106.709,NOLSM8103027,30,27,17-02-2019 PM 9:04:30
2,26.291,Hg-Arc,I,365,462.014,106.754,NOLSM811311,31,1,17-02-2019 PM 9:04:30
3,32.655,Hg-Arc,I,365,472.663,106.438,NOLSM812312,31,2,17-02-2019 PM 9:04:30
1,28.188,Hg-Arc,I,365,467.154,106.453,NOLSM813313,31,3,17-02-2019 PM 9:04:30
2,23.753,Hg-Arc,I,365,474.423,104.887,NOLSM814314,31,4,17-02-2019 PM 9:04:30
3,34.687,Hg-Arc,I,365,477.185,106.489,NOLSM815315,31,5,17-02-2019 PM 9:04:30
1,44.577,Hg-Arc,I,365,490.555,106.568,NOLSM816316,31,6,17-02-2019 PM 9:04:30
2,31.605,Hg-Arc,I,365,476.248,106.04,NOLSM817317,31,7,17-02-2019 PM 9:04:30
3,33.561,Hg-Arc,I,365,480.39,105.961,NOLSM818318,31,8,17-02-2019 PM 9:04:30
1,25.694,Hg-Arc,I,365,472.037,105.48,NOLSM819319,31,9,17-02-2019 PM 9:04:30
2,24.79,Hg-Arc,I,365,477.727,104.72,NOLSM8203110,31,10,17-02-2019 PM 9:04:30
1,31.591,Hg-Arc,I,365,482.943,105.303,NOLSM8213111,31,11,17-02-2019 PM 9:04:30
3,33.893,Hg-Arc,I,365,493.059,104.968,NOLSM8223112,31,12,17-02-2019 PM 9:04:30
1,35.004,Hg-Arc,I,365,485.441,105.584,NOLSM8233113,31,13,17-02-2019 PM 9:04:30
2,30.954,Hg-Arc,I,365,487.383,104.941,NOLSM8243114,31,14,17-02-2019 PM 9:04:30
3,28.565,Hg-Arc,I,365,471.605,105.668,NOLSM8253115,31,15,17-02-2019 PM 9:04:30
1,27.444,Hg-Arc,I,365,479.987,104.907,NOLSM8263116,31,16,17-02-2019 PM 9:04:30
3,26.326,Hg-Arc,I,365,469.12,105.427,NOLSM8273117,31,17,17-02-2019 PM 9:04:30
1,33.115,Hg-Arc,I,365,483.223,105.528,NOLSM8283118,31,18,17-02-2019 PM 9:04:30
2,22.537,Hg-Arc,I,365,470.396,105.132,NOLSM8293119,31,19,17-02-2019 PM 9:04:30
3,27.172,Hg-Arc,I,365,473.291,105.207,NOLSM8303120,31,20,17-02-2019 PM 9:04:30
1,34.823,Hg-Arc,I,365,479.286,106.272,NOLSM8313121,31,21,17-02-2019 PM 9:04:30
2,30.776,Hg-Arc,I,365,472.217,106.328,NOLSM8323122,31,22,17-02-2019 PM 9:04:30
3,33.777,Hg-Arc,I,365,473.417,106.615,NOLSM8333123,31,23,17-02-2019 PM 9:04:30
1,48.896,Hg-Arc,I,365,482.215,108.036,NOLSM8343124,31,24,17-02-2019 PM 9:04:30
2,36.025,Hg-Arc,I,365,469.93,107.441,NOLSM8353125,31,25,17-02-2019 PM 9:04:30
3,39.751,Hg-Arc,I,365,480.764,107.419,NOLSM8363126,31,26,17-02-2019 PM 9:04:30
1,31.188,Hg-Arc,I,365,471.539,106.512,NOLSM8373127,31,27,17-02-2019 PM 9:04:30
2,31.064,Hg-Arc,I,365,469.44,106.68,NOLSM838321,32,1,17-02-2019 PM 9:04:30
3,34.809,Hg-Arc,I,365,472.467,106.929,NOLSM839322,32,2,17-02-2019 PM 9:04:30
1,38.514,Hg-Arc,I,365,470.478,107.659,NOLSM840323,32,3,17-02-2019 PM 9:04:30
2,31.605,Hg-Arc,I,365,460.719,107.748,NOLSM841324,32,4,17-02-2019 PM 9:04:30
3,34.303,Hg-Arc,I,365,472.83,106.783,NOLSM842325,32,5,17-02-2019 PM 9:04:30
1,35.4,Hg-Arc,I,365,474.027,106.916,NOLSM843326,32,6,17-02-2019 PM 9:04:30
2,31.265,Hg-Arc,I,365,472.243,106.405,NOLSM844327,32,7,17-02-2019 PM 9:04:30
3,33.199,Hg-Arc,I,365,472.83,106.541,NOLSM845328,32,8,17-02-2019 PM 9:04:30
1,35.404,Hg-Arc,I,365,477.914,106.517,NOLSM846329,32,9,17-02-2019 PM 9:04:30
2,31.011,Hg-Arc,I,365,470.446,106.56,NOLSM8473210,32,10,17-02-2019 PM 9:04:30
3,32.525,Hg-Arc,I,365,468.93,106.744,NOLSM8483211,32,11,17-02-2019 PM 9:04:30
1,28.001,Hg-Arc,I,365,469.586,106.174,NOLSM8493212,32,12,17-02-2019 PM 9:04:30
2,32.11,Hg-Arc,I,365,476.399,106.108,NOLSM8503213,32,13,17-02-2019 PM 9:04:30
3,35.822,Hg-Arc,I,365,476.997,106.765,NOLSM8513214,32,14,17-02-2019 PM 9:04:30
1,30.007,Hg-Arc,I,365,468.672,106.606,NOLSM8523215,32,15,17-02-2019 PM 9:04:30
